date,region_key,PM10_avg,PM25_avg,ws_avg,ta_avg,hm_avg,pa_avg,rn_day,month,season,dayofweek,PM25_lag1,PM25_lag7
2023-01-08,강원,89.43205574912892,54.646115906288536,0.8,-1.2,85.8,1016.4,11.394455994455992,1,4,6,61.34382871536524,29.18335343787696
2023-01-09,강원,69.48345153664303,34.11276332094176,0.9,1.6,70.1,1015.3,11.394455994455992,1,4,0,54.646115906288536,13.73625
2023-01-10,강원,41.462829736211035,21.20446096654275,0.8,-1.8,76.8,1020.0,11.394455994455992,1,4,1,34.11276332094176,15.400255754475703
2023-01-11,강원,42.86642156862745,26.674271229404308,0.8,-1.5,78.0,1017.4,11.394455994455992,1,4,2,21.20446096654275,16.121951219512194
2023-01-12,강원,44.31868131868132,26.31186868686869,0.7,-0.1,71.1,1014.7,11.394455994455992,1,4,3,26.674271229404308,27.014454664914584
2023-01-13,강원,18.62216924910608,14.104868913857677,0.6,2.6,98.5,1003.9,28.6,1,4,4,26.31186868686869,40.768944099378885
2023-01-14,강원,11.713457076566126,8.064197530864197,2.0,4.0,90.3,1006.3,2.4,1,4,5,14.104868913857677,61.34382871536524
2023-01-15,강원,7.071345029239766,5.3733681462141,1.8,0.9,93.8,1008.5,13.2,1,4,6,8.064197530864197,54.646115906288536
2023-01-16,강원,17.71461716937355,13.695989650711514,2.0,-3.7,75.3,1015.4,11.394455994455992,1,4,0,5.3733681462141,34.11276332094176
2023-01-17,강원,28.442873969375736,19.25839793281654,0.9,-5.0,79.6,1017.8,0.0,1,4,1,13.695989650711514,21.20446096654275
2023-01-18,강원,42.656734207389746,24.4309462915601,1.0,-3.8,78.6,1017.0,0.0,1,4,2,19.25839793281654,26.674271229404308
2023-01-19,강원,50.46666666666667,24.192161820480404,0.9,-4.3,82.6,1014.5,0.6,1,4,3,24.4309462915601,26.31186868686869
2023-01-20,강원,55.91145218417946,18.649432534678436,2.7,-3.7,51.4,1016.7,1.3,1,4,4,24.192161820480404,14.104868913857677
2023-01-21,강원,19.13310185185185,9.839307787391842,1.1,-8.3,64.1,1021.7,11.394455994455992,1,4,5,18.649432534678436,8.064197530864197
2023-01-22,강원,32.02893518518518,16.05766871165644,0.9,-4.4,72.5,1017.9,11.394455994455992,1,4,6,9.839307787391842,5.3733681462141
2023-01-23,강원,51.204861111111114,25.79656862745098,1.4,-1.8,62.9,1013.4,11.394455994455992,1,4,0,16.05766871165644,13.695989650711514
2023-01-24,강원,24.40740740740741,11.476485148514852,3.1,-13.5,42.1,1017.8,11.394455994455992,1,4,1,25.79656862745098,19.25839793281654
2023-01-25,강원,18.489916963226573,8.71055900621118,1.5,-13.0,49.6,1020.8,11.394455994455992,1,4,2,11.476485148514852,24.4309462915601
2023-01-26,강원,23.106666666666666,15.536213468869123,0.8,-7.6,70.5,1015.1,0.1,1,4,3,8.71055900621118,24.192161820480404
2023-01-27,강원,31.224705882352943,19.405438813349814,1.8,-8.4,61.4,1012.2,11.394455994455992,1,4,4,15.536213468869123,18.649432534678436
2023-01-28,강원,37.56597222222222,12.687732342007434,1.6,-8.3,57.6,1012.3,11.394455994455992,1,4,5,19.405438813349814,9.839307787391842
2023-01-29,강원,37.436848203939746,14.746323529411764,1.0,-6.0,77.1,1009.8,1.4,1,4,6,12.687732342007434,16.05766871165644
2023-01-30,강원,36.93870192307692,16.782553729456385,0.9,-4.3,67.6,1013.3,11.394455994455992,1,4,0,14.746323529411764,25.79656862745098
2023-01-31,강원,34.62273276904474,18.13186813186813,0.7,-3.2,71.6,1009.2,11.394455994455992,1,4,1,16.782553729456385,11.476485148514852
2023-02-01,강원,49.80522565320665,28.694915254237287,1.7,-0.8,63.0,1009.4,11.394455994455992,2,4,2,18.13186813186813,8.71055900621118
2023-02-02,강원,35.840749414519905,20.93349455864571,1.0,-3.9,60.9,1017.2,11.394455994455992,2,4,3,28.694915254237287,15.536213468869123
2023-02-03,강원,34.25233644859813,19.279661016949152,1.2,-2.5,53.0,1013.7,11.394455994455992,2,4,4,20.93349455864571,19.405438813349814
2023-02-04,강원,35.289351851851855,22.38231780167264,1.2,-3.2,60.0,1015.2,11.394455994455992,2,4,5,19.279661016949152,12.687732342007434
2023-02-05,강원,50.769675925925924,37.91204819277108,1.2,-2.1,70.3,1015.7,11.394455994455992,2,4,6,22.38231780167264,14.746323529411764
2023-02-06,강원,69.10223266745005,51.10086100861009,0.6,-1.3,77.5,1013.8,11.394455994455992,2,4,0,37.91204819277108,16.782553729456385
2023-02-07,강원,59.95438175270108,42.94,0.5,-0.5,77.4,1012.7,11.394455994455992,2,4,1,51.10086100861009,18.13186813186813
2023-02-08,강원,55.573634204275535,40.5769696969697,0.8,-0.3,67.0,1016.7,11.394455994455992,2,4,2,42.94,28.694915254237287
2023-02-09,강원,32.73159144893112,21.18062200956938,1.8,1.4,58.1,1018.7,11.394455994455992,2,4,3,40.5769696969697,20.93349455864571
2023-02-10,강원,18.631887456037514,14.279481132075471,1.1,1.9,81.6,1011.7,1.1,2,4,4,21.18062200956938,19.279661016949152
2023-02-11,강원,32.11226851851852,25.441314553990612,0.8,-0.7,86.0,1014.8,11.394455994455992,2,4,5,14.279481132075471,22.38231780167264
2023-02-12,강원,45.4577056778679,34.54556074766355,1.2,1.6,77.4,1013.4,11.394455994455992,2,4,6,25.441314553990612,37.91204819277108
2023-02-13,강원,20.893691588785046,14.523976608187134,2.2,4.4,65.0,1010.0,11.394455994455992,2,4,0,34.54556074766355,51.10086100861009
2023-02-14,강원,14.46816037735849,9.403091557669441,1.7,0.2,65.4,1014.0,11.394455994455992,2,4,1,14.523976608187134,42.94
2023-02-15,강원,14.19739952718676,8.615384615384615,2.1,0.9,56.0,1020.4,11.394455994455992,2,4,2,9.403091557669441,40.5769696969697
2023-02-16,강원,21.713085234093636,15.165259348612787,1.6,0.0,69.8,1021.0,11.394455994455992,2,4,3,8.615384615384615,21.18062200956938
2023-02-17,강원,48.8676293622142,33.86369119420989,0.9,0.8,67.8,1018.5,11.394455994455992,2,4,4,15.165259348612787,14.279481132075471
2023-02-18,강원,61.15119047619048,43.627684964200476,0.7,1.4,71.5,1011.5,11.394455994455992,2,4,5,33.86369119420989,25.441314553990612
2023-02-19,강원,41.529761904761905,31.131642512077295,2.2,3.2,50.9,1008.6,11.394455994455992,2,4,6,43.627684964200476,34.54556074766355
2023-02-20,강원,33.34363411619283,9.122524752475247,2.1,-1.0,42.0,1016.0,11.394455994455992,2,4,0,31.131642512077295,14.523976608187134
2023-02-21,강원,24.545566502463053,11.907407407407407,1.0,-2.3,47.6,1024.7,11.394455994455992,2,4,1,9.122524752475247,9.403091557669441
2023-02-22,강원,30.738151658767773,17.40521327014218,1.3,-0.1,50.3,1020.5,11.394455994455992,2,4,2,11.907407407407407,8.615384615384615
2023-02-23,강원,54.12895662368113,34.715801886792455,1.1,2.0,55.8,1014.2,11.394455994455992,2,4,3,17.40521327014218,15.165259348612787
2023-02-24,강원,54.35245901639344,35.19741480611046,1.4,1.8,54.9,1014.3,11.394455994455992,2,4,4,34.715801886792455,33.86369119420989
2023-02-25,강원,30.020881670533644,17.29500580720093,1.1,-0.3,52.3,1021.6,11.394455994455992,2,4,5,35.19741480611046,43.627684964200476
2023-02-26,강원,30.466435185185187,17.12630359212051,1.0,0.4,50.1,1026.7,11.394455994455992,2,4,6,17.29500580720093,31.131642512077295
2023-02-27,강원,35.15712545676005,21.449451887941535,1.2,2.9,49.6,1024.2,11.394455994455992,2,4,0,17.12630359212051,9.122524752475247
2023-02-28,강원,36.707228915662654,24.05428226779252,2.0,3.3,59.1,1017.5,11.394455994455992,2,4,1,21.449451887941535,11.907407407407407
2023-03-01,강원,34.773148148148145,20.540697674418606,1.9,4.1,51.5,1012.1,11.394455994455992,3,1,2,24.05428226779252,17.40521327014218
2023-03-02,강원,45.50813953488372,11.29220023282887,1.9,1.9,32.4,1016.9,11.394455994455992,3,1,3,20.540697674418606,34.715801886792455
2023-03-03,강원,49.49295774647887,20.55188679245283,1.5,2.3,60.9,1018.1,11.394455994455992,3,1,4,11.29220023282887,35.19741480611046
2023-03-04,강원,63.04976851851852,37.26162790697674,0.8,4.7,65.4,1019.6,11.394455994455992,3,1,5,20.55188679245283,17.29500580720093
2023-03-05,강원,68.01273148148148,43.012775842044135,1.2,5.5,61.6,1017.8,11.394455994455992,3,1,6,37.26162790697674,17.12630359212051
2023-03-06,강원,63.48760330578512,37.7612293144208,1.2,6.1,48.6,1013.8,11.394455994455992,3,1,0,43.012775842044135,21.449451887941535
2023-03-07,강원,74.90116279069767,40.994172494172496,1.0,8.3,57.4,1010.8,11.394455994455992,3,1,1,37.7612293144208,24.05428226779252
2023-03-08,강원,65.04617253948967,35.79197080291971,1.1,8.0,78.1,1010.1,0.8,3,1,2,40.994172494172496,20.540697674418606
2023-03-09,강원,60.75211608222491,30.150485436893202,1.4,9.0,79.3,1006.1,1.6,3,1,3,35.79197080291971,11.29220023282887
2023-03-10,강원,80.69385342789599,30.081850533807827,0.9,9.6,66.1,1010.2,11.394455994455992,3,1,4,30.150485436893202,20.55188679245283
2023-03-11,강원,70.89699074074075,33.95697674418604,1.1,12.0,52.6,1012.3,11.394455994455992,3,1,5,30.081850533807827,37.26162790697674
2023-03-12,강원,38.41114982578397,17.216056670602125,2.2,4.4,67.9,1009.3,6.9,3,1,6,33.95697674418604,43.012775842044135
2023-03-13,강원,33.88755980861244,9.739336492890995,2.4,2.7,28.9,1012.3,11.394455994455992,3,1,0,17.216056670602125,37.7612293144208
2023-03-14,강원,50.80321782178218,13.361985472154963,1.3,6.9,42.5,1008.9,11.394455994455992,3,1,1,9.739336492890995,40.994172494172496
2023-03-15,강원,37.73568818514007,13.66058394160584,1.9,7.6,62.1,1010.3,11.394455994455992,3,1,2,13.361985472154963,35.79197080291971
2023-03-16,강원,56.24580335731415,11.896510228640192,1.4,3.9,37.3,1018.6,11.394455994455992,3,1,3,13.66058394160584,30.150485436893202
2023-03-17,강원,34.62529274004684,11.596717467760843,1.0,5.8,37.4,1014.5,11.394455994455992,3,1,4,11.896510228640192,30.081850533807827
2023-03-18,강원,39.764150943396224,16.88249118683901,1.4,7.0,42.1,1009.0,11.394455994455992,3,1,5,11.596717467760843,33.95697674418604
2023-03-19,강원,63.43214285714286,33.698090692124104,1.4,6.8,50.8,1010.2,11.394455994455992,3,1,6,16.88249118683901,17.216056670602125
2023-03-20,강원,56.294610778443115,34.328947368421055,1.3,8.0,47.1,1006.5,11.394455994455992,3,1,0,33.698090692124104,9.739336492890995
2023-03-21,강원,56.036904761904765,29.495828367103694,0.9,10.4,43.3,1003.2,11.394455994455992,3,1,1,34.328947368421055,13.361985472154963
2023-03-22,강원,49.588796185935635,22.021428571428572,1.0,14.8,47.0,1000.9,11.394455994455992,3,1,2,29.495828367103694,13.66058394160584
2023-03-23,강원,43.78921568627451,18.809290953545233,1.4,16.3,53.3,997.6,11.394455994455992,3,1,3,22.021428571428572,11.896510228640192
2023-03-24,강원,93.91479289940828,19.810650887573964,2.9,10.8,60.4,1006.5,11.394455994455992,3,1,4,18.809290953545233,11.596717467760843
2023-03-25,강원,69.42129629629629,15.836710369487484,2.4,12.3,54.6,1008.8,11.394455994455992,3,1,5,19.810650887573964,16.88249118683901
2023-03-26,강원,63.88425925925926,17.784523809523808,2.0,10.3,36.3,1006.9,11.394455994455992,3,1,6,15.836710369487484,33.698090692124104
2023-03-27,강원,47.03604651162791,16.021505376344088,1.4,6.5,40.1,1012.1,11.394455994455992,3,1,0,17.784523809523808,34.328947368421055
2023-03-28,강원,68.84552845528455,30.85304659498208,1.5,7.5,49.9,1014.6,11.394455994455992,3,1,1,16.021505376344088,29.495828367103694
2023-03-29,강원,78.12018669778297,35.13221153846154,1.7,10.4,43.5,1012.9,11.394455994455992,3,1,2,30.85304659498208,22.021428571428572
2023-03-30,강원,47.488179669030735,19.67718446601942,1.5,12.0,36.9,1009.8,11.394455994455992,3,1,3,35.13221153846154,18.809290953545233
2023-03-31,강원,60.74852420306966,28.0,1.1,13.2,40.4,1008.9,11.394455994455992,3,1,4,19.67718446601942,19.810650887573964
2023-04-01,강원,52.00347222222222,26.347619047619048,1.4,15.7,38.1,1007.3,11.394455994455992,4,1,5,28.0,15.836710369487484
2023-04-02,강원,36.35198135198135,22.924460431654676,2.3,15.7,34.5,1010.8,11.394455994455992,4,1,6,26.347619047619048,17.784523809523808
2023-04-03,강원,39.966745843230406,24.645042839657282,1.5,15.5,39.3,1013.4,11.394455994455992,4,1,0,22.924460431654676,16.021505376344088
2023-04-04,강원,30.551162790697674,15.689858490566039,1.4,15.8,42.5,1010.2,2.7,4,1,1,24.645042839657282,30.85304659498208
2023-04-05,강원,13.126060606060607,8.38188494492044,2.0,12.3,90.6,1000.4,40.4,4,1,2,15.689858490566039,35.13221153846154
2023-04-06,강원,16.65573770491803,11.883610451306414,1.8,9.7,84.6,1001.2,1.0,4,1,3,8.38188494492044,19.67718446601942
2023-04-07,강원,75.70417633410673,47.54982415005862,2.2,8.4,60.1,1004.0,0.0,4,1,4,11.883610451306414,28.0
2023-04-08,강원,29.96064814814815,8.947856315179607,2.5,7.6,45.5,1008.6,11.394455994455992,4,1,5,47.54982415005862,26.347619047619048
2023-04-09,강원,43.50173812282735,12.138051044083527,2.1,9.4,50.3,1009.6,11.394455994455992,4,1,6,8.947856315179607,22.924460431654676
2023-04-10,강원,47.45316159250586,15.577060931899641,1.6,11.7,48.1,1005.6,11.394455994455992,4,1,0,12.138051044083527,24.645042839657282
2023-04-11,강원,84.03312883435582,19.950617283950617,2.2,12.2,69.0,1001.0,5.9,4,1,1,15.577060931899641,15.689858490566039
2023-04-12,강원,248.67144563918757,28.57026713124274,2.4,10.0,35.5,1007.5,11.394455994455992,4,1,2,19.950617283950617,8.38188494492044
2023-04-13,강원,191.37992831541217,31.344578313253013,1.4,10.7,42.5,1008.3,11.394455994455992,4,1,3,28.57026713124274,11.883610451306414
2023-04-14,강원,107.5950991831972,24.36042402826855,1.3,14.1,48.6,1004.1,11.394455994455992,4,1,4,31.344578313253013,47.54982415005862
2023-04-15,강원,56.009280742459396,20.73611111111111,0.9,10.8,80.3,995.8,4.6,4,1,5,24.36042402826855,8.947856315179607
2023-04-16,강원,77.1981460023175,24.20138888888889,1.5,9.5,76.3,996.6,0.5,4,1,6,20.73611111111111,12.138051044083527
2023-04-17,강원,73.46211180124223,23.079503105590064,1.3,10.5,69.9,1006.6,11.394455994455992,4,1,0,24.20138888888889,15.577060931899641
2023-04-18,강원,40.985594237695075,17.72376357056695,1.6,11.4,85.9,1003.7,8.1,4,1,1,23.079503105590064,19.950617283950617
2023-04-19,강원,27.49198520345253,11.891521197007481,1.3,17.7,60.4,1000.6,11.394455994455992,4,1,2,17.72376357056695,28.57026713124274
2023-04-20,강원,33.70544554455446,15.431226765799256,1.8,16.9,76.9,1000.7,11.394455994455992,4,1,3,11.891521197007481,31.344578313253013
2023-04-21,강원,129.45443499392468,22.509113001215066,2.2,15.7,48.1,1003.8,11.394455994455992,4,1,4,15.431226765799256,24.36042402826855
2023-04-22,강원,110.3202380952381,21.738974970202623,1.7,13.4,35.6,1011.1,11.394455994455992,4,1,5,22.509113001215066,20.73611111111111
2023-04-23,강원,66.83214285714286,16.689285714285713,1.3,13.9,42.6,1013.7,11.394455994455992,4,1,6,21.738974970202623,24.20138888888889
2023-04-24,강원,39.92512077294686,13.045893719806763,2.0,14.7,45.0,1013.6,11.394455994455992,4,1,0,16.689285714285713,23.079503105590064
2023-04-25,강원,24.458181818181817,11.91494532199271,1.1,9.0,80.0,1006.8,1.4,4,1,1,13.045893719806763,17.72376357056695
2023-04-26,강원,25.939698492462313,14.565656565656566,2.2,10.2,64.9,1004.0,1.2,4,1,2,11.91494532199271,11.891521197007481
2023-04-27,강원,28.547995139732684,15.492718446601941,1.4,11.6,59.6,1010.8,11.394455994455992,4,1,3,14.565656565656566,15.431226765799256
2023-04-28,강원,34.765567765567766,17.24523506988564,1.8,14.8,54.6,1006.8,0.0,4,1,4,15.492718446601941,22.509113001215066
2023-04-29,강원,31.774233128834357,13.702156334231805,1.9,13.3,81.4,996.9,24.8,4,1,5,17.24523506988564,21.738974970202623
2023-04-30,강원,34.925153374233126,12.923180592991914,2.7,13.4,53.6,1000.1,11.394455994455992,4,1,6,13.702156334231805,16.689285714285713
2023-05-01,강원,35.64699074074074,15.533246414602347,1.7,13.3,57.9,1007.4,11.394455994455992,5,1,0,12.923180592991914,13.045893719806763
2023-05-02,강원,28.952153110047846,12.432876712328767,1.3,14.1,54.3,1013.7,11.394455994455992,5,1,1,15.533246414602347,11.91494532199271
2023-05-03,강원,35.96076099881094,15.896598639455782,1.5,17.2,50.0,1011.5,11.394455994455992,5,1,2,12.432876712328767,14.565656565656566
2023-05-04,강원,37.48946135831382,17.515748031496063,1.0,18.6,66.6,1004.7,11.394455994455992,5,1,3,15.896598639455782,15.492718446601941
2023-05-05,강원,14.534422403733956,7.592741935483871,1.2,16.5,90.9,995.1,41.7,5,1,4,17.515748031496063,17.24523506988564
2023-05-06,강원,16.300115874855155,11.166666666666666,2.2,11.1,80.6,1001.0,30.9,5,1,5,7.592741935483871,13.702156334231805
2023-05-07,강원,31.550925925925927,22.17789757412399,2.3,11.6,56.4,1004.9,11.394455994455992,5,1,6,11.166666666666666,12.923180592991914
2023-05-08,강원,28.713085234093636,17.0387811634349,1.5,13.8,55.6,1007.3,11.394455994455992,5,1,0,22.17789757412399,15.533246414602347
2023-05-09,강원,39.61294261294261,20.388429752066116,1.6,16.3,55.3,1006.6,11.394455994455992,5,1,1,17.0387811634349,12.432876712328767
2023-05-10,강원,38.10234278668311,17.14189189189189,1.3,17.0,53.5,1007.6,11.394455994455992,5,1,2,20.388429752066116,15.896598639455782
2023-05-11,강원,36.10545905707196,16.5724043715847,2.1,18.2,54.0,1008.9,11.394455994455992,5,1,3,17.14189189189189,17.515748031496063
2023-05-12,강원,37.41341463414634,20.247326203208555,1.3,16.8,56.6,1007.5,11.394455994455992,5,1,4,16.5724043715847,7.592741935483871
2023-05-13,강원,32.208333333333336,19.036649214659686,1.4,17.1,55.1,1003.6,11.394455994455992,5,1,5,20.247326203208555,11.166666666666666
2023-05-14,강원,27.33930704898447,16.652686762778504,1.9,17.2,63.0,1000.4,0.5,5,1,6,19.036649214659686,22.17789757412399
2023-05-15,강원,32.17326732673267,18.009536784741144,1.5,18.0,62.0,999.8,11.394455994455992,5,1,0,16.652686762778504,17.0387811634349
2023-05-16,강원,54.4325,26.650618982118296,1.6,21.8,56.9,1001.4,11.394455994455992,5,1,1,18.009536784741144,20.388429752066116
2023-05-17,강원,42.25365853658536,16.257372654155496,1.9,21.9,54.1,1003.7,11.394455994455992,5,1,2,26.650618982118296,17.14189189189189
2023-05-18,강원,32.089264173703256,15.826086956521738,1.5,18.8,77.0,1002.5,0.0,5,1,3,16.257372654155496,16.5724043715847
2023-05-19,강원,19.98922155688623,10.003846153846155,2.2,19.7,64.0,1001.3,11.394455994455992,5,1,4,15.826086956521738,20.247326203208555
2023-05-20,강원,24.594202898550726,12.746192893401016,2.2,20.4,62.9,1001.0,11.394455994455992,5,1,5,10.003846153846155,19.036649214659686
2023-05-21,강원,102.47549019607843,26.088945362134687,2.8,19.7,52.1,999.7,11.394455994455992,5,1,6,12.746192893401016,16.652686762778504
2023-05-22,강원,126.76166456494326,30.009102730819247,1.8,18.5,51.9,999.4,11.394455994455992,5,1,0,26.088945362134687,18.009536784741144
2023-05-23,강원,50.03136762860728,13.696774193548388,1.6,18.0,51.0,1001.5,11.394455994455992,5,1,1,30.009102730819247,26.650618982118296
2023-05-24,강원,24.541666666666668,10.431372549019608,1.5,18.6,55.5,1005.5,11.394455994455992,5,1,2,13.696774193548388,16.257372654155496
2023-05-25,강원,29.770186335403725,13.601307189542483,1.7,20.4,48.1,1006.9,11.394455994455992,5,1,3,10.431372549019608,15.826086956521738
2023-05-26,강원,28.61846901579587,13.573623559539053,1.6,20.0,58.9,1009.1,0.3,5,1,4,13.601307189542483,10.003846153846155
2023-05-27,강원,30.380368098159508,17.15335868187579,1.0,17.5,84.0,1009.2,16.2,5,1,5,13.573623559539053,12.746192893401016
2023-05-28,강원,12.735588972431078,7.292119565217392,0.5,18.9,93.8,1003.8,21.0,5,1,6,17.15335868187579,26.088945362134687
2023-05-29,강원,13.826993865030675,6.311603650586702,1.3,23.0,72.1,1001.4,5.0,5,1,0,7.292119565217392,30.009102730819247
2023-05-30,강원,23.264411027568922,10.996088657105606,2.2,21.6,62.5,1002.0,11.394455994455992,5,1,1,6.311603650586702,13.696774193548388
2023-05-31,강원,22.83756345177665,10.461949265687583,1.8,21.0,60.3,1001.8,11.394455994455992,5,1,2,10.996088657105606,10.431372549019608
2023-06-01,강원,29.192786069651742,15.369934640522876,1.2,21.4,69.0,997.0,11.394455994455992,6,2,3,10.461949265687583,13.601307189542483
2023-06-02,강원,39.27283800243605,20.54230769230769,1.5,21.4,64.9,993.0,11.394455994455992,6,2,4,15.369934640522876,13.573623559539053
2023-06-03,강원,28.96269554753309,12.850574712643677,2.1,22.1,51.4,998.4,11.394455994455992,6,2,5,20.54230769230769,17.15335868187579
2023-06-04,강원,26.092121212121214,12.330698287220025,1.8,21.2,51.9,1001.0,11.394455994455992,6,2,6,12.850574712643677,7.292119565217392
2023-06-05,강원,30.21939393939394,14.755263157894737,2.3,20.8,57.1,1001.4,11.394455994455992,6,2,0,12.330698287220025,6.311603650586702
2023-06-06,강원,24.85608856088561,13.18586387434555,1.9,20.5,62.1,998.2,11.394455994455992,6,2,1,14.755263157894737,10.996088657105606
2023-06-07,강원,38.0374531835206,22.803212851405622,2.1,22.0,65.4,999.4,11.394455994455992,6,2,2,13.18586387434555,10.461949265687583
2023-06-08,강원,32.7673568818514,19.894668400520157,1.6,20.8,73.6,995.5,1.2,6,2,3,22.803212851405622,15.369934640522876
2023-06-09,강원,20.330864197530865,10.107448107448107,1.6,20.8,66.6,994.9,29.8,6,2,4,19.894668400520157,20.54230769230769
2023-06-10,강원,25.076463560334528,13.938372093023256,1.7,19.8,75.4,996.7,9.6,6,2,5,10.107448107448107,12.850574712643677
2023-06-11,강원,21.5079754601227,11.745475113122172,1.4,20.7,77.4,996.8,20.8,6,2,6,13.938372093023256,12.330698287220025
2023-06-12,강원,22.264367816091955,11.868171021377671,1.8,20.8,73.3,997.0,11.394455994455992,6,2,0,11.745475113122172,14.755263157894737
2023-06-13,강원,24.476552598225602,13.66871921182266,2.1,20.7,72.3,995.5,0.0,6,2,1,11.868171021377671,13.18586387434555
2023-06-14,강원,20.90954773869347,11.49056603773585,1.7,20.0,72.4,997.5,0.0,6,2,2,13.66871921182266,22.803212851405622
2023-06-15,강원,18.458488228004956,10.170610211706101,1.2,21.5,69.5,999.5,11.394455994455992,6,2,3,11.49056603773585,19.894668400520157
2023-06-16,강원,29.45321992709599,16.548661800486617,1.5,23.5,66.5,1003.6,11.394455994455992,6,2,4,10.170610211706101,10.107448107448107
2023-06-17,강원,25.063604240282686,13.372315035799522,1.5,24.0,63.4,1003.4,11.394455994455992,6,2,5,16.548661800486617,13.938372093023256
2023-06-18,강원,32.16357308584687,16.221692491060786,1.4,25.6,64.6,998.6,11.394455994455992,6,2,6,13.372315035799522,11.745475113122172
2023-06-19,강원,35.294464075382805,17.94138755980861,2.2,26.9,57.8,997.7,11.394455994455992,6,2,0,16.221692491060786,11.868171021377671
2023-06-20,강원,24.119331742243435,10.86021505376344,1.8,22.8,72.1,996.7,0.5,6,2,1,17.94138755980861,13.66871921182266
2023-06-21,강원,10.249118683901292,4.356181150550795,1.7,19.5,86.6,993.3,23.8,6,2,2,10.86021505376344,11.49056603773585
2023-06-22,강원,15.132211538461538,5.399515738498789,1.4,21.0,74.8,994.9,0.0,6,2,3,4.356181150550795,10.170610211706101
2023-06-23,강원,15.719806763285025,6.554878048780488,1.2,23.3,72.0,1001.0,11.394455994455992,6,2,4,5.399515738498789,16.548661800486617
2023-06-24,강원,14.538095238095238,6.613138686131387,1.5,25.2,66.8,1005.2,11.394455994455992,6,2,5,6.554878048780488,13.372315035799522
2023-06-25,강원,21.45357142857143,10.709134615384615,1.4,26.7,71.5,1003.1,0.1,6,2,6,6.613138686131387,16.221692491060786
2023-06-26,강원,13.391687657430731,6.69837296620776,0.9,22.4,88.8,998.0,53.8,6,2,0,10.709134615384615,17.94138755980861
2023-06-27,강원,19.66084788029925,9.075334143377885,2.2,24.7,71.3,999.1,13.7,6,2,1,6.69837296620776,10.86021505376344
2023-06-28,강원,23.49810366624526,12.30566037735849,1.7,26.1,71.4,998.5,11.394455994455992,6,2,2,9.075334143377885,4.356181150550795
2023-06-29,강원,23.419721871049305,13.14119170984456,1.0,23.1,90.9,992.8,75.4,6,2,3,12.30566037735849,5.399515738498789
2023-06-30,강원,15.373205741626794,7.594397076735688,1.6,24.9,81.5,991.7,34.5,6,2,4,13.14119170984456,6.554878048780488
2023-07-01,강원,24.48452380952381,11.098522167487685,1.7,27.4,71.9,996.6,11.394455994455992,7,2,5,7.594397076735688,6.613138686131387
2023-07-02,강원,29.03690476190476,15.458230958230958,1.3,26.5,76.6,999.7,11.394455994455992,7,2,6,11.098522167487685,10.709134615384615
2023-07-03,강원,28.97222222222222,15.54130702836005,1.5,27.5,73.6,997.0,11.394455994455992,7,2,0,15.458230958230958,6.69837296620776
2023-07-04,강원,25.061124694376527,14.54601226993865,1.6,25.7,80.4,991.4,47.1,7,2,1,15.54130702836005,9.075334143377885
2023-07-05,강원,21.107458912768646,9.372750642673521,2.7,25.1,72.9,985.5,24.7,7,2,2,14.54601226993865,12.30566037735849
2023-07-06,강원,48.28239608801956,22.58873929008568,1.7,26.2,70.0,993.0,11.394455994455992,7,2,3,9.372750642673521,13.14119170984456
2023-07-07,강원,43.05005959475566,17.416267942583733,1.5,26.0,66.6,993.7,11.394455994455992,7,2,4,22.58873929008568,7.594397076735688
2023-07-08,강원,21.86021505376344,10.156862745098039,1.3,25.0,73.9,994.0,11.394455994455992,7,2,5,17.416267942583733,11.098522167487685
2023-07-09,강원,15.108333333333333,7.253349573690621,1.1,23.5,84.0,994.6,20.0,7,2,6,10.156862745098039,15.458230958230958
2023-07-10,강원,23.885390428211586,11.517067003792668,1.4,25.8,76.8,995.3,9.5,7,2,0,7.253349573690621,15.54130702836005
2023-07-11,강원,20.35890767230169,9.930666666666667,1.0,22.5,90.1,997.4,33.1,7,2,1,11.517067003792668,14.54601226993865
2023-07-12,강원,16.671736375158428,7.087581699346405,0.8,24.8,82.1,996.9,7.2,7,2,2,9.930666666666667,9.372750642673521
2023-07-13,강원,21.81635220125786,9.452685421994884,0.8,23.8,92.3,996.0,68.0,7,2,3,7.087581699346405,22.58873929008568
2023-07-14,강원,11.368355995055625,5.105548037889039,1.4,24.3,92.1,989.2,48.1,7,2,4,9.452685421994884,17.416267942583733
2023-07-15,강원,17.14336917562724,8.060075093867335,1.3,23.9,86.5,991.9,5.6,7,2,5,5.105548037889039,10.156862745098039
2023-07-16,강원,35.02857142857143,14.94026284348865,1.3,24.3,83.0,998.6,1.2,7,2,6,8.060075093867335,7.253349573690621
2023-07-17,강원,30.036231884057973,11.747252747252746,1.0,24.7,85.9,1003.0,0.4,7,2,0,14.94026284348865,11.517067003792668
2023-07-18,강원,12.611311672683513,5.136243386243386,0.7,24.1,88.4,1002.4,3.7,7,2,1,11.747252747252746,9.930666666666667
2023-07-19,강원,18.99639855942377,9.081632653061224,1.0,26.1,74.8,998.7,11.394455994455992,7,2,2,5.136243386243386,7.087581699346405
2023-07-20,강원,35.33292831105711,19.859413202933986,1.3,26.2,78.1,1000.3,11.394455994455992,7,2,3,9.081632653061224,9.452685421994884
2023-07-21,강원,34.34691358024691,21.060718711276333,1.3,27.8,74.0,1003.4,11.394455994455992,7,2,4,19.859413202933986,5.105548037889039
2023-07-22,강원,22.44143033292232,11.717336683417086,1.6,26.9,74.3,1003.5,4.4,7,2,5,21.060718711276333,8.060075093867335
2023-07-23,강원,13.885185185185184,5.536585365853658,0.9,24.3,91.5,999.5,15.1,7,2,6,11.717336683417086,14.94026284348865
2023-07-24,강원,15.839108910891088,6.469755469755469,1.1,26.5,81.5,999.9,8.0,7,2,0,5.536585365853658,11.747252747252746
2023-07-25,강원,22.052369077306732,9.23499361430396,1.5,27.4,75.4,1003.5,0.0,7,2,1,6.469755469755469,5.136243386243386
2023-07-26,강원,12.09113924050633,4.044474393530997,1.1,26.3,80.6,1006.3,17.3,7,2,2,9.23499361430396,9.081632653061224
2023-07-27,강원,16.2275,6.325916230366492,1.3,27.7,74.9,1005.7,0.1,7,2,3,4.044474393530997,19.859413202933986
2023-07-28,강원,23.899623588456713,12.478371501272264,1.4,28.0,76.9,1005.5,11.394455994455992,7,2,4,6.325916230366492,21.060718711276333
2023-07-29,강원,31.294545454545453,18.79728059332509,1.6,27.9,75.8,1006.0,11.394455994455992,7,2,5,12.478371501272264,11.717336683417086
2023-07-30,강원,20.25889570552147,10.890840652446675,1.4,28.3,71.9,1004.6,11.394455994455992,7,2,6,18.79728059332509,5.536585365853658
2023-07-31,강원,24.166462668298653,13.484433374844334,1.4,28.5,72.8,1003.9,11.394455994455992,7,2,0,10.890840652446675,6.469755469755469
2023-08-01,강원,24.789915966386555,13.870573870573871,1.2,28.4,74.3,1002.1,11.394455994455992,8,2,1,13.484433374844334,9.23499361430396
2023-08-02,강원,28.64698795180723,16.287654320987656,1.5,28.5,74.5,999.0,11.394455994455992,8,2,2,13.870573870573871,4.044474393530997
2023-08-03,강원,22.200242718446603,11.666666666666666,1.6,27.9,72.4,997.4,11.394455994455992,8,2,3,16.287654320987656,6.325916230366492
2023-08-04,강원,21.469413233458177,10.358418367346939,1.6,28.4,73.4,995.6,11.394455994455992,8,2,4,11.666666666666666,12.478371501272264
2023-08-05,강원,20.631127450980394,10.855683269476373,1.4,28.9,71.9,992.2,11.394455994455992,8,2,5,10.358418367346939,18.79728059332509
2023-08-06,강원,17.552369077306732,8.68041237113402,1.7,28.3,76.1,990.4,11.394455994455992,8,2,6,10.855683269476373,10.890840652446675
2023-08-07,강원,10.698966408268733,3.90014064697609,2.7,28.6,68.0,992.2,11.394455994455992,8,2,0,8.68041237113402,13.484433374844334
2023-08-08,강원,7.257692307692308,2.6805755395683453,2.8,27.7,65.1,995.2,11.394455994455992,8,2,1,3.90014064697609,13.870573870573871
2023-08-09,강원,7.116308470290771,2.5677603423680457,2.4,25.5,72.3,996.8,2.9,8,2,2,2.6805755395683453,16.287654320987656
2023-08-10,강원,7.022135416666667,2.291350531107739,2.1,21.7,89.8,988.1,49.3,8,2,3,2.5677603423680457,11.666666666666666
2023-08-11,강원,14.637626262626263,5.967095851216023,1.1,22.9,88.4,991.1,8.4,8,2,4,2.291350531107739,10.358418367346939
2023-08-12,강원,19.645238095238096,8.088127294981641,1.1,24.1,82.0,995.8,3.1,8,2,5,5.967095851216023,10.855683269476373
2023-08-13,강원,24.01670644391408,10.73960880195599,0.7,25.9,79.9,996.6,0.1,8,2,6,8.088127294981641,8.68041237113402
2023-08-14,강원,24.625,11.495121951219513,1.5,27.9,68.9,997.4,11.394455994455992,8,2,0,10.73960880195599,3.90014064697609
2023-08-15,강원,14.09557945041816,5.50250626566416,1.9,27.0,68.4,996.8,11.394455994455992,8,2,1,11.495121951219513,2.6805755395683453
2023-08-16,강원,13.485819975339087,5.0895915678524375,1.7,26.7,69.3,995.4,11.394455994455992,8,2,2,5.50250626566416,2.5677603423680457
2023-08-17,강원,16.243654822335024,7.400265957446808,1.5,27.2,71.3,996.5,11.394455994455992,8,2,3,5.0895915678524375,2.291350531107739
2023-08-18,강원,18.321158690176322,8.478149100257069,1.5,28.5,72.5,998.1,11.394455994455992,8,2,4,7.400265957446808,5.967095851216023
2023-08-19,강원,17.114250614250615,8.387647831800264,1.2,28.6,74.8,1000.9,0.2,8,2,5,8.478149100257069,8.088127294981641
2023-08-20,강원,18.495662949194546,9.665354330708661,1.3,27.7,76.1,1002.4,0.0,8,2,6,8.387647831800264,10.73960880195599
2023-08-21,강원,21.004993757802747,9.781793842034807,1.6,28.3,74.4,999.0,11.394455994455992,8,2,0,9.665354330708661,11.495121951219513
2023-08-22,강원,26.996268656716417,15.559412550066755,1.8,27.6,75.5,995.6,0.1,8,2,1,9.781793842034807,5.50250626566416
2023-08-23,강원,17.948586118251928,9.042876901798063,1.3,24.5,87.9,997.6,76.8,8,2,2,15.559412550066755,5.0895915678524375
2023-08-24,강원,7.340760157273919,2.809116809116809,1.8,22.5,91.0,998.8,27.2,8,2,3,9.042876901798063,7.400265957446808
2023-08-25,강원,14.011553273427472,6.0875,1.5,25.6,77.9,998.4,1.6,8,2,4,2.809116809116809,8.478149100257069
2023-08-26,강원,23.234643734643736,10.510498687664041,1.4,24.9,76.1,1001.0,11.394455994455992,8,2,5,6.0875,8.387647831800264
2023-08-27,강원,20.332515337423313,10.002645502645503,1.7,24.2,74.3,1000.9,11.394455994455992,8,2,6,10.510498687664041,9.665354330708661
2023-08-28,강원,14.514851485148515,6.297262059973924,2.2,21.5,87.6,1000.5,5.1,8,2,0,10.002645502645503,9.781793842034807
2023-08-29,강원,15.300751879699249,6.414021164021164,1.1,22.8,90.1,997.2,28.7,8,2,1,6.297262059973924,15.559412550066755
2023-08-30,강원,12.16452442159383,4.655172413793103,0.7,21.8,88.3,1000.8,11.7,8,2,2,6.414021164021164,9.042876901798063
2023-08-31,강원,17.078780177890724,7.71484888304862,0.9,22.6,79.0,1002.2,11.394455994455992,8,2,3,4.655172413793103,2.809116809116809
2023-09-01,강원,21.12269938650307,9.949257425742575,1.3,22.7,75.0,1003.6,11.394455994455992,9,3,4,7.71484888304862,6.0875
2023-09-02,강원,24.340294840294842,12.721804511278195,1.5,22.8,76.3,1003.9,11.394455994455992,9,3,5,9.949257425742575,10.510498687664041
2023-09-03,강원,19.378676470588236,10.459143968871595,1.6,22.8,85.4,1004.7,1.2,9,3,6,12.721804511278195,10.002645502645503
2023-09-04,강원,16.83729662077597,7.478145695364239,1.2,25.5,80.1,1004.2,0.0,9,3,0,10.459143968871595,6.297262059973924
2023-09-05,강원,16.193298969072163,7.070080862533692,1.6,26.7,72.4,1003.3,11.394455994455992,9,3,1,7.478145695364239,6.414021164021164
2023-09-06,강원,17.531776913099872,7.556164383561644,2.1,25.5,69.1,1004.2,11.394455994455992,9,3,2,7.070080862533692,4.655172413793103
2023-09-07,강원,17.887767969735183,8.239304812834225,2.2,23.5,64.4,1006.9,11.394455994455992,9,3,3,7.556164383561644,7.71484888304862
2023-09-08,강원,15.017305315203956,7.0092838196286475,1.6,22.7,71.4,1004.9,11.394455994455992,9,3,4,8.239304812834225,9.949257425742575
2023-09-09,강원,17.45521472392638,8.4,1.3,23.8,75.4,1002.5,11.394455994455992,9,3,5,7.0092838196286475,12.721804511278195
2023-09-10,강원,18.171604938271606,9.68187744458931,1.2,25.0,70.5,1001.5,11.394455994455992,9,3,6,8.4,10.459143968871595
2023-09-11,강원,20.842039800995025,11.463130659767142,1.4,24.5,73.6,1000.8,11.394455994455992,9,3,0,9.68187744458931,7.478145695364239
2023-09-12,강원,28.383631713554987,15.3717277486911,1.4,23.9,72.0,1002.3,11.394455994455992,9,3,1,11.463130659767142,7.070080862533692
2023-09-13,강원,16.11819389110226,9.215877437325906,1.4,20.1,90.4,1004.3,29.2,9,3,2,15.3717277486911,7.556164383561644
2023-09-14,강원,9.028150134048257,3.7518248175182483,1.7,21.8,75.4,1005.4,11.394455994455992,9,3,3,9.215877437325906,8.239304812834225
2023-09-15,강원,10.296442687747035,4.5954088952654235,1.6,20.5,90.1,1006.2,10.5,9,3,4,3.7518248175182483,7.0092838196286475
2023-09-16,강원,9.13727959697733,3.810368349249659,0.7,22.4,90.8,1003.7,17.6,9,3,5,4.5954088952654235,8.4
2023-09-17,강원,9.994943109987357,4.448818897637795,1.0,23.8,84.3,1001.8,26.6,9,3,6,3.810368349249659,9.68187744458931
2023-09-18,강원,16.954773869346734,7.372340425531915,1.1,24.2,80.6,1003.4,0.2,9,3,0,4.448818897637795,11.463130659767142
2023-09-19,강원,29.45012787723785,16.53968253968254,1.1,22.4,82.5,1005.4,11.394455994455992,9,3,1,7.372340425531915,15.3717277486911
2023-09-20,강원,22.829427083333332,13.51156462585034,1.5,20.0,86.8,1003.6,13.9,9,3,2,16.53968253968254,9.215877437325906
2023-09-21,강원,12.028314028314028,5.033244680851064,2.1,18.9,67.8,1003.7,11.394455994455992,9,3,3,13.51156462585034,3.7518248175182483
2023-09-22,강원,14.288029925187033,6.1371280724450195,1.2,18.3,74.6,1007.7,11.394455994455992,9,3,4,5.033244680851064,4.5954088952654235
2023-09-23,강원,15.400735294117647,7.191270860077021,1.9,19.1,73.1,1012.3,11.394455994455992,9,3,5,6.1371280724450195,3.810368349249659
2023-09-24,강원,11.348039215686274,4.961538461538462,2.7,18.9,66.0,1012.5,11.394455994455992,9,3,6,7.191270860077021,4.448818897637795
2023-09-25,강원,12.316326530612244,5.190666666666667,1.7,20.3,72.9,1008.3,3.9,9,3,0,4.961538461538462,7.372340425531915
2023-09-26,강원,6.660645161290323,3.8140495867768593,1.4,19.4,92.6,1005.0,10.6,9,3,1,5.190666666666667,16.53968253968254
2023-09-27,강원,7.899618805590851,3.8586810228802153,1.3,20.5,91.4,1002.6,4.3,9,3,2,3.8140495867768593,13.51156462585034
2023-09-28,강원,30.816176470588236,16.821561338289964,1.3,21.6,78.5,1004.3,11.394455994455992,9,3,3,3.8586810228802153,5.033244680851064
2023-09-29,강원,35.2671568627451,19.853808353808354,1.3,19.2,74.5,1005.5,11.394455994455992,9,3,4,16.821561338289964,6.1371280724450195
2023-09-30,강원,24.736196319018404,13.98406862745098,1.3,17.2,84.1,1002.3,4.8,9,3,5,19.853808353808354,7.191270860077021
2023-10-01,강원,23.74264705882353,10.148466257668712,1.6,16.5,69.6,1005.6,11.394455994455992,10,3,6,13.98406862745098,4.961538461538462
2023-10-02,강원,15.281862745098039,7.342786683107275,1.1,14.9,75.4,1009.9,11.394455994455992,10,3,0,10.148466257668712,5.190666666666667
2023-10-03,강원,15.505521472392639,7.973006134969325,1.0,14.5,82.1,1009.6,11.394455994455992,10,3,1,7.342786683107275,3.8140495867768593
2023-10-04,강원,17.30423940149626,9.642052565707134,1.0,14.6,89.3,1005.4,2.9,10,3,2,7.973006134969325,3.8586810228802153
2023-10-05,강원,23.575909661229613,7.807061790668348,1.4,12.5,63.8,1007.1,11.394455994455992,10,3,3,9.642052565707134,16.821561338289964
2023-10-06,강원,17.676844783715012,7.648854961832061,0.9,12.0,74.0,1010.7,11.394455994455992,10,3,4,7.807061790668348,19.853808353808354
2023-10-07,강원,15.503676470588236,7.847290640394089,1.1,14.6,76.4,1014.2,11.394455994455992,10,3,5,7.648854961832061,13.98406862745098
2023-10-08,강원,11.814268142681426,6.102722772277228,2.1,14.8,77.0,1015.3,11.394455994455992,10,3,6,7.847290640394089,10.148466257668712
2023-10-09,강원,12.121771217712178,6.012771392081737,1.4,13.9,81.0,1011.6,6.7,10,3,0,6.102722772277228,7.342786683107275
2023-10-10,강원,16.971321695760597,9.30798969072165,1.2,15.0,75.6,1012.7,11.394455994455992,10,3,1,6.012771392081737,7.973006134969325
2023-10-11,강원,20.42625,11.205729166666666,1.1,14.1,72.6,1016.4,11.394455994455992,10,3,2,9.30798969072165,9.642052565707134
2023-10-12,강원,23.791979949874687,13.362808842652797,0.9,13.9,79.5,1015.9,11.394455994455992,10,3,3,11.205729166666666,7.807061790668348
2023-10-13,강원,26.277227722772277,15.556410256410256,0.8,15.1,80.6,1009.3,11.394455994455992,10,3,4,13.362808842652797,7.648854961832061
2023-10-14,강원,25.75985221674877,17.20128205128205,0.7,13.2,88.6,1002.0,1.6,10,3,5,15.556410256410256,7.847290640394089
2023-10-15,강원,22.346813725490197,15.213468869123252,1.2,14.2,77.1,1001.7,11.394455994455992,10,3,6,17.20128205128205,6.102722772277228
2023-10-16,강원,32.342205323193916,16.576576576576578,1.2,13.6,73.6,1005.9,11.394455994455992,10,3,0,15.213468869123252,6.012771392081737
2023-10-17,강원,30.05078125,14.533864541832669,0.8,10.9,74.6,1010.9,11.394455994455992,10,3,1,16.576576576576578,9.30798969072165
2023-10-18,강원,29.37344913151365,16.155810983397192,1.1,12.0,78.6,1010.7,11.394455994455992,10,3,2,14.533864541832669,11.205729166666666
2023-10-19,강원,32.37546468401487,20.745173745173744,0.8,14.2,89.3,1006.3,4.8,10,3,3,16.155810983397192,13.362808842652797
2023-10-20,강원,20.16892725030826,8.598214285714286,2.4,11.5,48.6,1006.9,11.394455994455992,10,3,4,20.745173745173744,15.556410256410256
2023-10-21,강원,17.18610421836228,7.285897435897436,1.3,7.6,65.8,1011.2,0.1,10,3,5,8.598214285714286,17.20128205128205
2023-10-22,강원,19.59544879898862,9.908513341804321,1.1,9.2,73.8,1014.1,11.394455994455992,10,3,6,7.285897435897436,15.213468869123252
2023-10-23,강원,31.232432432432432,17.80081300813008,0.7,11.9,81.6,1013.9,11.394455994455992,10,3,0,9.908513341804321,16.576576576576578
2023-10-24,강원,32.67341040462428,21.50793650793651,1.0,12.6,81.6,1011.5,11.394455994455992,10,3,1,17.80081300813008,14.533864541832669
2023-10-25,강원,34.21903520208605,22.133155792276963,0.9,14.1,81.3,1009.3,11.394455994455992,10,3,2,21.50793650793651,16.155810983397192
2023-10-26,강원,41.41432225063939,28.03566710700132,0.9,12.7,91.5,1006.3,11.9,10,3,3,22.133155792276963,20.745173745173744
2023-10-27,강원,17.62288686605982,9.574525745257452,1.1,12.6,79.5,1006.1,0.2,10,3,4,28.03566710700132,8.598214285714286
2023-10-28,강원,22.30674846625767,12.157160963244614,0.8,10.1,86.1,1010.4,11.394455994455992,10,3,5,9.574525745257452,7.285897435897436
2023-10-29,강원,21.84049079754601,11.916349809885931,0.8,10.7,80.9,1013.3,11.394455994455992,10,3,6,12.157160963244614,9.908513341804321
2023-10-30,강원,31.24103831891224,17.261479591836736,0.7,10.8,83.6,1013.9,11.394455994455992,10,3,0,11.916349809885931,17.80081300813008
2023-10-31,강원,42.6883604505632,26.040051679586565,0.8,12.9,79.1,1013.0,11.394455994455992,10,3,1,17.261479591836736,21.50793650793651
2023-11-01,강원,49.344783715012724,30.33416458852868,0.5,14.4,89.8,1008.9,0.1,11,3,2,26.040051679586565,22.133155792276963
2023-11-02,강원,44.08430609597925,24.5525641025641,1.3,18.3,65.1,1007.1,11.394455994455992,11,3,3,30.33416458852868,28.03566710700132
2023-11-03,강원,30.544529262086513,15.733674775928296,1.6,17.0,76.5,1006.2,8.1,11,3,4,24.5525641025641,9.574525745257452
2023-11-04,강원,22.545569620253165,11.60941475826972,2.5,15.8,73.9,1012.8,11.394455994455992,11,3,5,15.733674775928296,12.157160963244614
2023-11-05,강원,13.084702907711756,7.506426735218509,1.7,15.6,86.6,1008.6,9.5,11,3,6,11.60941475826972,11.916349809885931
2023-11-06,강원,16.65974025974026,7.396694214876033,4.1,14.1,74.1,996.1,54.4,11,3,0,7.506426735218509,17.261479591836736
2023-11-07,강원,15.70657894736842,7.350344827586207,2.9,5.6,58.3,1011.5,11.394455994455992,11,3,1,7.396694214876033,26.040051679586565
2023-11-08,강원,19.211229946524064,9.952712100139083,0.7,5.8,71.0,1014.1,11.394455994455992,11,3,2,7.350344827586207,30.33416458852868
2023-11-09,강원,23.682397959183675,13.135616438356164,0.6,8.5,83.9,1011.0,3.8,11,3,3,9.952712100139083,24.5525641025641
2023-11-10,강원,20.610978520286395,11.160621761658032,1.7,5.6,49.9,1015.4,11.394455994455992,11,3,4,13.135616438356164,15.733674775928296
2023-11-11,강원,17.008333333333333,9.51900393184797,1.0,1.0,60.9,1019.0,11.394455994455992,11,3,5,11.160621761658032,11.60941475826972
2023-11-12,강원,18.299165673420738,11.476439790575917,0.8,-0.3,62.1,1017.8,11.394455994455992,11,3,6,9.51900393184797,7.506426735218509
2023-11-13,강원,21.541003671970625,12.780132450331125,1.1,0.6,60.4,1018.3,11.394455994455992,11,3,0,11.476439790575917,7.396694214876033
2023-11-14,강원,21.329145728643216,12.818304172274562,0.7,2.1,67.0,1017.6,11.394455994455992,11,3,1,12.780132450331125,7.350344827586207
2023-11-15,강원,30.008739076154807,20.254980079681275,0.7,3.8,74.8,1018.9,11.394455994455992,11,3,2,12.818304172274562,9.952712100139083
2023-11-16,강원,38.37578027465668,28.802325581395348,0.7,3.7,91.0,1010.8,5.6,11,3,3,20.254980079681275,13.135616438356164
2023-11-17,강원,19.50924784217016,11.263959390862944,2.4,2.2,53.6,1003.6,11.394455994455992,11,3,4,28.802325581395348,11.160621761658032
2023-11-18,강원,21.37857142857143,12.602484472049689,2.2,0.0,52.8,1007.9,11.394455994455992,11,3,5,11.263959390862944,9.51900393184797
2023-11-19,강원,38.864285714285714,22.49320148331273,0.8,2.6,78.4,1008.0,11.394455994455992,11,3,6,12.602484472049689,11.476439790575917
2023-11-20,강원,31.538268506900877,18.673521850899743,0.7,3.3,71.5,1014.3,11.394455994455992,11,3,0,22.49320148331273,12.780132450331125
2023-11-21,강원,26.484732824427482,16.133868808567605,0.5,3.4,72.4,1013.2,11.394455994455992,11,3,1,18.673521850899743,12.818304172274562
2023-11-22,강원,33.4312736443884,21.938088829071333,0.7,6.2,66.0,1008.2,11.394455994455992,11,3,2,16.133868808567605,20.254980079681275
2023-11-23,강원,60.12303664921466,32.31563845050215,2.4,8.9,66.3,1003.6,0.6,11,3,3,21.938088829071333,28.802325581395348
2023-11-24,강원,15.683937823834198,8.991549295774648,2.9,-0.7,42.6,1018.1,11.394455994455992,11,3,4,32.31563845050215,11.263959390862944
2023-11-25,강원,18.01547619047619,10.144132653061224,0.8,-2.6,52.3,1023.1,11.394455994455992,11,3,5,8.991549295774648,12.602484472049689
2023-11-26,강원,22.061904761904763,13.981179422835634,0.7,2.2,45.6,1015.9,11.394455994455992,11,3,6,10.144132653061224,22.49320148331273
2023-11-27,강원,26.42105263157895,18.16412213740458,1.1,3.9,86.1,1005.1,4.1,11,3,0,13.981179422835634,18.673521850899743
2023-11-28,강원,27.180572851805728,16.375331564986737,3.0,2.2,45.0,1011.0,11.394455994455992,11,3,1,18.16412213740458,16.133868808567605
2023-11-29,강원,17.316185696361355,9.974700399467377,1.8,-2.2,62.6,1015.6,11.394455994455992,11,3,2,16.375331564986737,21.938088829071333
2023-11-30,강원,17.938106796116504,8.97977243994943,1.9,-4.7,47.1,1018.7,11.394455994455992,11,3,3,9.974700399467377,32.31563845050215
2023-12-01,강원,19.62469437652812,10.775818639798489,1.1,-4.8,60.5,1016.7,11.394455994455992,12,4,4,8.97977243994943,8.991549295774648
2023-12-02,강원,26.776190476190475,16.29,1.3,-0.8,65.4,1015.5,11.394455994455992,12,4,5,10.775818639798489,10.144132653061224
2023-12-03,강원,27.795238095238094,17.855,0.8,-0.7,60.4,1017.0,11.394455994455992,12,4,6,16.29,13.981179422835634
2023-12-04,강원,29.237575757575758,18.900126422250317,0.6,-0.7,71.8,1013.4,11.394455994455992,12,4,0,17.855,18.16412213740458
2023-12-05,강원,33.08030112923463,21.41897233201581,0.5,2.1,74.8,1009.1,11.394455994455992,12,4,1,18.900126422250317,16.375331564986737
2023-12-06,강원,46.24202127659574,33.154178674351584,0.7,2.0,89.8,1001.4,6.7,12,4,2,21.41897233201581,9.974700399467377
2023-12-07,강원,69.82541720154043,21.59889349930844,1.8,4.6,58.8,1005.3,11.394455994455992,12,4,3,33.154178674351584,8.97977243994943
2023-12-08,강원,77.06309523809524,24.853535353535353,1.2,8.8,72.3,1004.7,11.394455994455992,12,4,4,21.59889349930844,10.775818639798489
2023-12-09,강원,72.3849821215733,35.10227272727273,1.6,12.8,72.1,1008.5,11.394455994455992,12,4,5,24.853535353535353,16.29
2023-12-10,강원,51.6,26.086294416243653,2.2,9.7,75.3,1014.8,11.394455994455992,12,4,6,35.10227272727273,17.855
2023-12-11,강원,8.525657071339173,4.312849162011173,2.7,7.2,80.4,1011.7,14.4,12,4,0,26.086294416243653,18.900126422250317
2023-12-12,강원,6.5732984293193715,3.9684361549497846,2.5,3.5,77.4,1013.4,11.394455994455992,12,4,1,4.312849162011173,21.41897233201581
2023-12-13,강원,12.782216494845361,6.908122503328895,1.2,4.2,80.9,1019.8,11.394455994455992,12,4,2,3.9684361549497846,33.154178674351584
2023-12-14,강원,11.170894526034713,7.07190412782956,2.5,5.5,86.9,1016.1,17.1,12,4,3,6.908122503328895,21.59889349930844
2023-12-15,강원,4.393900889453621,3.2300531914893615,2.1,3.3,87.4,1005.6,36.7,12,4,4,7.07190412782956,24.853535353535353
2023-12-16,강원,15.041769041769042,7.157303370786517,3.8,-3.3,61.0,1010.9,0.9,12,4,5,3.2300531914893615,35.10227272727273
2023-12-17,강원,12.21078431372549,7.0648379052369075,2.4,-9.6,43.3,1023.7,11.394455994455992,12,4,6,7.157303370786517,26.086294416243653
2023-12-18,강원,12.48,7.035623409669212,1.2,-8.7,61.3,1025.5,11.394455994455992,12,4,0,7.0648379052369075,4.312849162011173
2023-12-19,강원,17.08502538071066,10.454545454545455,1.2,-4.5,68.1,1019.5,11.394455994455992,12,4,1,7.035623409669212,3.9684361549497846
2023-12-20,강원,37.09439124487004,24.113128491620113,2.5,-6.4,55.4,1016.6,0.1,12,4,2,10.454545454545455,6.908122503328895
2023-12-21,강원,16.176706827309236,10.375354107648725,2.4,-10.9,45.1,1019.8,11.394455994455992,12,4,3,24.113128491620113,7.07190412782956
2023-12-22,강원,17.667091836734695,10.605781865965834,1.9,-11.6,48.3,1026.0,11.394455994455992,12,4,4,10.375354107648725,3.2300531914893615
2023-12-23,강원,19.812189054726367,13.061842105263159,0.7,-9.6,64.3,1027.6,11.394455994455992,12,4,5,10.605781865965834,7.157303370786517
2023-12-24,강원,20.13357843137255,15.739690721649485,0.9,-5.4,72.9,1021.8,11.394455994455992,12,4,6,13.061842105263159,7.0648379052369075
2023-12-25,강원,32.41789215686274,26.306068601583114,0.7,-3.1,84.9,1019.1,0.7,12,4,0,15.739690721649485,7.035623409669212
2023-12-26,강원,36.07625,26.210663198959686,1.2,-0.8,78.4,1019.7,11.394455994455992,12,4,1,26.306068601583114,10.454545454545455
2023-12-27,강원,45.90012642225032,33.106770833333336,0.6,-2.1,84.6,1022.0,11.394455994455992,12,4,2,26.210663198959686,24.113128491620113
2023-12-28,강원,45.774436090225564,33.62549277266754,0.4,-2.4,81.4,1019.5,11.394455994455992,12,4,3,33.106770833333336,10.375354107648725
2023-12-29,강원,43.473417721518985,32.094928478543565,0.5,-2.6,79.8,1018.3,11.394455994455992,12,4,4,33.62549277266754,10.605781865965834
2023-12-30,강원,47.96078431372549,39.104651162790695,0.4,-2.0,92.9,1010.0,9.9,12,4,5,32.094928478543565,13.061842105263159
2023-12-31,강원,21.201970443349754,17.689567430025445,0.4,1.7,91.6,1008.7,5.3,12,4,6,39.104651162790695,15.739690721649485
2024-10-01,강원,15.956140350877194,7.321718931475029,1.3,16.8,79.6,1002.4,1.0,10,3,1,17.689567430025445,26.306068601583114
2024-10-02,강원,16.02869757174393,7.113317757009346,1.2,12.6,67.1,1009.9,11.394455994455992,10,3,2,7.321718931475029,26.210663198959686
2024-10-03,강원,13.663007683863885,6.476744186046512,1.8,14.3,71.3,1014.0,11.394455994455992,10,3,3,7.113317757009346,33.106770833333336
2024-10-04,강원,13.96509009009009,6.355658198614319,0.9,14.7,71.4,1015.5,11.394455994455992,10,3,4,6.476744186046512,33.62549277266754
2024-10-05,강원,15.170542635658915,6.9504950495049505,1.0,14.6,74.6,1014.9,11.394455994455992,10,3,5,6.355658198614319,32.094928478543565
2024-10-06,강원,15.765765765765765,7.508810572687224,0.6,13.4,85.5,1012.5,0.0,10,3,6,6.9504950495049505,39.104651162790695
2024-10-07,강원,21.896907216494846,11.46711259754738,0.7,15.7,80.6,1008.7,11.394455994455992,10,3,0,7.508810572687224,17.689567430025445
2024-10-08,강원,19.78281068524971,10.788876276958002,2.0,16.0,79.3,1008.9,11.394455994455992,10,3,1,11.46711259754738,7.321718931475029
2024-10-09,강원,17.468354430379748,7.746067415730337,1.5,16.0,75.8,1008.2,11.394455994455992,10,3,2,10.788876276958002,7.113317757009346
2024-10-10,강원,17.350694444444443,8.389908256880734,1.3,15.9,77.8,1006.9,11.394455994455992,10,3,3,7.746067415730337,6.476744186046512
2024-10-11,강원,22.19217877094972,12.014557670772676,1.0,15.9,82.3,1009.8,11.394455994455992,10,3,4,8.389908256880734,6.355658198614319
2024-10-12,강원,30.601973684210527,18.340285400658615,1.1,15.4,81.1,1014.6,11.394455994455992,10,3,5,12.014557670772676,6.9504950495049505
2024-10-13,강원,24.73574561403509,13.614285714285714,1.0,16.1,81.8,1015.2,11.394455994455992,10,3,6,18.340285400658615,7.508810572687224
2024-10-14,강원,20.051078320090806,8.99322033898305,0.6,16.5,86.3,1011.2,0.0,10,3,0,13.614285714285714,11.46711259754738
2024-10-15,강원,18.692563817980023,9.315265486725664,0.4,17.1,88.9,1009.1,0.4,10,3,1,8.99322033898305,10.788876276958002
2024-10-16,강원,28.588098016336055,13.242707117852975,1.1,17.2,75.0,1013.8,11.394455994455992,10,3,2,9.315265486725664,7.746067415730337
2024-10-17,강원,28.05821917808219,13.219178082191782,0.8,15.4,78.5,1013.9,11.394455994455992,10,3,3,13.242707117852975,8.389908256880734
2024-10-18,강원,22.226769911504423,11.158888888888889,1.3,15.2,91.4,1006.1,33.3,10,3,4,13.219178082191782,12.014557670772676
2024-10-19,강원,12.198682766190998,4.935412026726058,2.9,15.0,75.3,1011.5,0.5,10,3,5,11.158888888888889,18.340285400658615
2024-10-20,강원,18.146929824561404,6.089108910891089,2.3,10.9,62.4,1022.9,11.394455994455992,10,3,6,4.935412026726058,13.614285714285714
2024-10-21,강원,17.56243093922652,6.439377085650723,1.2,11.9,79.3,1016.4,11.394455994455992,10,3,0,6.089108910891089,8.99322033898305
2024-10-22,강원,11.694570135746606,5.6069767441860465,0.8,14.0,92.5,1006.2,29.0,10,3,1,6.439377085650723,9.315265486725664
2024-10-23,강원,14.913892078071182,6.830034924330617,2.7,12.1,76.1,1006.1,0.7,10,3,2,5.6069767441860465,13.242707117852975
2024-10-24,강원,19.836046511627906,10.354988399071926,0.8,10.6,79.6,1014.0,11.394455994455992,10,3,3,6.830034924330617,13.219178082191782
2024-10-25,강원,21.028184892897407,9.623728813559323,0.9,13.1,75.9,1016.8,11.394455994455992,10,3,4,10.354988399071926,11.158888888888889
2024-10-26,강원,20.38131868131868,9.179120879120878,1.0,15.2,77.1,1012.4,11.394455994455992,10,3,5,9.623728813559323,4.935412026726058
2024-10-27,강원,20.589912280701753,10.713186813186812,0.6,14.3,85.9,1005.4,11.394455994455992,10,3,6,9.179120879120878,6.089108910891089
2024-10-28,강원,22.440489432703004,12.600223964165734,2.1,14.3,77.6,1007.4,11.394455994455992,10,3,0,10.713186813186812,6.439377085650723
2024-10-29,강원,16.615473441108545,6.9105691056910565,0.8,13.5,73.5,1010.4,0.0,10,3,1,12.600223964165734,5.6069767441860465
2024-10-30,강원,25.03103448275862,12.479214780600461,0.7,13.2,74.3,1013.7,11.394455994455992,10,3,2,6.9105691056910565,6.830034924330617
2024-10-31,강원,27.592427616926503,14.353467561521253,0.7,12.4,75.8,1014.9,11.394455994455992,10,3,3,12.479214780600461,10.354988399071926
2024-11-01,강원,28.960526315789473,15.235423542354235,0.6,12.2,84.5,1011.2,11.394455994455992,11,3,4,14.353467561521253,9.623728813559323
2024-11-02,강원,30.39517014270033,15.375411635565312,1.5,15.3,72.8,1010.1,11.394455994455992,11,3,5,15.235423542354235,9.179120879120878
2024-11-03,강원,25.62280701754386,13.44994499449945,0.9,14.5,76.6,1012.9,0.0,11,3,6,15.375411635565312,10.713186813186812
2024-11-04,강원,26.168161434977577,13.83108108108108,1.7,13.9,67.5,1010.8,2.3,11,3,0,13.44994499449945,12.600223964165734
2024-11-05,강원,19.370581527936146,9.202780996523755,1.0,9.4,64.8,1012.5,11.394455994455992,11,3,1,13.83108108108108,6.9105691056910565
2024-11-06,강원,23.042007001166862,10.716470588235294,1.0,5.3,57.6,1017.0,11.394455994455992,11,3,2,9.202780996523755,12.479214780600461
2024-11-07,강원,23.858620689655172,11.920710059171597,0.6,5.1,65.9,1021.3,11.394455994455992,11,3,3,10.716470588235294,14.353467561521253
2024-11-08,강원,24.367144432194046,12.64090909090909,0.8,7.2,69.4,1019.9,11.394455994455992,11,3,4,11.920710059171597,15.235423542354235
2024-11-09,강원,24.593201754385966,13.219594594594595,0.6,9.3,71.1,1018.3,11.394455994455992,11,3,5,12.64090909090909,15.375411635565312
2024-11-10,강원,20.125,10.404761904761905,0.6,10.3,77.3,1013.7,11.394455994455992,11,3,6,13.219594594594595,13.44994499449945
2024-11-11,강원,27.431767337807607,13.387096774193548,0.6,11.2,77.3,1011.2,11.394455994455992,11,3,0,10.404761904761905,13.83108108108108
2024-11-12,강원,33.15843857634903,17.37115839243499,0.7,11.8,68.6,1010.4,11.394455994455992,11,3,1,13.387096774193548,9.202780996523755
2024-11-13,강원,31.502314814814813,13.439429928741093,0.5,10.6,73.1,1014.0,11.394455994455992,11,3,2,17.37115839243499,10.716470588235294
2024-11-14,강원,29.763250883392224,13.95965770171149,0.5,11.8,82.6,1012.1,0.3,11,3,3,13.439429928741093,11.920710059171597
2024-11-15,강원,27.141573033707864,14.348173515981735,0.8,15.1,75.3,1010.1,11.394455994455992,11,3,4,13.95965770171149,12.64090909090909
2024-11-16,강원,22.639508928571427,12.486126526082131,1.4,16.7,73.1,1006.8,1.3,11,3,5,14.348173515981735,13.219594594594595
2024-11-17,강원,22.270300333704117,11.213333333333333,2.0,9.2,53.9,1012.9,11.394455994455992,11,3,6,12.486126526082131,10.404761904761905
2024-11-18,강원,18.92753623188406,8.085201793721973,1.2,1.5,44.0,1023.0,11.394455994455992,11,3,0,11.213333333333333,13.387096774193548
2024-11-19,강원,17.800456100342075,7.713800904977376,0.8,3.3,63.6,1021.1,11.394455994455992,11,3,1,8.085201793721973,17.37115839243499
2024-11-20,강원,31.430094786729857,16.027218934911243,0.7,3.4,75.4,1015.3,11.394455994455992,11,3,2,7.713800904977376,13.439429928741093
2024-11-21,강원,48.18044237485448,29.612366230677765,1.0,6.8,77.3,1010.7,0.0,11,3,3,16.027218934911243,13.95965770171149
2024-11-22,강원,37.57334826427772,21.314669652855542,1.0,4.1,64.0,1014.0,11.394455994455992,11,3,4,29.612366230677765,14.348173515981735
2024-11-23,강원,18.18901098901099,9.65861690450055,1.3,3.8,63.8,1019.4,11.394455994455992,11,3,5,21.314669652855542,12.486126526082131
2024-11-24,강원,16.185510428100987,8.121245828698553,0.6,3.7,72.6,1021.0,11.394455994455992,11,3,6,9.65861690450055,11.213333333333333
2024-11-25,강원,21.488864142538976,9.915234822451318,0.6,5.4,75.3,1015.8,11.394455994455992,11,3,0,8.121245828698553,8.085201793721973
2024-11-26,강원,13.451461988304093,6.22209026128266,2.7,6.3,79.3,1001.5,21.6,11,3,1,9.915234822451318,7.713800904977376
2024-11-27,강원,12.092233009708737,6.209158415841584,2.3,-0.2,82.9,1001.5,3.4,11,3,2,6.22209026128266,16.027218934911243
2024-11-28,강원,15.894131185270426,9.095006090133984,2.6,0.7,73.8,1001.2,0.4,11,3,3,6.209158415841584,29.612366230677765
2024-11-29,강원,22.636568848758465,11.384892086330936,1.3,-1.1,77.4,1003.3,0.4,11,3,4,9.095006090133984,21.314669652855542
2024-11-30,강원,21.789473684210527,11.5,1.1,1.3,78.8,1006.1,11.394455994455992,11,3,5,11.384892086330936,9.65861690450055
2024-12-01,강원,26.291666666666668,13.314102564102564,0.5,4.3,84.1,1007.5,0.1,12,4,6,11.5,8.121245828698553
2024-12-02,강원,49.93485342019544,28.03257328990228,1.2,6.5,78.0,1006.3,0.1,12,4,0,13.314102564102564,9.915234822451318
2024-12-03,강원,22.851724137931033,10.431034482758621,1.1,-0.2,61.5,1013.4,11.394455994455992,12,4,1,28.03257328990228,6.22209026128266
2024-12-04,강원,23.955479452054796,9.599315068493151,1.5,-0.2,55.8,1012.1,11.394455994455992,12,4,2,10.431034482758621,6.209158415841584
2024-12-05,강원,23.47840531561462,9.348837209302326,1.7,1.2,60.5,1007.2,11.394455994455992,12,4,3,9.599315068493151,9.095006090133984
2024-12-06,강원,22.5,7.048076923076923,2.2,1.4,38.0,1010.9,11.394455994455992,12,4,4,9.348837209302326,11.384892086330936
2024-12-07,강원,20.432692307692307,8.278846153846153,1.7,-2.1,55.0,1013.8,11.394455994455992,12,4,5,7.048076923076923,11.5
2024-12-08,강원,22.509615384615383,10.448717948717949,0.9,-3.2,54.0,1016.3,11.394455994455992,12,4,6,8.278846153846153,13.314102564102564
2024-12-09,강원,28.969798657718123,12.33779264214047,0.5,-3.4,62.5,1015.7,11.394455994455992,12,4,0,10.448717948717949,28.03257328990228
2024-12-10,강원,31.12542372881356,15.238907849829351,0.5,-1.7,65.6,1014.5,11.394455994455992,12,4,1,12.33779264214047,10.431034482758621
2024-12-11,강원,29.794612794612796,14.218855218855218,0.7,0.0,68.9,1013.6,11.394455994455992,12,4,2,15.238907849829351,9.599315068493151
2024-12-12,강원,28.275641025641026,13.865384615384615,0.9,-1.1,62.0,1014.8,11.394455994455992,12,4,3,14.218855218855218,9.348837209302326
2024-12-13,강원,30.571428571428573,12.9512987012987,0.9,-1.0,49.3,1012.2,11.394455994455992,12,4,4,13.865384615384615,7.048076923076923
2024-12-14,강원,31.185897435897434,13.707395498392282,1.6,-3.4,53.6,1014.7,11.394455994455992,12,4,5,12.9512987012987,8.278846153846153
2024-12-15,강원,22.846153846153847,9.025641025641026,1.8,-0.7,52.0,1010.8,0.0,12,4,6,13.707395498392282,10.448717948717949
2024-12-16,강원,29.159468438538205,11.890365448504983,1.1,-3.7,68.4,1012.7,11.394455994455992,12,4,0,9.025641025641026,12.33779264214047
2024-12-17,강원,26.52413793103448,12.648275862068965,1.4,-3.4,62.4,1015.2,11.394455994455992,12,4,1,11.890365448504983,15.238907849829351
2024-12-18,강원,26.676375404530745,11.818770226537216,0.7,-5.6,60.4,1017.2,11.394455994455992,12,4,2,12.648275862068965,14.218855218855218
2024-12-19,강원,29.840677966101694,14.183050847457627,0.5,-4.5,67.8,1020.2,11.394455994455992,12,4,3,11.818770226537216,13.865384615384615
2024-12-20,강원,36.446945337620576,18.05128205128205,0.4,-2.9,75.8,1013.3,0.2,12,4,4,14.183050847457627,12.9512987012987
2024-12-21,강원,43.79807692307692,30.400641025641026,1.6,-1.3,76.3,1008.9,1.9,12,4,5,18.05128205128205,13.707395498392282
2024-12-22,강원,26.708333333333332,13.621794871794872,1.0,-6.3,67.1,1017.4,11.394455994455992,12,4,6,30.400641025641026,9.025641025641026
2024-12-23,강원,26.408496732026144,12.137254901960784,0.8,-4.5,70.3,1016.9,11.394455994455992,12,4,0,13.621794871794872,11.890365448504983
2024-12-24,강원,31.22,15.246666666666666,0.7,-99.0,67.392168755897,1009.249070331447,11.394455994455992,12,4,1,12.137254901960784,12.648275862068965
2024-12-25,강원,34.80448717948718,19.30448717948718,2.0177358490566037,-99.0,67.392168755897,1009.249070331447,11.394455994455992,12,4,2,15.246666666666666,11.818770226537216
2024-12-26,강원,55.605177993527505,25.12621359223301,1.9,-99.0,67.392168755897,1009.249070331447,0.0,12,4,3,19.30448717948718,14.183050847457627
2024-12-27,강원,30.055737704918034,10.01967213114754,1.8,-4.2,53.0,1015.7,11.394455994455992,12,4,4,25.12621359223301,18.05128205128205
2024-12-28,강원,28.057692307692307,10.900641025641026,1.8,-5.0,52.4,1014.0,11.394455994455992,12,4,5,10.01967213114754,30.400641025641026
2024-12-29,강원,24.240384615384617,11.576923076923077,0.9,-2.9,62.4,1015.6,11.394455994455992,12,4,6,10.900641025641026,13.621794871794872
2024-12-30,강원,51.42,27.64724919093851,1.2,3.3,69.6,1008.8,0.1,12,4,0,11.576923076923077,12.137254901960784
2024-12-31,강원,50.79194630872483,17.235294117647058,1.6,-1.2,56.8,1010.7,11.394455994455992,12,4,1,27.64724919093851,15.246666666666666
2023-01-08,경기,121.99864176570459,56.73430114787306,0.9,0.2,77.9,1020.4,11.394455994455992,1,4,6,95.25339213025781,35.88529014844804
2023-01-09,경기,94.07215411558668,40.335310537334266,1.9,2.3,64.3,1020.2,11.394455994455992,1,4,0,56.73430114787306,12.727614490772385
2023-01-10,경기,65.378125,36.5595567867036,0.9,-0.2,73.4,1024.2,11.394455994455992,1,4,1,40.335310537334266,19.01733102253033
2023-01-11,경기,81.97822329761493,55.886701208981,0.8,0.2,83.3,1021.7,11.394455994455992,1,4,2,36.5595567867036,25.337117303061575
2023-01-12,경기,68.05439330543933,48.370409233997904,1.1,4.7,62.3,1017.6,0.1,1,4,3,55.886701208981,43.39323904794757
2023-01-13,경기,23.204827586206896,17.308518005540165,1.5,7.1,99.5,1006.7,25.2,1,4,4,48.370409233997904,68.62151942248195
2023-01-14,경기,13.570317782285327,9.218898708361658,1.2,4.9,99.8,1009.6,3.7,1,4,5,17.308518005540165,95.25339213025781
2023-01-15,경기,13.913294797687861,9.751529571719919,2.5,-1.5,98.9,1014.1,2.3,1,4,6,9.218898708361658,56.73430114787306
2023-01-16,경기,21.898817802503476,13.300139275766016,2.5,-5.2,67.6,1021.0,0.0,1,4,0,9.751529571719919,40.335310537334266
2023-01-17,경기,36.20644267405611,20.854760250173733,1.0,-3.0,61.5,1022.2,0.0,1,4,1,13.300139275766016,36.5595567867036
2023-01-18,경기,57.555362116991645,28.13875262789068,1.4,-2.1,64.0,1021.6,11.394455994455992,1,4,2,20.854760250173733,55.886701208981
2023-01-19,경기,64.88598326359832,26.75773375043448,2.0,-0.1,65.1,1018.7,0.7,1,4,3,28.13875262789068,48.370409233997904
2023-01-20,경기,69.36438075742068,17.410659378202936,3.6,-2.4,46.4,1023.0,11.394455994455992,1,4,4,26.75773375043448,17.308518005540165
2023-01-21,경기,24.536650975117688,11.736504723346828,1.2,-4.0,50.5,1025.9,11.394455994455992,1,4,5,17.410659378202936,9.218898708361658
2023-01-22,경기,30.167058823529413,15.25268817204301,1.8,-0.1,46.3,1021.6,11.394455994455992,1,4,6,11.736504723346828,9.751529571719919
2023-01-23,경기,55.26487394957983,30.17619367854741,2.3,-0.5,61.3,1019.0,11.394455994455992,1,4,0,15.25268817204301,13.300139275766016
2023-01-24,경기,26.954942837928716,9.31353919239905,5.0,-13.4,45.6,1024.9,0.0,1,4,1,30.17619367854741,20.854760250173733
2023-01-25,경기,23.344708721130644,9.94199860237596,1.8,-10.8,39.9,1025.9,11.394455994455992,1,4,2,9.31353919239905,28.13875262789068
2023-01-26,경기,31.908523908523907,21.934334614041216,1.4,-5.8,79.4,1019.5,1.3,1,4,3,9.94199860237596,26.75773375043448
2023-01-27,경기,39.482328482328484,20.16649323621228,3.3,-7.3,55.0,1018.5,11.394455994455992,1,4,4,21.934334614041216,17.410659378202936
2023-01-28,경기,39.46392447741066,12.543368207897402,2.0,-5.6,48.5,1017.9,0.0,1,4,5,20.16649323621228,11.736504723346828
2023-01-29,경기,49.521341463414636,15.862466124661246,2.5,-1.8,58.3,1014.7,0.0,1,4,6,12.543368207897402,15.25268817204301
2023-01-30,경기,46.49261929282527,17.077846364883403,1.8,-1.3,51.5,1018.7,11.394455994455992,1,4,0,15.862466124661246,30.17619367854741
2023-01-31,경기,41.03440054495913,17.556767814524378,2.2,2.1,67.8,1013.3,11.394455994455992,1,4,1,17.077846364883403,9.31353919239905
2023-02-01,경기,62.82572898799314,32.931141868512114,2.8,1.2,64.4,1015.2,11.394455994455992,2,4,2,17.556767814524378,9.94199860237596
2023-02-02,경기,45.88084516799446,16.977240896358545,1.8,-2.5,52.5,1022.3,11.394455994455992,2,4,3,32.931141868512114,21.934334614041216
2023-02-03,경기,42.09873157353445,20.189357290946788,1.4,-2.0,51.1,1018.9,11.394455994455992,2,4,4,16.977240896358545,20.16649323621228
2023-02-04,경기,46.04537815126051,30.49898097826087,1.5,-1.6,68.0,1020.5,11.394455994455992,2,4,5,20.189357290946788,12.543368207897402
2023-02-05,경기,71.5039128955427,53.97119341563786,1.2,-0.1,76.6,1020.3,11.394455994455992,2,4,6,30.49898097826087,15.862466124661246
2023-02-06,경기,85.42079722703639,63.71762652705061,1.1,1.8,72.8,1017.8,11.394455994455992,2,4,0,53.97119341563786,17.077846364883403
2023-02-07,경기,87.05748709122203,65.40387275242047,1.3,1.7,79.5,1017.0,11.394455994455992,2,4,1,63.71762652705061,17.556767814524378
2023-02-08,경기,72.40531335149863,52.06368330464716,1.5,0.5,72.3,1022.2,11.394455994455992,2,4,2,65.40387275242047,32.931141868512114
2023-02-09,경기,42.43481228668942,27.51835334476844,2.3,3.5,55.8,1022.0,0.0,2,4,3,52.06368330464716,16.977240896358545
2023-02-10,경기,24.606163223840163,18.632534246575343,1.8,3.4,84.4,1016.3,0.5,2,4,4,27.51835334476844,20.189357290946788
2023-02-11,경기,49.094530722484805,39.46502900034118,0.9,1.3,83.4,1019.1,11.394455994455992,2,4,5,18.632534246575343,30.49898097826087
2023-02-12,경기,76.09399930627818,62.32221063607925,1.2,2.9,70.5,1017.0,11.394455994455992,2,4,6,39.46502900034118,53.97119341563786
2023-02-13,경기,35.19637978142077,23.716690042075736,1.7,5.8,62.1,1013.8,11.394455994455992,2,4,0,62.32221063607925,63.71762652705061
2023-02-14,경기,39.6812242090784,23.758426966292134,2.1,1.4,53.8,1018.2,11.394455994455992,2,4,1,23.716690042075736,65.40387275242047
2023-02-15,경기,21.28537087912088,11.776334269662922,1.8,2.8,50.4,1024.0,11.394455994455992,2,4,2,23.758426966292134,52.06368330464716
2023-02-16,경기,30.086428089128965,19.71188763275094,2.0,1.5,72.4,1025.9,0.0,2,4,3,11.776334269662922,27.51835334476844
2023-02-17,경기,49.31096730245232,34.1527634740817,1.2,2.9,69.4,1022.8,11.394455994455992,2,4,4,19.71188763275094,18.632534246575343
2023-02-18,경기,86.79482004709048,63.81102891728312,1.0,5.8,57.0,1015.2,11.394455994455992,2,4,5,34.1527634740817,39.46502900034118
2023-02-19,경기,52.331639566395665,36.28199052132702,3.0,2.8,63.4,1015.1,0.2,2,4,6,63.81102891728312,62.32221063607925
2023-02-20,경기,39.381984422621066,9.285177595628415,3.0,-0.6,48.9,1022.1,11.394455994455992,2,4,0,36.28199052132702,23.716690042075736
2023-02-21,경기,33.874744724302246,16.44005496392992,1.9,-1.6,46.8,1029.9,11.394455994455992,2,4,1,9.285177595628415,23.758426966292134
2023-02-22,경기,46.1911309728429,28.310703152060963,1.4,0.0,60.5,1025.5,11.394455994455992,2,4,2,16.44005496392992,11.776334269662922
2023-02-23,경기,43.81338392549155,25.98925848925849,1.4,1.6,69.6,1019.8,11.394455994455992,2,4,3,28.310703152060963,19.71188763275094
2023-02-24,경기,53.60810350697991,31.465862068965517,2.5,2.7,58.4,1020.2,11.394455994455992,2,4,4,25.98925848925849,34.1527634740817
2023-02-25,경기,39.223333333333336,17.645466847090663,2.4,0.8,41.4,1027.2,11.394455994455992,2,4,5,31.465862068965517,63.81102891728312
2023-02-26,경기,38.40833333333333,21.39219643457787,1.5,1.2,47.6,1031.9,11.394455994455992,2,4,6,17.645466847090663,36.28199052132702
2023-02-27,경기,51.87410440122825,33.06291047355686,1.4,2.6,54.4,1029.4,11.394455994455992,2,4,0,21.39219643457787,9.285177595628415
2023-02-28,경기,43.893223819301845,29.087586206896553,1.4,3.6,67.3,1022.7,11.394455994455992,2,4,1,33.06291047355686,16.44005496392992
2023-03-01,경기,41.264352469959945,22.256556825823807,2.5,5.6,56.1,1017.6,11.394455994455992,3,1,2,29.087586206896553,28.310703152060963
2023-03-02,경기,58.07705363204345,10.293549499827527,3.1,1.5,38.9,1023.2,11.394455994455992,3,1,3,22.256556825823807,25.98925848925849
2023-03-03,경기,43.39720898570456,16.776736111111113,2.0,4.0,65.6,1023.2,11.394455994455992,3,1,4,10.293549499827527,31.465862068965517
2023-03-04,경기,71.4828398384926,41.476353666895136,1.5,6.6,70.4,1024.1,11.394455994455992,3,1,5,16.776736111111113,17.645466847090663
2023-03-05,경기,76.06381534283774,50.5109439124487,1.3,6.0,60.8,1022.6,11.394455994455992,3,1,6,41.476353666895136,21.39219643457787
2023-03-06,경기,63.036064425770306,36.50193593804998,1.3,7.1,50.1,1018.6,11.394455994455992,3,1,0,50.5109439124487,33.06291047355686
2023-03-07,경기,69.9505865623889,35.86688195191962,1.7,10.1,65.6,1015.3,0.0,3,1,1,36.50193593804998,29.087586206896553
2023-03-08,경기,66.54205607476635,31.60242251514072,1.6,11.6,66.6,1014.2,0.0,3,1,2,35.86688195191962,22.256556825823807
2023-03-09,경기,62.41036269430052,39.94109297374024,2.0,9.9,82.1,1011.0,0.1,3,1,3,31.60242251514072,10.293549499827527
2023-03-10,경기,91.37068670994192,47.90066225165563,1.5,12.1,60.8,1014.1,11.394455994455992,3,1,4,39.94109297374024,16.776736111111113
2023-03-11,경기,106.37861466039004,51.376511226252155,1.6,13.6,54.6,1016.9,11.394455994455992,3,1,5,47.90066225165563,41.476353666895136
2023-03-12,경기,57.43773202834964,24.77354570637119,3.5,5.4,67.1,1015.8,5.2,3,1,6,51.376511226252155,50.5109439124487
2023-03-13,경기,35.907120743034056,7.549524145223828,2.7,3.0,36.3,1018.0,11.394455994455992,3,1,0,24.77354570637119,36.50193593804998
2023-03-14,경기,47.42634854771784,10.465705240942667,2.8,8.6,45.4,1013.4,11.394455994455992,3,1,1,7.549524145223828,35.86688195191962
2023-03-15,경기,53.390294627383014,13.91234918381831,2.8,8.5,67.1,1015.9,11.394455994455992,3,1,2,10.465705240942667,31.60242251514072
2023-03-16,경기,65.89576094510076,10.78149190710767,2.4,4.5,35.0,1024.2,11.394455994455992,3,1,3,13.91234918381831,39.94109297374024
2023-03-17,경기,47.0,15.067415730337078,1.5,6.4,39.1,1019.0,11.394455994455992,3,1,4,10.78149190710767,47.90066225165563
2023-03-18,경기,61.56898907103825,27.14004829251466,2.3,7.0,50.9,1014.8,11.394455994455992,3,1,5,15.067415730337078,51.376511226252155
2023-03-19,경기,90.71067031463748,55.48835592631213,1.8,6.1,70.0,1015.7,11.394455994455992,3,1,6,27.14004829251466,24.77354570637119
2023-03-20,경기,76.74660633484163,50.33273957962237,1.2,7.0,57.4,1011.4,11.394455994455992,3,1,0,55.48835592631213,7.549524145223828
2023-03-21,경기,73.15752706950751,41.09483065953654,1.2,10.7,44.4,1007.3,11.394455994455992,3,1,1,50.33273957962237,10.465705240942667
2023-03-22,경기,82.63806877387982,45.107306741969644,1.5,15.6,49.3,1004.9,11.394455994455992,3,1,2,41.09483065953654,13.91234918381831
2023-03-23,경기,121.44684559079819,34.19957612151183,1.8,15.8,54.5,1002.1,0.2,3,1,3,45.107306741969644,10.78149190710767
2023-03-24,경기,147.6487517337032,26.373347251217815,1.5,10.9,43.9,1010.7,11.394455994455992,3,1,4,34.19957612151183,15.067415730337078
2023-03-25,경기,100.86051282051282,25.385596140592696,1.6,10.7,59.3,1013.6,11.394455994455992,3,1,5,26.373347251217815,27.14004829251466
2023-03-26,경기,64.95272108843537,16.204686423156446,3.0,8.4,40.4,1013.1,11.394455994455992,3,1,6,25.385596140592696,55.48835592631213
2023-03-27,경기,48.657534246575345,19.30981921304502,1.8,6.0,47.5,1017.5,11.394455994455992,3,1,0,16.204686423156446,50.33273957962237
2023-03-28,경기,70.48402948402948,30.668794326241134,1.5,7.8,58.1,1019.5,11.394455994455992,3,1,1,19.30981921304502,41.09483065953654
2023-03-29,경기,85.70104166666667,40.195720799719396,1.5,9.9,60.3,1017.9,11.394455994455992,3,1,2,30.668794326241134,45.107306741969644
2023-03-30,경기,81.96410079392474,40.259578874697965,1.5,11.2,50.1,1015.2,11.394455994455992,3,1,3,40.195720799719396,34.19957612151183
2023-03-31,경기,105.00722642807983,51.97565992458005,1.6,11.8,52.1,1013.9,11.394455994455992,3,1,4,40.259578874697965,26.373347251217815
2023-04-01,경기,92.05216802168022,49.0010162601626,1.4,14.7,47.9,1011.4,11.394455994455992,4,1,5,51.97565992458005,25.385596140592696
2023-04-02,경기,50.780570652173914,29.501867572156197,2.6,17.1,31.0,1014.4,11.394455994455992,4,1,6,49.0010162601626,16.204686423156446
2023-04-03,경기,52.11048557353976,30.352107686857952,2.4,17.4,29.1,1017.2,11.394455994455992,4,1,0,29.501867572156197,19.30981921304502
2023-04-04,경기,35.67527031740495,18.131002824858758,2.9,17.1,41.1,1013.7,9.5,4,1,1,30.352107686857952,30.668794326241134
2023-04-05,경기,17.267674991206473,12.130403968816442,3.4,11.9,93.9,1004.4,35.7,4,1,2,18.131002824858758,40.195720799719396
2023-04-06,경기,66.56944937833038,55.62293314162473,2.3,8.3,92.5,1006.7,3.6,4,1,3,12.130403968816442,40.259578874697965
2023-04-07,경기,77.51950293406972,45.061338941465124,2.7,7.9,63.4,1010.3,11.394455994455992,4,1,4,55.62293314162473,51.97565992458005
2023-04-08,경기,42.13328845506563,7.806081081081081,2.6,7.6,57.9,1014.8,11.394455994455992,4,1,5,45.061338941465124,49.0010162601626
2023-04-09,경기,64.55006720430107,16.027899159663864,2.0,9.8,59.1,1014.7,11.394455994455992,4,1,6,7.806081081081081,29.501867572156197
2023-04-10,경기,47.87396978021978,16.806861063464837,2.3,12.4,49.5,1010.5,11.394455994455992,4,1,0,16.027899159663864,30.352107686857952
2023-04-11,경기,68.34274755927476,18.821056289089647,3.2,12.7,72.4,1006.7,0.0,4,1,1,16.806861063464837,18.131002824858758
2023-04-12,경기,276.6618206992039,30.818903070024145,2.2,8.9,54.4,1013.5,11.394455994455992,4,1,2,18.821056289089647,12.130403968816442
2023-04-13,경기,200.84702646957717,28.296449500172354,1.2,11.3,44.6,1012.9,11.394455994455992,4,1,3,30.818903070024145,55.62293314162473
2023-04-14,경기,96.84119875990355,21.502240606687348,1.4,15.3,56.6,1008.4,11.394455994455992,4,1,4,28.296449500172354,45.061338941465124
2023-04-15,경기,59.22237380627558,21.345565749235472,1.7,11.8,87.0,1000.7,2.0,4,1,5,21.502240606687348,7.806081081081081
2023-04-16,경기,114.83573388203018,33.41032608695652,2.0,10.4,70.5,1001.4,11.394455994455992,4,1,6,21.345565749235472,16.027899159663864
2023-04-17,경기,100.6287023977433,28.157488600491057,1.7,13.0,55.9,1010.3,11.394455994455992,4,1,0,33.41032608695652,16.806861063464837
2023-04-18,경기,45.91122807017544,19.125884016973124,2.2,14.3,74.3,1006.9,1.0,4,1,1,28.157488600491057,18.821056289089647
2023-04-19,경기,39.07509472959008,19.05816788575409,2.3,18.3,65.8,1005.0,11.394455994455992,4,1,2,19.125884016973124,30.818903070024145
2023-04-20,경기,27.001376462491397,14.826207855404936,2.2,15.7,88.8,1005.9,0.0,4,1,3,19.05816788575409,28.296449500172354
2023-04-21,경기,62.85743660041124,16.240918437285814,2.5,16.8,50.3,1007.6,11.394455994455992,4,1,4,14.826207855404936,21.502240606687348
2023-04-22,경기,73.39240935276177,14.8254347084896,2.0,16.7,20.4,1014.6,11.394455994455992,4,1,5,16.240918437285814,21.345565749235472
2023-04-23,경기,69.42,17.39250425894378,1.6,15.0,41.8,1018.2,11.394455994455992,4,1,6,14.8254347084896,33.41032608695652
2023-04-24,경기,53.62573913043478,15.37674094707521,2.4,14.4,44.8,1018.0,11.394455994455992,4,1,0,17.39250425894378,28.157488600491057
2023-04-25,경기,33.17880566102865,15.200621546961326,1.8,10.2,68.1,1011.3,0.1,4,1,1,15.37674094707521,19.125884016973124
2023-04-26,경기,28.33617747440273,13.862704918032787,2.8,9.0,71.4,1009.9,0.0,4,1,2,15.200621546961326,19.05816788575409
2023-04-27,경기,39.18844049247606,21.56072528224427,1.5,11.5,67.9,1015.5,11.394455994455992,4,1,3,13.862704918032787,14.826207855404936
2023-04-28,경기,40.11114922813036,18.790665751544267,1.7,14.9,64.8,1011.7,1.3,4,1,4,21.56072528224427,16.240918437285814
2023-04-29,경기,27.08519269776876,12.754182314783202,2.7,12.6,87.3,1002.7,14.2,4,1,5,18.790665751544267,14.8254347084896
2023-04-30,경기,42.84273097826087,14.001711742553919,3.0,12.8,68.9,1006.0,0.0,4,1,6,12.754182314783202,17.39250425894378
2023-05-01,경기,44.20682663061845,17.026639344262296,1.9,13.7,60.9,1012.9,11.394455994455992,5,1,0,14.001711742553919,15.37674094707521
2023-05-02,경기,34.89204152249135,13.479261066573718,1.4,15.9,47.4,1017.6,11.394455994455992,5,1,1,17.026639344262296,15.200621546961326
2023-05-03,경기,43.79735835940215,17.74258807115452,2.0,18.4,54.4,1016.1,11.394455994455992,5,1,2,13.479261066573718,13.862704918032787
2023-05-04,경기,45.03921568627451,20.887928052576964,2.1,20.4,65.8,1008.4,11.394455994455992,5,1,3,17.74258807115452,21.56072528224427
2023-05-05,경기,10.156598042524468,5.0740489130434785,2.8,19.3,91.3,997.8,9.4,5,1,4,20.887928052576964,18.790665751544267
2023-05-06,경기,9.51586765698852,5.98234894772573,2.9,12.9,85.3,1001.9,46.8,5,1,5,5.0740489130434785,12.754182314783202
2023-05-07,경기,32.98621848739496,24.246797033041133,1.7,12.4,60.9,1008.3,1.7,5,1,6,5.98234894772573,14.001711742553919
2023-05-08,경기,36.01044204664114,21.871080139372822,1.9,13.1,60.0,1012.1,11.394455994455992,5,1,0,24.246797033041133,17.026639344262296
2023-05-09,경기,51.86790505675955,29.153634171546678,1.7,14.8,62.8,1012.2,11.394455994455992,5,1,1,21.871080139372822,13.479261066573718
2023-05-10,경기,58.47882394119706,32.98909218859958,1.5,16.2,61.1,1012.4,11.394455994455992,5,1,2,29.153634171546678,17.74258807115452
2023-05-11,경기,53.14080560420315,27.201899402040098,1.7,17.5,51.8,1013.3,11.394455994455992,5,1,3,32.98909218859958,20.887928052576964
2023-05-12,경기,53.86981843096951,29.89051094890511,1.4,16.8,57.3,1012.3,11.394455994455992,5,1,4,27.201899402040098,5.0740489130434785
2023-05-13,경기,40.713416694829334,23.01329696556427,1.8,16.7,67.5,1008.5,11.394455994455992,5,1,5,29.89051094890511,5.98234894772573
2023-05-14,경기,26.27764705882353,14.695725915875169,1.7,16.9,62.1,1005.1,11.394455994455992,5,1,6,23.01329696556427,24.246797033041133
2023-05-15,경기,40.75564040263797,21.215309332401258,1.7,19.4,58.6,1003.8,11.394455994455992,5,1,0,14.695725915875169,21.871080139372822
2023-05-16,경기,60.76850227990179,30.337899543378995,2.0,22.1,55.9,1006.0,11.394455994455992,5,1,1,21.215309332401258,29.153634171546678
2023-05-17,경기,40.0708026638626,15.50475854776172,2.8,22.1,65.9,1008.6,11.394455994455992,5,1,2,30.337899543378995,32.98909218859958
2023-05-18,경기,34.91135248773651,17.635527246992215,2.1,20.5,70.3,1006.1,1.1,5,1,3,15.50475854776172,27.201899402040098
2023-05-19,경기,24.72641509433962,12.996137640449438,1.7,20.9,63.5,1004.7,11.394455994455992,5,1,4,17.635527246992215,29.89051094890511
2023-05-20,경기,27.19139566395664,15.26362098138748,2.5,20.0,70.4,1005.9,11.394455994455992,5,1,5,12.996137640449438,23.01329696556427
2023-05-21,경기,78.48440677966101,21.6656462585034,2.4,17.0,76.5,1005.5,0.0,5,1,6,15.26362098138748,14.695725915875169
2023-05-22,경기,136.12625043118317,31.417822468793343,1.6,18.6,65.5,1003.9,11.394455994455992,5,1,0,21.6656462585034,21.215309332401258
2023-05-23,경기,65.97548161120841,18.96048951048951,1.7,18.5,60.8,1006.0,11.394455994455992,5,1,1,31.417822468793343,30.337899543378995
2023-05-24,경기,42.57012622720897,18.146727656579873,1.4,18.9,55.4,1009.9,11.394455994455992,5,1,2,18.96048951048951,15.50475854776172
2023-05-25,경기,36.74673987645848,15.289790305947061,1.9,20.2,49.8,1011.7,11.394455994455992,5,1,3,18.146727656579873,17.635527246992215
2023-05-26,경기,34.39611054247697,14.8,2.0,20.6,56.1,1013.6,0.0,5,1,4,15.289790305947061,12.996137640449438
2023-05-27,경기,30.736345246122724,17.382303275920297,1.4,18.9,90.0,1012.8,14.2,5,1,5,14.8,15.26362098138748
2023-05-28,경기,10.989163562478835,6.26566757493188,1.3,19.1,97.6,1008.1,40.4,5,1,6,17.382303275920297,21.6656462585034
2023-05-29,경기,15.42000673627484,7.499829758256724,1.0,21.8,86.6,1005.8,6.7,5,1,0,6.26566757493188,31.417822468793343
2023-05-30,경기,32.94979224376731,16.01890756302521,1.7,22.4,79.1,1005.5,0.0,5,1,1,7.499829758256724,18.96048951048951
2023-05-31,경기,27.4766516776202,12.401110340041638,2.5,21.8,61.5,1006.0,11.394455994455992,5,1,2,16.01890756302521,18.146727656579873
2023-06-01,경기,41.888010992785986,23.49137931034483,1.5,21.7,71.6,1001.5,11.394455994455992,6,2,3,12.401110340041638,15.289790305947061
2023-06-02,경기,34.97870879120879,19.165810208975678,2.0,18.8,82.8,998.6,11.394455994455992,6,2,4,23.49137931034483,14.8
2023-06-03,경기,35.55731625084289,14.660942760942762,2.2,20.3,62.9,1004.0,11.394455994455992,6,2,5,19.165810208975678,17.382303275920297
2023-06-04,경기,38.37795807978364,19.256738544474395,1.8,20.6,65.9,1006.3,11.394455994455992,6,2,6,14.660942760942762,6.26566757493188
2023-06-05,경기,32.05837651122625,15.793711126468555,2.4,20.0,71.0,1006.8,11.394455994455992,6,2,0,19.256738544474395,7.499829758256724
2023-06-06,경기,21.34085550690468,11.157181571815718,2.0,19.5,73.0,1003.4,11.394455994455992,6,2,1,15.793711126468555,16.01890756302521
2023-06-07,경기,35.2825266048747,19.24241379310345,2.1,21.0,73.8,1004.1,11.394455994455992,6,2,2,11.157181571815718,12.401110340041638
2023-06-08,경기,23.224652777777777,12.476472638550018,2.0,20.2,79.0,1000.3,0.0,6,2,3,19.24241379310345,23.49137931034483
2023-06-09,경기,27.39866760168303,14.617157036511875,1.8,22.7,65.4,999.0,2.8,6,2,4,12.476472638550018,19.165810208975678
2023-06-10,경기,34.938404577583306,20.307404891304348,2.1,23.1,65.9,1000.3,0.0,6,2,5,14.617157036511875,14.660942760942762
2023-06-11,경기,24.046362098138747,14.531399317406143,2.2,22.2,71.8,1000.8,0.0,6,2,6,20.307404891304348,19.256738544474395
2023-06-12,경기,32.91927453769559,19.32170818505338,1.5,21.1,74.5,1001.3,0.0,6,2,0,14.531399317406143,15.793711126468555
2023-06-13,경기,28.698172874209416,16.464121597737716,2.1,21.1,71.8,1000.1,11.394455994455992,6,2,1,19.32170818505338,11.157181571815718
2023-06-14,경기,31.45492371705964,19.557531380753137,2.0,20.8,74.3,1001.6,11.394455994455992,6,2,2,16.464121597737716,19.24241379310345
2023-06-15,경기,33.666782126775196,20.713183730715286,1.8,21.1,75.0,1004.2,1.1,6,2,3,19.557531380753137,12.476472638550018
2023-06-16,경기,29.529493407356004,17.74868374868375,1.8,22.1,69.4,1008.8,11.394455994455992,6,2,4,20.713183730715286,14.617157036511875
2023-06-17,경기,24.231522105973674,13.8043254376931,1.7,22.6,63.5,1008.5,11.394455994455992,6,2,5,17.74868374868375,20.307404891304348
2023-06-18,경기,29.18621155795877,17.0881239242685,1.7,23.7,68.1,1003.2,11.394455994455992,6,2,6,13.8043254376931,14.531399317406143
2023-06-19,경기,46.49274861878453,26.851608439986165,1.8,26.3,61.5,1001.5,11.394455994455992,6,2,0,17.0881239242685,19.32170818505338
2023-06-20,경기,35.57814131569788,18.557325943886386,2.0,23.4,62.8,1000.0,18.5,6,2,1,26.851608439986165,16.464121597737716
2023-06-21,경기,12.733772995487678,6.406555090655509,2.3,20.2,92.8,997.1,17.0,6,2,2,18.557325943886386,19.557531380753137
2023-06-22,경기,22.820848056537102,11.17536386226482,2.3,21.9,80.1,999.7,0.2,6,2,3,6.406555090655509,20.713183730715286
2023-06-23,경기,38.80314136125654,23.886181691611554,1.4,23.7,78.3,1004.9,11.394455994455992,6,2,4,11.17536386226482,17.74868374868375
2023-06-24,경기,38.34949494949495,23.977966101694914,1.7,24.9,73.9,1009.3,11.394455994455992,6,2,5,23.886181691611554,13.8043254376931
2023-06-25,경기,31.43658619517171,19.81548431105048,2.0,26.9,63.0,1007.1,11.394455994455992,6,2,6,23.977966101694914,17.0881239242685
2023-06-26,경기,16.630989856593214,8.78598949211909,3.0,24.0,86.0,1001.9,31.3,6,2,0,19.81548431105048,26.851608439986165
2023-06-27,경기,20.681927710843375,10.638312586445366,2.6,25.0,75.4,1004.1,0.8,6,2,1,8.78598949211909,18.557325943886386
2023-06-28,경기,29.71158473702303,17.530682207747684,2.2,25.4,78.3,1003.2,0.0,6,2,2,10.638312586445366,6.406555090655509
2023-06-29,경기,32.409944367176635,19.048924358084662,2.4,23.9,94.4,996.9,58.6,6,2,3,17.530682207747684,11.17536386226482
2023-06-30,경기,29.626304801670145,17.8879887284255,1.4,25.1,86.6,996.0,1.2,6,2,4,19.048924358084662,23.886181691611554
2023-07-01,경기,30.243141289437585,17.676399862590173,1.7,26.1,81.1,1001.4,11.394455994455992,7,2,5,17.8879887284255,23.977966101694914
2023-07-02,경기,22.546858908341914,13.89145416953825,1.5,25.3,82.9,1004.2,11.394455994455992,7,2,6,17.676399862590173,19.81548431105048
2023-07-03,경기,34.15409026798307,20.19971721456345,1.6,27.7,74.8,1000.9,11.394455994455992,7,2,0,13.89145416953825,8.78598949211909
2023-07-04,경기,30.28370786516854,19.427068723702664,2.7,25.0,88.9,995.3,22.5,7,2,1,20.19971721456345,10.638312586445366
2023-07-05,경기,27.156436338126973,14.40398740818468,3.4,23.6,83.8,991.5,22.0,7,2,2,19.427068723702664,17.530682207747684
2023-07-06,경기,48.86936779601816,24.89073881373569,2.5,26.3,72.1,997.4,11.394455994455992,7,2,3,14.40398740818468,19.048924358084662
2023-07-07,경기,40.764726631393295,18.944249649368864,2.9,25.0,71.6,997.8,0.0,7,2,4,24.89073881373569,17.8879887284255
2023-07-08,경기,13.945349626612355,7.069687607277721,2.1,24.5,84.5,998.0,1.3,7,2,5,18.944249649368864,17.676399862590173
2023-07-09,경기,19.71814802298074,10.34819897084048,2.0,25.0,86.3,998.3,31.2,7,2,6,7.069687607277721,13.89145416953825
2023-07-10,경기,32.79720767888307,17.346113628441966,2.0,26.3,80.8,999.5,21.2,7,2,0,10.34819897084048,20.19971721456345
2023-07-11,경기,21.283741801863997,10.427475592747559,1.5,23.7,89.8,1001.3,49.6,7,2,1,17.346113628441966,19.427068723702664
2023-07-12,경기,25.312255772646537,14.10430758276967,1.4,25.9,85.9,1001.0,0.2,7,2,2,10.427475592747559,14.40398740818468
2023-07-13,경기,23.72482269503546,12.883712660028449,2.0,24.8,94.6,999.4,64.5,7,2,3,14.10430758276967,24.89073881373569
2023-07-14,경기,13.703912583715192,7.716666666666667,3.3,24.4,96.8,993.9,80.8,7,2,4,12.883712660028449,18.944249649368864
2023-07-15,경기,20.475671997277985,11.021996615905245,2.3,24.1,92.9,996.7,9.6,7,2,5,7.716666666666667,7.069687607277721
2023-07-16,경기,30.24282786885246,14.191929467616141,1.7,24.3,88.0,1003.1,0.2,7,2,6,11.021996615905245,10.34819897084048
2023-07-17,경기,26.02149791955617,12.32962447844228,1.2,24.8,89.8,1007.5,7.8,7,2,0,14.191929467616141,17.346113628441966
2023-07-18,경기,13.259541984732824,5.6202575704838145,1.4,24.0,92.5,1006.4,60.7,7,2,1,12.32962447844228,10.427475592747559
2023-07-19,경기,31.190426638917796,15.925191370911621,1.4,25.7,80.9,1003.2,11.394455994455992,7,2,2,5.6202575704838145,14.10430758276967
2023-07-20,경기,54.61594963273872,34.44726766446223,1.4,26.1,78.3,1004.8,11.394455994455992,7,2,3,15.925191370911621,12.883712660028449
2023-07-21,경기,57.26308539944903,39.08364888123924,1.2,28.1,70.4,1007.2,11.394455994455992,7,2,4,34.44726766446223,7.716666666666667
2023-07-22,경기,28.775991792065664,18.39419795221843,3.4,26.1,79.0,1007.2,11.5,7,2,5,39.08364888123924,11.021996615905245
2023-07-23,경기,10.258301293254107,4.780674313521029,2.3,24.5,94.4,1003.7,86.3,7,2,6,18.39419795221843,14.191929467616141
2023-07-24,경기,19.971308607417775,10.468499825965889,1.5,26.1,85.8,1004.5,0.1,7,2,0,4.780674313521029,12.32962447844228
2023-07-25,경기,19.953391304347825,9.515972222222222,2.0,26.8,83.6,1008.2,1.4,7,2,1,10.468499825965889,5.6202575704838145
2023-07-26,경기,13.876543209876543,5.494570928196147,2.1,27.0,82.6,1010.2,19.6,7,2,2,9.515972222222222,15.925191370911621
2023-07-27,경기,21.441258741258743,10.517217391304348,1.5,27.7,79.6,1009.9,0.0,7,2,3,5.494570928196147,34.44726766446223
2023-07-28,경기,31.18402777777778,19.43409247757074,1.8,28.8,74.3,1009.7,11.394455994455992,7,2,4,10.517217391304348,39.08364888123924
2023-07-29,경기,29.888696854476322,19.550531003768413,1.6,29.1,71.3,1010.0,11.394455994455992,7,2,5,19.43409247757074,18.39419795221843
2023-07-30,경기,17.949295774647887,10.53567662565905,1.6,28.1,75.6,1008.7,0.0,7,2,6,19.550531003768413,4.780674313521029
2023-07-31,경기,31.15049928673324,19.770914225202965,1.5,27.9,78.4,1008.4,11.394455994455992,7,2,0,10.53567662565905,10.468499825965889
2023-08-01,경기,32.043386243386244,20.236944937833037,1.5,29.2,73.3,1006.1,11.394455994455992,8,2,1,19.770914225202965,9.515972222222222
2023-08-02,경기,33.29418026969482,21.101392359871475,1.6,28.3,74.6,1003.5,11.394455994455992,8,2,2,20.236944937833037,5.494570928196147
2023-08-03,경기,23.718329794762916,13.998936924167257,1.6,28.3,70.4,1001.9,11.394455994455992,8,2,3,21.101392359871475,10.517217391304348
2023-08-04,경기,23.35931492485145,12.962078651685394,1.5,29.2,70.3,1000.0,11.394455994455992,8,2,4,13.998936924167257,19.43409247757074
2023-08-05,경기,21.528327645051196,11.920110192837466,1.6,29.1,72.3,996.5,11.394455994455992,8,2,5,12.962078651685394,19.550531003768413
2023-08-06,경기,22.164888123924268,13.187870338096898,1.5,28.5,78.8,994.0,0.4,8,2,6,11.920110192837466,10.53567662565905
2023-08-07,경기,14.519485038274182,6.7966819625838335,2.2,30.2,70.1,995.0,0.0,8,2,0,13.187870338096898,19.770914225202965
2023-08-08,경기,9.964509394572024,3.768741159830269,2.8,30.9,61.0,997.7,11.394455994455992,8,2,1,6.7966819625838335,20.236944937833037
2023-08-09,경기,9.954961294862773,3.6371459304410183,2.6,28.6,67.1,999.0,0.6,8,2,2,3.768741159830269,21.101392359871475
2023-08-10,경기,5.075187969924812,1.8129963898916968,2.9,21.9,93.3,991.8,91.6,8,2,3,3.6371459304410183,13.998936924167257
2023-08-11,경기,19.58943234559086,9.789928057553956,2.8,24.3,89.3,995.1,30.3,8,2,4,1.8129963898916968,12.962078651685394
2023-08-12,경기,20.27715877437326,10.528859527121002,2.3,23.7,85.6,999.6,0.6,8,2,5,9.789928057553956,11.920110192837466
2023-08-13,경기,31.442468619246863,17.565323141070188,1.4,27.1,75.8,1000.3,11.394455994455992,8,2,6,10.528859527121002,13.187870338096898
2023-08-14,경기,39.84924798880728,23.89888811674774,1.4,27.6,77.9,1001.3,11.394455994455992,8,2,0,17.565323141070188,6.7966819625838335
2023-08-15,경기,28.733701276302174,16.316242257398486,1.8,27.6,76.0,1000.3,11.394455994455992,8,2,1,23.89888811674774,3.768741159830269
2023-08-16,경기,20.392716886826133,10.496605930689531,1.9,27.0,75.8,999.7,11.394455994455992,8,2,2,16.316242257398486,3.6371459304410183
2023-08-17,경기,25.79563350035791,15.260977337110482,1.5,27.1,74.9,1000.5,11.394455994455992,8,2,3,10.496605930689531,1.8129963898916968
2023-08-18,경기,34.026445698166434,21.387469373468672,1.6,28.0,73.3,1002.3,11.394455994455992,8,2,4,15.260977337110482,9.789928057553956
2023-08-19,경기,25.745511049723756,15.206012982576016,1.6,27.7,71.9,1005.5,11.394455994455992,8,2,5,21.387469373468672,10.528859527121002
2023-08-20,경기,28.073103448275862,16.979402677651905,1.3,27.5,74.9,1006.8,0.0,8,2,6,15.206012982576016,17.565323141070188
2023-08-21,경기,26.952949438202246,15.272191400832178,2.1,28.9,72.1,1003.2,0.0,8,2,0,16.979402677651905,23.89888811674774
2023-08-22,경기,21.768988449422473,12.648071625344352,3.0,28.0,76.3,999.7,0.3,8,2,1,15.272191400832178,16.316242257398486
2023-08-23,경기,11.650560224089636,5.687263989014761,2.1,24.7,91.5,1001.1,23.8,8,2,2,12.648071625344352,10.496605930689531
2023-08-24,경기,10.134796238244514,4.210727969348659,2.1,25.8,84.6,1001.6,2.7,8,2,3,5.687263989014761,15.260977337110482
2023-08-25,경기,21.52043971143937,9.86873508353222,2.4,25.8,81.1,1003.5,11.394455994455992,8,2,4,4.210727969348659,21.387469373468672
2023-08-26,경기,37.64036885245902,21.08931580721267,1.4,25.1,79.1,1005.3,11.394455994455992,8,2,5,9.86873508353222,15.206012982576016
2023-08-27,경기,30.14178339596857,17.578414839797638,1.2,25.8,77.3,1004.1,0.4,8,2,6,21.08931580721267,16.979402677651905
2023-08-28,경기,16.436595451412817,8.103389250256761,2.5,23.8,82.6,1002.6,25.2,8,2,0,17.578414839797638,15.272191400832178
2023-08-29,경기,14.431983385254414,6.8913571676501215,2.2,23.7,90.1,1001.4,20.1,8,2,1,8.103389250256761,12.648071625344352
2023-08-30,경기,20.8631217838765,9.362577107607951,1.0,21.8,90.8,1005.2,4.7,8,2,2,6.8913571676501215,5.687263989014761
2023-08-31,경기,26.359423274974255,13.20422055820286,1.2,22.7,82.4,1006.5,0.0,8,2,3,9.362577107607951,4.210727969348659
2023-09-01,경기,29.119444444444444,14.168543159331286,1.4,23.7,72.8,1007.7,11.394455994455992,9,3,4,13.20422055820286,9.86873508353222
2023-09-02,경기,31.4979633401222,17.390969899665553,1.0,24.8,69.0,1007.3,11.394455994455992,9,3,5,14.168543159331286,21.08931580721267
2023-09-03,경기,19.077053632043448,10.786051212938006,1.5,25.7,82.6,1007.8,5.8,9,3,6,17.390969899665553,17.578414839797638
2023-09-04,경기,20.732770745428972,9.332165381920111,1.3,26.8,81.5,1007.7,4.0,9,3,0,10.786051212938006,8.103389250256761
2023-09-05,경기,20.89353478566409,9.176387416048074,1.6,27.1,71.3,1007.1,11.394455994455992,9,3,1,9.332165381920111,6.8913571676501215
2023-09-06,경기,22.66384479717813,10.806097128677774,1.5,27.0,67.1,1007.5,11.394455994455992,9,3,2,9.176387416048074,9.362577107607951
2023-09-07,경기,19.963388370423548,9.156540385989993,1.9,25.8,53.6,1010.2,11.394455994455992,9,3,3,10.806097128677774,13.20422055820286
2023-09-08,경기,20.75105337078652,9.452947259565667,1.4,24.1,63.8,1008.8,11.394455994455992,9,3,4,9.156540385989993,14.168543159331286
2023-09-09,경기,34.03638253638254,18.21703853955375,1.4,24.7,71.6,1006.6,11.394455994455992,9,3,5,9.452947259565667,17.390969899665553
2023-09-10,경기,34.953448275862065,20.562858105830806,1.4,24.5,72.6,1005.8,11.394455994455992,9,3,6,18.21703853955375,10.786051212938006
2023-09-11,경기,31.5480803099683,18.486486486486488,1.3,24.6,72.1,1005.2,11.394455994455992,9,3,0,20.562858105830806,9.332165381920111
2023-09-12,경기,32.78268489309499,17.472626472626473,1.1,24.8,72.3,1006.3,11.394455994455992,9,3,1,18.486486486486488,9.176387416048074
2023-09-13,경기,25.333218470020675,15.021702271956595,1.2,21.4,89.1,1007.7,34.9,9,3,2,17.472626472626473,10.806097128677774
2023-09-14,경기,11.05393180236604,3.6712850710079667,1.9,23.0,75.5,1008.6,0.2,9,3,3,15.021702271956595,9.156540385989993
2023-09-15,경기,11.373175816539263,4.608770718232044,2.1,22.1,85.8,1009.5,5.6,9,3,4,3.6712850710079667,9.452947259565667
2023-09-16,경기,13.243041412084182,5.677702702702702,1.0,23.8,89.8,1007.5,3.6,9,3,5,4.608770718232044,18.21703853955375
2023-09-17,경기,17.392068965517243,9.60776302349336,1.4,24.7,83.1,1006.1,0.0,9,3,6,5.677702702702702,20.562858105830806
2023-09-18,경기,20.710332749562173,10.386371497751643,1.6,24.2,82.5,1008.1,11.394455994455992,9,3,0,9.60776302349336,18.486486486486488
2023-09-19,경기,31.97171787709497,18.022053756030324,1.3,23.3,84.9,1009.9,11.394455994455992,9,3,1,10.386371497751643,17.472626472626473
2023-09-20,경기,23.860448807854137,14.717761557177615,1.8,20.7,89.8,1006.0,36.6,9,3,2,18.022053756030324,15.021702271956595
2023-09-21,경기,12.775510204081632,4.702002762430939,1.6,19.7,70.3,1007.4,0.0,9,3,3,14.717761557177615,3.6712850710079667
2023-09-22,경기,21.716133424098025,9.497111790689772,1.2,19.7,73.5,1011.6,11.394455994455992,9,3,4,4.702002762430939,4.608770718232044
2023-09-23,경기,21.327168796234027,10.858439811701412,1.9,21.3,66.1,1015.4,11.394455994455992,9,3,5,9.497111790689772,5.677702702702702
2023-09-24,경기,12.436638655462184,4.963593058863559,2.7,21.2,58.0,1015.4,11.394455994455992,9,3,6,10.858439811701412,9.60776302349336
2023-09-25,경기,15.682556131260794,5.952297439494914,1.9,21.6,66.8,1011.9,0.1,9,3,0,4.963593058863559,10.386371497751643
2023-09-26,경기,8.288461538461538,4.338235294117647,1.9,20.1,96.9,1008.4,34.7,9,3,1,5.952297439494914,18.022053756030324
2023-09-27,경기,11.796950796950798,5.229122807017544,1.7,21.1,92.5,1006.9,8.5,9,3,2,4.338235294117647,14.717761557177615
2023-09-28,경기,49.020181634712415,30.19281599457811,1.6,21.8,82.1,1009.5,11.394455994455992,9,3,3,5.229122807017544,4.702002762430939
2023-09-29,경기,40.53081845739306,21.531705662936588,1.1,20.5,76.8,1009.9,11.394455994455992,9,3,4,30.19281599457811,9.497111790689772
2023-09-30,경기,26.939567859554355,12.068119891008175,2.0,18.7,80.0,1007.2,1.6,9,3,5,21.531705662936588,10.858439811701412
2023-10-01,경기,24.781029263370332,8.488827775867996,2.0,17.1,69.0,1010.4,11.394455994455992,10,3,6,12.068119891008175,4.963593058863559
2023-10-02,경기,18.527749747729565,8.637686179425009,1.3,16.9,62.6,1013.7,11.394455994455992,10,3,0,8.488827775867996,5.952297439494914
2023-10-03,경기,21.39656912209889,11.281997918834547,1.4,16.8,70.8,1013.1,11.394455994455992,10,3,1,8.637686179425009,4.338235294117647
2023-10-04,경기,25.391574585635357,13.78135949544499,1.8,17.6,73.9,1009.9,2.2,10,3,2,11.281997918834547,5.229122807017544
2023-10-05,경기,35.883608815426996,6.401788785689715,2.9,14.5,41.4,1012.4,11.394455994455992,10,3,3,13.78135949544499,30.19281599457811
2023-10-06,경기,24.95448323066393,9.788606726149622,1.2,14.3,63.3,1014.8,11.394455994455992,10,3,4,6.401788785689715,21.531705662936588
2023-10-07,경기,23.9959609559071,11.503889076766994,1.7,16.1,66.6,1017.6,11.394455994455992,10,3,5,9.788606726149622,12.068119891008175
2023-10-08,경기,13.022304832713754,6.223747426218257,1.8,17.3,68.1,1018.4,0.0,10,3,6,11.503889076766994,8.488827775867996
2023-10-09,경기,14.227715877437326,6.6417805818436735,1.8,17.4,68.6,1015.3,1.5,10,3,0,6.223747426218257,8.637686179425009
2023-10-10,경기,24.354816112084062,13.203917453655125,1.3,16.0,78.1,1016.6,11.394455994455992,10,3,1,6.6417805818436735,11.281997918834547
2023-10-11,경기,27.709810671256456,14.567558179923585,1.4,16.6,64.8,1019.9,11.394455994455992,10,3,2,13.203917453655125,13.78135949544499
2023-10-12,경기,31.053403141361258,17.288141592920354,1.0,16.6,69.6,1019.7,11.394455994455992,10,3,3,14.567558179923585,6.401788785689715
2023-10-13,경기,39.72226148409894,23.68509272467903,1.0,16.8,71.4,1013.3,11.394455994455992,10,3,4,17.288141592920354,9.788606726149622
2023-10-14,경기,32.58353344768439,21.98018769551616,1.1,14.2,89.0,1006.1,5.6,10,3,5,23.68509272467903,11.503889076766994
2023-10-15,경기,27.07223553577542,17.293933054393307,1.5,15.3,83.8,1006.7,11.394455994455992,10,3,6,21.98018769551616,6.223747426218257
2023-10-16,경기,42.12346974466597,16.746718694572543,1.9,13.7,64.4,1011.0,11.394455994455992,10,3,0,17.293933054393307,6.6417805818436735
2023-10-17,경기,36.24041193181818,15.242554718335127,1.3,12.4,66.4,1015.0,11.394455994455992,10,3,1,16.746718694572543,13.203917453655125
2023-10-18,경기,38.57644197359277,20.08050402520126,1.5,14.7,75.4,1015.1,11.394455994455992,10,3,2,15.242554718335127,14.567558179923585
2023-10-19,경기,32.696397341727874,19.94975404075896,1.4,15.4,90.0,1011.0,24.1,10,3,3,20.08050402520126,17.288141592920354
2023-10-20,경기,20.507697690692794,6.015873015873016,3.4,11.9,48.6,1013.0,11.394455994455992,10,3,4,19.94975404075896,23.68509272467903
2023-10-21,경기,19.116581196581198,7.167123287671233,2.1,9.6,61.6,1016.1,2.4,10,3,5,6.015873015873016,21.98018769551616
2023-10-22,경기,25.67256035362122,11.723266142808336,1.4,11.3,74.0,1018.8,11.394455994455992,10,3,6,7.167123287671233,17.293933054393307
2023-10-23,경기,34.00695894224078,17.802244039270686,1.1,14.0,79.3,1018.1,11.394455994455992,10,3,0,11.723266142808336,16.746718694572543
2023-10-24,경기,41.40055248618785,26.047436344611093,0.8,13.7,85.8,1015.8,11.394455994455992,10,3,1,17.802244039270686,15.242554718335127
2023-10-25,경기,43.05505226480836,27.385724331926863,0.8,14.9,83.1,1013.6,11.394455994455992,10,3,2,26.047436344611093,20.08050402520126
2023-10-26,경기,57.95552466990966,38.30542043085476,1.9,17.4,82.5,1010.1,11.394455994455992,10,3,3,27.385724331926863,19.94975404075896
2023-10-27,경기,32.74373067674339,14.901582931865107,1.5,14.7,71.4,1010.2,0.0,10,3,4,38.30542043085476,6.015873015873016
2023-10-28,경기,40.34848998982016,21.265784114052952,1.0,13.2,73.3,1014.0,11.394455994455992,10,3,5,14.901582931865107,7.167123287671233
2023-10-29,경기,33.88839891451832,19.80885860306644,1.2,13.5,69.4,1017.0,11.394455994455992,10,3,6,21.265784114052952,11.723266142808336
2023-10-30,경기,47.97437673130194,28.646489104116224,1.0,13.6,78.6,1018.0,11.394455994455992,10,3,0,19.80885860306644,17.802244039270686
2023-10-31,경기,56.897257896563694,36.10411622276029,1.4,15.0,81.5,1017.3,11.394455994455992,10,3,1,28.646489104116224,26.047436344611093
2023-11-01,경기,51.44651483781919,27.64332528458089,2.2,17.9,82.6,1013.3,11.394455994455992,11,3,2,36.10411622276029,27.385724331926863
2023-11-02,경기,39.50684450684451,18.30120056497175,2.3,19.5,73.3,1012.0,11.394455994455992,11,3,3,27.64332528458089,38.30542043085476
2023-11-03,경기,35.59716459197787,16.59105098855359,2.2,18.7,83.6,1011.0,2.0,11,3,4,18.30120056497175,14.901582931865107
2023-11-04,경기,53.50756811301716,20.22577388963661,1.8,18.1,80.1,1015.7,11.394455994455992,11,3,5,16.59105098855359,21.265784114052952
2023-11-05,경기,15.644227532817233,10.3650956284153,3.2,18.2,82.0,1011.1,22.1,11,3,6,20.22577388963661,19.80885860306644
2023-11-06,경기,19.930176287590736,7.358965396714436,5.3,14.0,79.0,1002.8,54.5,11,3,0,10.3650956284153,28.646489104116224
2023-11-07,경기,19.589645587213344,6.995454545454545,3.2,5.9,65.8,1017.3,2.2,11,3,1,7.358965396714436,36.10411622276029
2023-11-08,경기,29.41611898996887,14.313489332415692,1.1,7.7,64.3,1018.0,11.394455994455992,11,3,2,6.995454545454545,27.64332528458089
2023-11-09,경기,35.24896408839779,19.490702479338843,1.9,11.8,73.0,1015.2,0.0,11,3,3,14.313489332415692,18.30120056497175
2023-11-10,경기,17.596690796277144,8.681959296309072,3.6,3.9,47.3,1021.6,11.394455994455992,11,3,4,19.490702479338843,16.59105098855359
2023-11-11,경기,20.14032650225773,10.688981868898187,1.7,1.9,49.4,1024.3,11.394455994455992,11,3,5,8.681959296309072,20.22577388963661
2023-11-12,경기,19.444249649368864,11.004214963119074,2.2,1.6,56.0,1023.0,11.394455994455992,11,3,6,10.688981868898187,10.3650956284153
2023-11-13,경기,24.67210787792761,13.187186828919112,1.7,1.9,57.4,1023.7,11.394455994455992,11,3,0,11.004214963119074,7.358965396714436
2023-11-14,경기,31.644145737530952,17.55582951743572,1.2,4.2,72.8,1022.4,11.394455994455992,11,3,1,13.187186828919112,6.995454545454545
2023-11-15,경기,51.29570080391471,32.785490059295434,0.9,6.1,77.3,1023.4,11.394455994455992,11,3,2,17.55582951743572,14.313489332415692
2023-11-16,경기,50.6326895565093,38.78259337561663,1.1,6.0,88.3,1015.2,11.0,11,3,3,32.785490059295434,19.490702479338843
2023-11-17,경기,17.93782383419689,8.931473829201101,2.5,1.7,69.9,1009.9,3.7,11,3,4,38.78259337561663,8.681959296309072
2023-11-18,경기,22.052613361024576,12.61771886989885,3.3,1.0,60.8,1014.1,11.394455994455992,11,3,5,8.931473829201101,10.688981868898187
2023-11-19,경기,44.08517350157729,24.927864214992926,2.2,6.3,71.8,1013.3,11.394455994455992,11,3,6,12.61771886989885,11.004214963119074
2023-11-20,경기,35.34245588764854,18.98416126709863,1.1,5.1,66.6,1019.1,11.394455994455992,11,3,0,24.927864214992926,13.187186828919112
2023-11-21,경기,43.06635412910205,25.010017889087656,0.9,5.8,68.8,1017.3,11.394455994455992,11,3,1,18.98416126709863,17.55582951743572
2023-11-22,경기,48.355166374781085,31.825886524822696,1.1,8.1,75.8,1012.3,11.394455994455992,11,3,2,25.010017889087656,32.785490059295434
2023-11-23,경기,94.14172686618507,49.062478425957885,2.9,10.1,73.3,1009.8,0.0,11,3,3,31.825886524822696,38.78259337561663
2023-11-24,경기,15.73516140229087,7.330319888734353,3.6,-0.4,51.4,1024.5,11.394455994455992,11,3,4,49.062478425957885,8.931473829201101
2023-11-25,경기,21.27903005464481,10.77692575810387,1.4,-1.4,47.6,1028.1,11.394455994455992,11,3,5,7.330319888734353,12.61771886989885
2023-11-26,경기,31.025273224043715,19.773010380622836,1.1,3.7,46.3,1020.2,0.0,11,3,6,10.77692575810387,24.927864214992926
2023-11-27,경기,40.47235659986178,26.312849162011172,1.9,6.5,80.0,1010.1,3.3,11,3,0,19.773010380622836,18.98416126709863
2023-11-28,경기,30.011550577528876,16.893489030431706,2.6,1.8,59.1,1017.1,0.0,11,3,1,26.312849162011172,25.010017889087656
2023-11-29,경기,19.236130374479888,10.438472418670438,2.2,-0.2,60.4,1020.9,0.2,11,3,2,16.893489030431706,31.825886524822696
2023-11-30,경기,18.56932256932257,7.521011396011396,2.9,-3.5,50.4,1024.4,11.394455994455992,11,3,3,10.438472418670438,49.062478425957885
2023-12-01,경기,25.728042328042328,11.992156862745098,1.7,-2.9,57.1,1022.1,11.394455994455992,12,4,4,7.521011396011396,7.330319888734353
2023-12-02,경기,38.35074368730543,21.595205003474636,2.1,2.3,62.6,1020.4,0.0,12,4,5,11.992156862745098,10.77692575810387
2023-12-03,경기,37.733240708579366,22.384937238493723,1.3,0.2,58.4,1022.2,11.394455994455992,12,4,6,21.595205003474636,19.773010380622836
2023-12-04,경기,43.576449912126535,26.573513705945174,0.9,1.9,65.6,1017.6,11.394455994455992,12,4,0,22.384937238493723,26.312849162011172
2023-12-05,경기,49.83368569415081,30.13972701149425,1.5,5.7,57.1,1013.0,11.394455994455992,12,4,1,26.573513705945174,16.893489030431706
2023-12-06,경기,72.28890464374335,50.52420520231214,1.2,5.8,79.1,1005.9,1.7,12,4,2,30.13972701149425,10.438472418670438
2023-12-07,경기,68.88262248854424,17.895394501963583,1.9,6.3,61.0,1010.5,11.394455994455992,12,4,3,50.52420520231214,7.521011396011396
2023-12-08,경기,86.67832167832168,23.32532673966796,2.8,11.3,69.1,1009.1,11.394455994455992,12,4,4,17.895394501963583,11.992156862745098
2023-12-09,경기,74.22326064382139,32.85271317829457,1.1,11.8,88.3,1013.2,11.394455994455992,12,4,5,23.32532673966796,21.595205003474636
2023-12-10,경기,75.48922863099375,35.76745834810351,1.2,12.2,73.4,1018.1,0.0,12,4,6,32.85271317829457,22.384937238493723
2023-12-11,경기,7.858614564831261,3.5738242799854176,2.4,9.9,81.6,1012.3,13.6,12,4,0,35.76745834810351,26.573513705945174
2023-12-12,경기,9.053090909090908,3.720379146919431,1.7,5.7,73.8,1016.6,0.1,12,4,1,3.5738242799854176,30.13972701149425
2023-12-13,경기,19.0773085182534,9.347275922671352,1.6,7.1,72.8,1023.1,11.394455994455992,12,4,2,3.720379146919431,50.52420520231214
2023-12-14,경기,11.416129032258064,6.771742988995385,2.6,9.1,80.0,1017.6,17.5,12,4,3,9.347275922671352,17.895394501963583
2023-12-15,경기,5.194693438508426,3.3091561938958707,2.1,5.8,95.1,1007.9,30.7,12,4,4,6.771742988995385,23.32532673966796
2023-12-16,경기,18.777241379310343,8.488835451734799,4.8,-3.4,73.5,1018.0,5.6,12,4,5,3.3091561938958707,32.85271317829457
2023-12-17,경기,13.662621359223301,7.2659722222222225,3.1,14.12574737409103,49.5,1029.5,11.394455994455992,12,4,6,8.488835451734799,35.76745834810351
2023-12-18,경기,17.028805120910384,8.919560595322466,1.4,-6.9,50.8,1030.3,11.394455994455992,12,4,0,7.2659722222222225,3.5738242799854176
2023-12-19,경기,27.627719298245616,17.181499649614576,1.2,-3.0,57.8,1023.9,0.0,12,4,1,8.919560595322466,3.720379146919431
2023-12-20,경기,39.90775166608208,25.078004216444132,3.0,-7.1,64.8,1023.0,1.7,12,4,2,17.181499649614576,9.347275922671352
2023-12-21,경기,19.240753663642707,11.687920651788877,2.9,-10.7,55.4,1025.9,11.394455994455992,12,4,3,25.078004216444132,6.771742988995385
2023-12-22,경기,21.422199170124482,11.248526863084923,2.3,-11.1,50.9,1031.8,11.394455994455992,12,4,4,11.687920651788877,3.3091561938958707
2023-12-23,경기,29.360520904729267,18.814674474681365,1.1,-6.4,57.8,1032.2,0.0,12,4,5,11.248526863084923,8.488835451734799
2023-12-24,경기,34.13111342351717,27.626129256428076,1.0,-2.5,76.3,1026.3,0.8,12,4,6,18.814674474681365,7.2659722222222225
2023-12-25,경기,44.02609603340292,35.741788958770094,1.1,-1.8,86.8,1024.3,2.0,12,4,0,27.626129256428076,8.919560595322466
2023-12-26,경기,48.30027835768963,35.39223985890653,1.3,0.7,80.3,1024.9,11.394455994455992,12,4,1,35.741788958770094,17.181499649614576
2023-12-27,경기,74.93542757417103,55.661976785086175,0.8,0.4,83.1,1025.9,11.394455994455992,12,4,2,35.39223985890653,25.078004216444132
2023-12-28,경기,62.603023909985936,48.69419174247726,1.0,0.1,82.9,1024.3,11.394455994455992,12,4,3,55.661976785086175,11.687920651788877
2023-12-29,경기,48.808576329331046,37.31975138121547,0.8,0.6,79.6,1022.8,11.394455994455992,12,4,4,48.69419174247726,11.248526863084923
2023-12-30,경기,50.35,41.478971150503995,1.7,0.8,91.1,1013.4,8.4,12,4,5,37.31975138121547,18.814674474681365
2023-12-31,경기,25.03785271851342,20.49392993409643,1.8,2.2,91.0,1013.5,1.4,12,4,6,41.478971150503995,27.626129256428076
2024-10-01,경기,17.095003518648838,7.903872752420471,2.1,17.7,74.8,1007.8,6.7,10,3,1,20.49392993409643,35.741788958770094
2024-10-02,경기,16.829613885936947,6.940847042352118,2.1,13.9,55.8,1014.5,11.394455994455992,10,3,2,7.903872752420471,35.39223985890653
2024-10-03,경기,16.45113043478261,7.572655444864308,1.4,14.5,67.9,1017.7,11.394455994455992,10,3,3,6.940847042352118,55.661976785086175
2024-10-04,경기,17.852899575671852,8.326040931545519,1.2,16.1,67.1,1019.6,11.394455994455992,10,3,4,7.572655444864308,48.69419174247726
2024-10-05,경기,22.968793828892007,11.823076923076924,1.2,16.7,66.9,1018.6,11.394455994455992,10,3,5,8.326040931545519,37.31975138121547
2024-10-06,경기,22.85460362602204,13.36290038718761,0.9,15.3,80.8,1016.3,0.2,10,3,6,11.823076923076924,41.478971150503995
2024-10-07,경기,40.19155844155844,22.636752136752136,1.2,16.6,76.1,1013.2,11.394455994455992,10,3,0,13.36290038718761,20.49392993409643
2024-10-08,경기,43.11747747747748,26.399219304471256,0.9,17.0,77.1,1012.5,11.394455994455992,10,3,1,22.636752136752136,7.903872752420471
2024-10-09,경기,16.055360896986684,7.746537396121884,1.4,17.9,69.0,1011.8,11.394455994455992,10,3,2,26.399219304471256,6.940847042352118
2024-10-10,경기,21.965986394557824,11.17873542917697,1.8,17.9,67.0,1010.7,11.394455994455992,10,3,3,7.746537396121884,7.572655444864308
2024-10-11,경기,36.805,22.7819017320608,1.2,17.2,73.0,1013.9,11.394455994455992,10,3,4,11.17873542917697,8.326040931545519
2024-10-12,경기,37.852228852228855,23.233932273669662,1.2,16.6,68.1,1018.6,11.394455994455992,10,3,5,22.7819017320608,11.823076923076924
2024-10-13,경기,29.014716187806588,17.910194174757283,1.8,17.5,68.3,1018.7,11.394455994455992,10,3,6,23.233932273669662,13.36290038718761
2024-10-14,경기,21.065084501977704,10.292682926829269,1.8,19.0,68.8,1014.8,0.0,10,3,0,17.910194174757283,22.636752136752136
2024-10-15,경기,20.63433382137628,12.861432706222866,1.0,18.5,88.4,1013.5,6.3,10,3,1,10.292682926829269,26.399219304471256
2024-10-16,경기,37.007611453425156,22.636167146974064,1.0,17.3,82.1,1018.2,11.394455994455992,10,3,2,12.861432706222866,7.746537396121884
2024-10-17,경기,38.33321247280638,21.373262032085563,1.4,18.6,72.8,1017.4,11.394455994455992,10,3,3,22.636167146974064,11.17873542917697
2024-10-18,경기,21.524794862647163,11.783898305084746,1.7,17.8,86.0,1009.1,55.0,10,3,4,21.373262032085563,22.7819017320608
2024-10-19,경기,8.484731484731485,4.391576749042812,2.8,16.9,73.1,1014.3,9.4,10,3,5,11.783898305084746,23.233932273669662
2024-10-20,경기,12.06839705366538,3.751487574378719,3.8,13.5,52.8,1025.8,11.394455994455992,10,3,6,4.391576749042812,17.910194174757283
2024-10-21,경기,17.98600645855759,6.688418788096092,1.7,14.8,66.9,1019.5,0.9,10,3,0,3.751487574378719,10.292682926829269
2024-10-22,경기,13.380225372591784,7.663524292965917,1.4,15.7,92.4,1010.1,16.4,10,3,1,6.688418788096092,12.861432706222866
2024-10-23,경기,15.3726977248104,6.5222141296431175,3.2,12.8,73.4,1012.3,1.5,10,3,2,7.663524292965917,22.636167146974064
2024-10-24,경기,27.431059506531206,15.477606461086637,1.6,11.6,74.6,1018.3,11.394455994455992,10,3,3,6.5222141296431175,21.373262032085563
2024-10-25,경기,27.77206946454414,14.706181818181818,1.4,14.1,67.4,1020.4,11.394455994455992,10,3,4,15.477606461086637,11.783898305084746
2024-10-26,경기,23.132796075683252,12.154825026511135,1.5,16.5,70.6,1016.1,11.394455994455992,10,3,5,14.706181818181818,4.391576749042812
2024-10-27,경기,28.216036414565828,16.667138309161654,1.2,15.4,81.9,1009.8,0.8,10,3,6,12.154825026511135,3.751487574378719
2024-10-28,경기,34.37815428983417,22.310257339615802,1.9,16.0,74.6,1010.9,11.394455994455992,10,3,0,16.667138309161654,6.688418788096092
2024-10-29,경기,16.479710144927537,7.508333333333334,2.2,15.5,63.6,1014.2,11.394455994455992,10,3,1,22.310257339615802,7.663524292965917
2024-10-30,경기,30.121279761904763,16.90939349112426,1.3,14.7,72.8,1018.1,11.394455994455992,10,3,2,7.508333333333334,6.5222141296431175
2024-10-31,경기,36.304251386321624,21.749176125961185,1.2,14.9,71.0,1018.5,11.394455994455992,10,3,3,16.90939349112426,15.477606461086637
2024-11-01,경기,42.805865921787706,25.508969398522687,0.9,14.6,75.3,1015.0,11.394455994455992,11,3,4,21.749176125961185,14.706181818181818
2024-11-02,경기,32.9579600275672,19.491203377902885,1.3,17.1,66.5,1013.6,11.394455994455992,11,3,5,25.508969398522687,12.154825026511135
2024-11-03,경기,27.017653167185877,16.004611564384533,1.9,16.9,71.4,1017.1,0.0,11,3,6,19.491203377902885,16.667138309161654
2024-11-04,경기,27.37628682996095,13.562885103298296,2.3,14.6,63.4,1016.3,1.0,11,3,0,16.004611564384533,22.310257339615802
2024-11-05,경기,27.553654188948308,9.978467153284672,2.1,9.4,49.1,1017.9,11.394455994455992,11,3,1,13.562885103298296,7.508333333333334
2024-11-06,경기,28.37788355913585,12.725344250093041,1.8,6.8,49.5,1022.0,11.394455994455992,11,3,2,9.978467153284672,16.90939349112426
2024-11-07,경기,41.21103896103896,21.762183950164896,1.1,6.8,59.4,1025.4,11.394455994455992,11,3,3,12.725344250093041,21.749176125961185
2024-11-08,경기,38.76195499296765,22.09064851307775,1.0,8.9,62.3,1023.6,11.394455994455992,11,3,4,21.762183950164896,25.508969398522687
2024-11-09,경기,33.46466735608411,19.592839592839592,0.9,11.9,67.5,1021.9,11.394455994455992,11,3,5,22.09064851307775,19.491203377902885
2024-11-10,경기,27.420979506773186,17.167957746478873,1.1,13.1,75.4,1017.8,11.394455994455992,11,3,6,19.592839592839592,16.004611564384533
2024-11-11,경기,52.41029256256609,30.630977872947895,0.9,13.0,75.8,1015.7,11.394455994455992,11,3,0,17.167957746478873,13.562885103298296
2024-11-12,경기,44.70211242391694,27.648658448150833,1.4,13.1,73.8,1015.4,11.394455994455992,11,3,1,30.630977872947895,9.978467153284672
2024-11-13,경기,42.95990063875089,23.06428313470567,1.4,12.8,72.8,1017.8,11.394455994455992,11,3,2,27.648658448150833,12.725344250093041
2024-11-14,경기,38.35206786850477,19.700324558240172,1.1,14.7,68.0,1015.9,0.0,11,3,3,23.06428313470567,21.762183950164896
2024-11-15,경기,28.903112976565232,16.974937343358395,1.7,15.9,70.8,1014.3,6.4,11,3,4,19.700324558240172,22.09064851307775
2024-11-16,경기,22.265511265164644,13.739022662889518,1.8,16.8,73.4,1011.8,4.3,11,3,5,16.974937343358395,19.592839592839592
2024-11-17,경기,18.45098039215686,8.0407223796034,3.8,7.6,44.4,1019.3,11.394455994455992,11,3,6,13.739022662889518,17.167957746478873
2024-11-18,경기,18.107015032211883,6.9996339677891655,2.5,2.7,32.5,1027.8,11.394455994455992,11,3,0,8.0407223796034,30.630977872947895
2024-11-19,경기,27.093130311614733,12.987672226250906,1.1,4.3,57.9,1025.3,11.394455994455992,11,3,1,6.9996339677891655,27.648658448150833
2024-11-20,경기,42.873946629213485,25.892703862660944,1.0,5.4,73.3,1020.0,0.2,11,3,2,12.987672226250906,23.06428313470567
2024-11-21,경기,56.245418613007544,37.88985507246377,1.4,9.0,71.9,1015.7,0.0,11,3,3,25.892703862660944,19.700324558240172
2024-11-22,경기,35.316366207140334,18.97009009009009,2.0,6.0,48.6,1019.0,11.394455994455992,11,3,4,37.88985507246377,16.974937343358395
2024-11-23,경기,26.011756569847858,14.745146487822097,1.2,5.0,57.5,1023.2,11.394455994455992,11,3,5,18.97009009009009,13.739022662889518
2024-11-24,경기,21.138589788120875,13.145051804215791,1.1,5.9,68.4,1024.8,11.394455994455992,11,3,6,14.745146487822097,8.0407223796034
2024-11-25,경기,24.040636042402827,13.121995630007284,2.7,10.0,60.4,1018.7,11.394455994455992,11,3,0,13.145051804215791,6.9996339677891655
2024-11-26,경기,9.777307963354476,4.386527377521614,3.6,6.5,80.8,1007.7,35.4,11,3,1,13.121995630007284,12.987672226250906
2024-11-27,경기,9.445309734513275,5.937865497076023,1.9,-0.1,90.1,1007.3,29.9,11,3,2,4.386527377521614,25.892703862660944
2024-11-28,경기,15.0756211739287,9.971935007385524,1.3,0.8,85.3,1006.9,19.6,11,3,3,5.937865497076023,37.88985507246377
2024-11-29,경기,30.702731092436974,18.208333333333332,1.0,-0.6,83.6,1009.0,0.9,11,3,4,9.971935007385524,18.97009009009009
2024-11-30,경기,25.378359751895246,16.178470254957507,0.8,0.9,88.9,1011.2,0.4,11,3,5,18.208333333333332,14.745146487822097
2024-12-01,경기,32.77477477477478,24.227393113885736,1.0,3.4,89.3,1011.3,0.4,12,4,6,16.178470254957507,13.145051804215791
2024-12-02,경기,41.67391304347826,26.962306822465134,1.4,5.2,83.4,1011.9,11.394455994455992,12,4,0,24.227393113885736,13.121995630007284
2024-12-03,경기,18.704444444444444,7.7145579268292686,1.8,0.9,50.4,1019.1,11.394455994455992,12,4,1,26.962306822465134,4.386527377521614
2024-12-04,경기,25.230798479087454,13.248073959938367,1.3,1.9,66.0,1017.4,0.0,12,4,2,7.7145579268292686,5.937865497076023
2024-12-05,경기,25.258765243902438,13.91608118657299,1.4,3.1,71.9,1012.7,0.4,12,4,3,13.248073959938367,9.971935007385524
2024-12-06,경기,24.563197026022305,8.728793774319065,2.3,2.1,51.0,1016.8,0.0,12,4,4,13.91608118657299,18.208333333333332
2024-12-07,경기,21.30958501652589,10.427221172022684,2.3,-0.2,60.3,1019.6,11.394455994455992,12,4,5,8.728793774319065,16.178470254957507
2024-12-08,경기,22.49485294117647,11.404490106544902,2.0,-0.9,51.5,1021.9,11.394455994455992,12,4,6,10.427221172022684,24.227393113885736
2024-12-09,경기,36.017189835575486,18.3547507788162,1.1,0.0,65.6,1020.3,11.394455994455992,12,4,0,11.404490106544902,26.962306822465134
2024-12-10,경기,43.08345697329377,26.84853168469861,1.3,1.2,68.0,1019.3,11.394455994455992,12,4,1,18.3547507788162,7.7145579268292686
2024-12-11,경기,58.7440543601359,35.97704280155642,1.2,2.2,55.8,1018.2,11.394455994455992,12,4,2,26.84853168469861,13.248073959938367
2024-12-12,경기,43.05725047080979,23.224353954581048,1.4,0.0,47.3,1020.2,11.394455994455992,12,4,3,35.97704280155642,13.91608118657299
2024-12-13,경기,28.96959584723767,14.927838966957843,1.8,0.7,45.1,1017.9,11.394455994455992,12,4,4,23.224353954581048,8.728793774319065
2024-12-14,경기,27.920446364290857,13.80954128440367,1.9,-1.2,54.9,1020.5,0.0,12,4,5,14.927838966957843,10.427221172022684
2024-12-15,경기,21.3927797833935,11.215577703949798,2.0,0.6,65.6,1016.7,0.0,12,4,6,13.80954128440367,11.404490106544902
2024-12-16,경기,28.095713229859573,15.504341260853153,1.0,-0.3,70.6,1017.9,0.3,12,4,0,11.215577703949798,18.3547507788162
2024-12-17,경기,25.355685131195337,13.921810699588477,1.6,-1.4,58.3,1020.9,11.394455994455992,12,4,1,15.504341260853153,26.84853168469861
2024-12-18,경기,30.534311926605504,14.452308856926571,1.9,-3.6,47.0,1022.4,11.394455994455992,12,4,2,13.921810699588477,35.97704280155642
2024-12-19,경기,54.018402649981596,30.059622641509435,0.8,-2.6,51.5,1024.9,11.394455994455992,12,4,3,14.452308856926571,23.224353954581048
2024-12-20,경기,57.74201930215293,38.28684508104033,1.1,0.2,70.1,1017.7,1.2,12,4,4,30.059622641509435,14.927838966957843
2024-12-21,경기,47.78295997062064,37.00930752047655,3.0,-0.7,70.0,1015.1,1.9,12,4,5,38.28684508104033,13.80954128440367
2024-12-22,경기,19.87742407610684,9.720861172976987,2.3,-3.8,51.3,1023.1,11.394455994455992,12,4,6,37.00930752047655,11.215577703949798
2024-12-23,경기,30.053116931021762,18.147602869007173,1.3,-0.9,66.4,1022.0,11.394455994455992,12,4,0,9.720861172976987,15.504341260853153
2024-12-24,경기,33.58239359767188,19.350150602409638,1.0,-1.1,57.0,1023.6,11.394455994455992,12,4,1,18.147602869007173,13.921810699588477
2024-12-25,경기,36.01979841612671,24.67700453857791,1.1,1.7,69.9,1020.8,0.3,12,4,2,19.350150602409638,14.452308856926571
2024-12-26,경기,60.659264652348014,29.011077158135983,3.1,0.4,56.3,1020.4,0.0,12,4,3,24.67700453857791,30.059622641509435
2024-12-27,경기,29.693036820998906,12.053383458646616,2.1,-2.5,54.6,1021.6,0.0,12,4,4,29.011077158135983,38.28684508104033
2024-12-28,경기,29.421487603305785,12.406015037593985,2.3,-3.1,52.6,1019.9,11.394455994455992,12,4,5,12.053383458646616,37.00930752047655
2024-12-29,경기,26.512405609492987,15.538780120481928,1.0,0.9,63.8,1020.3,11.394455994455992,12,4,6,12.406015037593985,9.720861172976987
2024-12-30,경기,55.174245180065476,32.26296018031555,2.0,5.2,69.0,1014.2,11.394455994455992,12,4,0,15.538780120481928,18.147602869007173
2024-12-31,경기,51.623947272061514,17.2181146025878,2.6,0.1,46.0,1016.9,0.0,12,4,1,32.26296018031555,19.350150602409638
2023-01-08,경남,63.513982642237224,27.676720075400567,1.1,3.3,51.4,1020.1,11.394455994455992,1,4,6,50.014044943820224,34.18521897810219
2023-01-09,경남,69.85951219512195,33.32424537487829,0.9,6.5,54.5,1018.3,11.394455994455992,1,4,0,27.676720075400567,8.861163227016885
2023-01-10,경남,49.38048780487805,25.665334665334665,1.1,5.2,52.9,1023.4,11.394455994455992,1,4,1,33.32424537487829,10.023786869647955
2023-01-11,경남,33.009372071227745,18.4199604743083,0.8,5.8,69.5,1020.9,11.394455994455992,1,4,2,25.665334665334665,16.360037700282753
2023-01-12,경남,37.13408876298395,22.299808429118773,0.9,8.2,67.9,1018.6,2.1,1,4,3,18.4199604743083,47.50232558139535
2023-01-13,경남,15.158594491927825,10.434077079107505,1.0,13.7,94.1,1007.5,62.6,1,4,4,22.299808429118773,61.07735321528425
2023-01-14,경남,15.401996370235935,10.843869731800766,1.0,10.0,91.0,1007.9,3.8,1,4,5,10.434077079107505,50.014044943820224
2023-01-15,경남,11.510464058234758,7.493719806763285,1.5,4.7,82.0,1010.9,0.0,1,4,6,10.843869731800766,27.676720075400567
2023-01-16,경남,16.939275220372185,11.206060606060607,3.5,-0.4,47.8,1017.1,11.394455994455992,1,4,0,7.493719806763285,33.32424537487829
2023-01-17,경남,20.463242698892245,13.099691675231243,3.0,-0.2,37.5,1019.8,11.394455994455992,1,4,1,11.206060606060607,25.665334665334665
2023-01-18,경남,41.67522211253702,24.526315789473685,1.1,1.3,51.4,1020.7,11.394455994455992,1,4,2,13.099691675231243,18.4199604743083
2023-01-19,경남,47.78029556650246,24.64493480441324,1.1,1.1,56.5,1019.7,11.394455994455992,1,4,3,24.526315789473685,22.299808429118773
2023-01-20,경남,60.473438956197576,20.555555555555557,1.7,1.4,38.4,1020.5,11.394455994455992,1,4,4,24.64493480441324,10.434077079107505
2023-01-21,경남,17.050046339202964,8.587591240875913,2.1,-1.3,27.6,1024.6,11.394455994455992,1,4,5,20.555555555555557,10.843869731800766
2023-01-22,경남,19.228703703703705,12.650547445255475,1.4,0.5,38.3,1021.2,11.394455994455992,1,4,6,8.587591240875913,7.493719806763285
2023-01-23,경남,31.653703703703705,17.065395095367847,1.3,4.3,40.8,1016.0,11.394455994455992,1,4,0,12.650547445255475,11.206060606060607
2023-01-24,경남,28.33425925925926,13.175487465181059,3.0,-6.6,25.3,1019.0,11.394455994455992,1,4,1,17.065395095367847,13.099691675231243
2023-01-25,경남,9.918683446272992,6.216818642350558,1.7,-7.7,26.1,1023.9,11.394455994455992,1,4,2,13.175487465181059,24.526315789473685
2023-01-26,경남,21.003036437246962,12.010245901639344,1.1,-2.1,42.0,1019.1,11.394455994455992,1,4,3,6.216818642350558,24.64493480441324
2023-01-27,경남,26.55029013539652,12.363285024154589,2.0,-2.1,33.0,1015.1,11.394455994455992,1,4,4,12.010245901639344,20.555555555555557
2023-01-28,경남,20.0090661831369,10.946788990825688,1.7,-4.3,44.0,1017.2,11.394455994455992,1,4,5,12.363285024154589,8.587591240875913
2023-01-29,경남,35.705234159779614,12.955535390199637,1.2,0.4,49.1,1015.6,11.394455994455992,1,4,6,10.946788990825688,12.650547445255475
2023-01-30,경남,30.98706099815157,12.871268656716419,1.3,2.0,31.1,1017.6,11.394455994455992,1,4,0,12.955535390199637,17.065395095367847
2023-01-31,경남,26.756029684601113,14.267552182163188,1.2,2.5,43.9,1015.4,11.394455994455992,1,4,1,12.871268656716419,13.175487465181059
2023-02-01,경남,43.32290708371665,22.594746716697937,1.1,6.0,45.8,1012.2,11.394455994455992,2,4,2,14.267552182163188,6.216818642350558
2023-02-02,경남,28.699082568807338,16.593837535014007,1.8,1.9,30.5,1019.8,11.394455994455992,2,4,3,22.594746716697937,12.010245901639344
2023-02-03,경남,34.073059360730596,20.560730593607307,1.4,3.1,31.5,1016.6,11.394455994455992,2,4,4,16.593837535014007,12.363285024154589
2023-02-04,경남,31.769927536231883,20.596014492753625,1.9,1.7,32.9,1019.2,11.394455994455992,2,4,5,20.560730593607307,10.946788990825688
2023-02-05,경남,37.291666666666664,27.112420670897553,1.3,2.7,40.1,1019.9,11.394455994455992,2,4,6,20.596014492753625,12.955535390199637
2023-02-06,경남,38.02965708989805,26.32777777777778,0.9,4.7,32.3,1017.1,11.394455994455992,2,4,0,27.112420670897553,12.871268656716419
2023-02-07,경남,42.54081632653061,29.055710306406684,1.1,6.6,48.8,1015.1,11.394455994455992,2,4,1,26.32777777777778,14.267552182163188
2023-02-08,경남,47.65523632993513,33.23376623376623,1.6,6.7,40.4,1019.9,11.394455994455992,2,4,2,29.055710306406684,22.594746716697937
2023-02-09,경남,38.03280224929709,26.54621848739496,2.0,5.7,47.1,1022.1,3.4,2,4,3,33.23376623376623,16.593837535014007
2023-02-10,경남,10.28436018957346,8.311969839773798,2.2,4.2,74.8,1014.5,18.2,2,4,4,26.54621848739496,20.560730593607307
2023-02-11,경남,36.537962962962965,28.685117967332122,1.1,4.6,71.5,1018.6,11.394455994455992,2,4,5,8.311969839773798,20.596014492753625
2023-02-12,경남,36.46018518518518,28.908514492753625,1.1,5.2,72.4,1016.0,0.0,2,4,6,28.685117967332122,27.112420670897553
2023-02-13,경남,29.457089552238806,19.933333333333334,1.5,6.3,68.3,1012.2,0.2,2,4,0,28.908514492753625,26.32777777777778
2023-02-14,경남,26.68165137614679,18.052341597796143,1.6,5.2,59.4,1016.4,11.394455994455992,2,4,1,19.933333333333334,29.055710306406684
2023-02-15,경남,12.680147058823529,8.452205882352942,2.3,3.4,58.4,1024.2,11.394455994455992,2,4,2,18.052341597796143,33.23376623376623
2023-02-16,경남,18.17717996289425,11.527441860465116,1.4,4.3,65.9,1025.8,0.0,2,4,3,8.452205882352942,26.54621848739496
2023-02-17,경남,34.34849863512284,23.765454545454546,0.6,5.0,62.4,1022.8,0.0,2,4,4,11.527441860465116,8.311969839773798
2023-02-18,경남,37.610154125113326,28.256340579710145,0.6,6.0,88.8,1015.4,1.9,2,4,5,23.765454545454546,28.685117967332122
2023-02-19,경남,32.16394927536232,23.903723887375115,1.5,7.8,56.8,1012.2,0.3,2,4,6,28.256340579710145,28.908514492753625
2023-02-20,경남,24.97329650092081,8.74907063197026,1.8,3.1,27.8,1019.7,11.394455994455992,2,4,0,23.903723887375115,19.933333333333334
2023-02-21,경남,22.612244897959183,11.484679665738161,1.8,1.0,35.6,1028.4,11.394455994455992,2,4,1,8.74907063197026,18.052341597796143
2023-02-22,경남,21.651974288337925,12.855689176688252,1.5,4.8,50.1,1025.1,11.394455994455992,2,4,2,11.484679665738161,8.452205882352942
2023-02-23,경남,27.125925925925927,18.802790697674418,1.6,7.8,52.0,1017.6,0.0,2,4,3,12.855689176688252,11.527441860465116
2023-02-24,경남,52.36239782016349,35.558394160583944,2.1,8.1,29.3,1017.5,11.394455994455992,2,4,4,18.802790697674418,23.765454545454546
2023-02-25,경남,27.8475499092559,16.719202898550726,2.0,3.8,27.8,1024.8,11.394455994455992,2,4,5,35.558394160583944,28.256340579710145
2023-02-26,경남,28.706521739130434,18.23641304347826,1.5,3.9,31.5,1030.8,11.394455994455992,2,4,6,16.719202898550726,23.903723887375115
2023-02-27,경남,34.13720073664825,23.321691176470587,1.3,5.8,45.4,1029.2,11.394455994455992,2,4,0,18.23641304347826,8.74907063197026
2023-02-28,경남,27.573831775700935,18.684557438794727,1.4,7.7,59.1,1022.5,11.394455994455992,2,4,1,23.321691176470587,11.484679665738161
2023-03-01,경남,30.91181818181818,20.05646630236794,1.2,9.0,57.8,1015.8,0.0,3,1,2,18.684557438794727,12.855689176688252
2023-03-02,경남,30.722018348623852,10.954086317722682,1.8,4.2,26.3,1021.3,11.394455994455992,3,1,3,20.05646630236794,18.802790697674418
2023-03-03,경남,34.90610756608933,15.555150410209663,1.4,6.3,29.6,1022.4,11.394455994455992,3,1,4,10.954086317722682,35.558394160583944
2023-03-04,경남,59.86141304347826,33.882246376811594,1.1,8.5,46.0,1023.2,11.394455994455992,3,1,5,15.555150410209663,16.719202898550726
2023-03-05,경남,45.08242753623188,26.243880326382595,1.4,8.5,61.0,1022.8,11.394455994455992,3,1,6,33.882246376811594,18.23641304347826
2023-03-06,경남,47.49723756906077,27.296500920810313,1.4,9.4,61.4,1019.1,11.394455994455992,3,1,0,26.243880326382595,23.321691176470587
2023-03-07,경남,54.63568773234201,28.424381301558203,1.5,11.0,59.9,1017.6,11.394455994455992,3,1,1,27.296500920810313,18.684557438794727
2023-03-08,경남,52.23523898781631,24.228624535315983,1.5,12.9,58.4,1016.4,11.394455994455992,3,1,2,28.424381301558203,20.05646630236794
2023-03-09,경남,44.584103512014785,21.85,1.5,14.1,74.1,1011.6,0.0,3,1,3,24.228624535315983,10.954086317722682
2023-03-10,경남,70.18481244281793,30.40896614821592,1.4,12.1,78.3,1016.2,11.394455994455992,3,1,4,21.85,15.555150410209663
2023-03-11,경남,86.5570652173913,39.04347826086956,1.2,13.4,75.9,1018.5,11.394455994455992,3,1,5,30.40896614821592,33.882246376811594
2023-03-12,경남,48.53867151956324,24.91620626151013,1.8,10.3,72.0,1014.7,7.7,3,1,6,39.04347826086956,26.243880326382595
2023-03-13,경남,27.411380597014926,9.38135593220339,1.7,4.5,36.4,1017.8,11.394455994455992,3,1,0,24.91620626151013,27.296500920810313
2023-03-14,경남,47.53938832252085,13.192022263450834,1.5,8.3,57.3,1016.3,11.394455994455992,3,1,1,9.38135593220339,28.424381301558203
2023-03-15,경남,30.61340679522498,11.891866913123845,1.4,12.8,68.3,1016.5,11.394455994455992,3,1,2,13.192022263450834,24.228624535315983
2023-03-16,경남,39.2791551882461,11.196132596685082,2.2,10.8,46.9,1020.6,11.394455994455992,3,1,3,11.891866913123845,21.85
2023-03-17,경남,41.40201465201465,14.992673992673993,1.5,9.8,42.8,1018.0,11.394455994455992,3,1,4,11.196132596685082,30.40896614821592
2023-03-18,경남,35.79981884057971,15.52626811594203,1.7,10.2,55.3,1013.2,11.394455994455992,3,1,5,14.992673992673993,39.04347826086956
2023-03-19,경남,49.405797101449274,22.777173913043477,2.2,10.9,37.0,1014.8,11.394455994455992,3,1,6,15.52626811594203,24.91620626151013
2023-03-20,경남,54.42685185185185,25.997222222222224,1.5,10.9,50.8,1011.7,11.394455994455992,3,1,0,22.777173913043477,9.38135593220339
2023-03-21,경남,47.90783410138249,22.344700460829493,1.6,13.2,59.0,1008.2,11.394455994455992,3,1,1,25.997222222222224,13.192022263450834
2023-03-22,경남,26.51033834586466,15.648725212464589,0.9,15.3,77.8,1006.3,4.4,3,1,2,22.344700460829493,11.891866913123845
2023-03-23,경남,12.025592417061612,7.748738647830474,0.8,15.2,90.4,1001.5,39.6,3,1,3,15.648725212464589,11.196132596685082
2023-03-24,경남,67.51457194899818,20.838797814207652,1.1,12.2,83.3,1010.9,3.1,3,1,4,7.748738647830474,14.992673992673993
2023-03-25,경남,92.17753623188406,19.29981884057971,1.2,10.6,67.4,1014.4,0.2,3,1,5,20.838797814207652,15.52626811594203
2023-03-26,경남,73.48641304347827,20.00996376811594,1.2,10.5,75.0,1011.6,2.6,3,1,6,19.29981884057971,22.777173913043477
2023-03-27,경남,32.81088560885609,12.234533702677748,1.9,9.9,33.9,1015.7,11.394455994455992,3,1,0,20.00996376811594,25.997222222222224
2023-03-28,경남,43.46851851851852,20.833487511563366,1.6,11.2,46.5,1019.2,11.394455994455992,3,1,1,12.234533702677748,22.344700460829493
2023-03-29,경남,86.91734786557674,42.071752951861946,1.3,12.0,58.1,1017.8,11.394455994455992,3,1,2,20.833487511563366,15.648725212464589
2023-03-30,경남,80.7959927140255,42.60948905109489,0.9,13.6,50.4,1014.9,11.394455994455992,3,1,3,42.071752951861946,7.748738647830474
2023-03-31,경남,56.71506352087114,29.166969147005446,1.4,15.6,41.6,1013.3,11.394455994455992,3,1,4,42.60948905109489,20.838797814207652
2023-04-01,경남,58.395833333333336,31.5,1.3,15.2,44.1,1012.2,11.394455994455992,4,1,5,29.166969147005446,19.29981884057971
2023-04-02,경남,38.80072463768116,24.097826086956523,2.5,15.3,40.9,1014.7,11.394455994455992,4,1,6,31.5,20.00996376811594
2023-04-03,경남,31.848345588235293,18.212316176470587,1.5,14.3,48.9,1018.6,11.394455994455992,4,1,0,24.097826086956523,12.234533702677748
2023-04-04,경남,25.962107208872457,13.375231053604436,1.4,13.8,67.3,1016.7,0.0,4,1,1,18.212316176470587,20.833487511563366
2023-04-05,경남,14.583175803402646,8.209693372898121,3.0,14.8,86.5,1008.0,62.6,4,1,2,13.375231053604436,42.071752951861946
2023-04-06,경남,22.538171536286523,18.039622641509435,1.7,12.3,71.9,1006.4,2.2,4,1,3,8.209693372898121,42.60948905109489
2023-04-07,경남,40.559701492537314,23.789671361502347,1.9,12.5,51.4,1008.4,2.3,4,1,4,18.039622641509435,29.166969147005446
2023-04-08,경남,29.177330895795247,7.126383763837638,1.8,10.4,24.8,1014.4,11.394455994455992,4,1,5,23.789671361502347,31.5
2023-04-09,경남,47.41804788213628,9.198508853681268,1.7,11.7,37.8,1015.0,11.394455994455992,4,1,6,7.126383763837638,24.097826086956523
2023-04-10,경남,39.88425925925926,9.434782608695652,1.6,12.8,57.9,1013.1,11.394455994455992,4,1,0,9.198508853681268,18.212316176470587
2023-04-11,경남,28.27389705882353,10.087557603686635,1.4,16.4,72.0,1008.8,0.0,4,1,1,9.434782608695652,13.375231053604436
2023-04-12,경남,209.3125,28.900804289544237,2.3,14.2,29.3,1011.8,11.394455994455992,4,1,2,10.087557603686635,8.209693372898121
2023-04-13,경남,97.3913043478261,17.72646536412078,1.8,14.3,32.4,1013.5,11.394455994455992,4,1,3,28.900804289544237,18.039622641509435
2023-04-14,경남,54.87466666666667,17.42222222222222,0.9,12.8,78.9,1009.9,5.3,4,1,4,17.72646536412078,23.789671361502347
2023-04-15,경남,23.423758865248228,11.811170212765957,0.9,13.0,79.0,1000.0,3.5,4,1,5,17.42222222222222,7.126383763837638
2023-04-16,경남,67.8936170212766,20.504880212954745,0.9,11.8,67.4,1001.0,0.0,4,1,6,11.811170212765957,9.198508853681268
2023-04-17,경남,81.73968835930339,22.652612282309807,1.5,12.7,57.6,1012.1,11.394455994455992,4,1,0,20.504880212954745,9.434782608695652
2023-04-18,경남,63.31059907834101,20.412903225806453,1.4,16.6,79.5,1008.2,0.1,4,1,1,22.652612282309807,10.087557603686635
2023-04-19,경남,41.14798206278027,22.4366576819407,0.7,16.3,89.9,1006.5,1.4,4,1,2,20.412903225806453,28.900804289544237
2023-04-20,경남,40.27812781278128,20.922661870503596,1.3,19.9,69.1,1004.7,11.394455994455992,4,1,3,22.4366576819407,17.72646536412078
2023-04-21,경남,135.6315789473684,28.72792149866191,2.2,18.2,51.8,1006.9,11.394455994455992,4,1,4,20.922661870503596,17.42222222222222
2023-04-22,경남,222.91978609625667,34.33673469387755,2.4,14.5,37.3,1015.3,11.394455994455992,4,1,5,28.72792149866191,11.811170212765957
2023-04-23,경남,82.46511627906976,17.846585594013096,1.7,13.6,46.1,1019.0,11.394455994455992,4,1,6,34.33673469387755,20.504880212954745
2023-04-24,경남,30.413793103448278,12.08831908831909,1.8,13.0,51.5,1019.7,0.0,4,1,0,17.846585594013096,22.652612282309807
2023-04-25,경남,20.828413284132843,11.98988040478381,1.0,9.7,79.8,1010.9,14.6,4,1,1,12.08831908831909,20.412903225806453
2023-04-26,경남,28.025806451612905,13.921658986175116,1.4,13.2,55.5,1008.6,11.394455994455992,4,1,2,11.98988040478381,22.4366576819407
2023-04-27,경남,30.465328467153284,15.776051188299817,1.6,13.3,64.5,1016.4,11.394455994455992,4,1,3,13.921658986175116,20.922661870503596
2023-04-28,경남,29.322964318389754,15.072410632447296,1.6,16.2,71.0,1013.5,0.0,4,1,4,15.776051188299817,28.72792149866191
2023-04-29,경남,25.05535390199637,12.47493163172288,1.7,16.2,83.4,1003.2,24.3,4,1,5,15.072410632447296,34.33673469387755
2023-04-30,경남,34.10263396911898,12.402173913043478,1.6,14.9,51.6,1006.4,11.394455994455992,4,1,6,12.47493163172288,17.846585594013096
2023-05-01,경남,38.71376146788991,15.587534372135655,1.0,16.8,38.1,1012.4,11.394455994455992,5,1,0,12.402173913043478,12.08831908831909
2023-05-02,경남,30.016728624535315,15.133953488372093,1.4,15.9,50.9,1019.4,11.394455994455992,5,1,1,15.587534372135655,11.98988040478381
2023-05-03,경남,32.87181903864279,17.64224548049477,1.2,16.6,66.5,1018.4,11.394455994455992,5,1,2,15.133953488372093,13.921658986175116
2023-05-04,경남,22.005524861878452,11.965160075329567,1.5,17.0,79.9,1012.4,4.3,5,1,3,17.64224548049477,15.776051188299817
2023-05-05,경남,16.062100456621003,7.029712163416899,2.9,18.9,89.3,1002.1,136.5,5,1,4,11.965160075329567,15.072410632447296
2023-05-06,경남,6.782650142993327,4.182711198428291,2.3,15.5,87.9,1001.8,51.2,5,1,5,7.029712163416899,12.47493163172288
2023-05-07,경남,24.580348943985307,18.629734848484848,1.4,11.7,76.6,1006.3,4.6,5,1,6,4.182711198428291,12.402173913043478
2023-05-08,경남,24.470477975632615,16.391801715919925,1.4,14.0,54.4,1011.8,11.394455994455992,5,1,0,18.629734848484848,15.587534372135655
2023-05-09,경남,32.53651685393258,21.64392523364486,1.3,16.6,54.5,1011.6,11.394455994455992,5,1,1,16.391801715919925,15.133953488372093
2023-05-10,경남,37.990817263544535,22.91743119266055,1.5,17.8,59.3,1012.0,11.394455994455992,5,1,2,21.64392523364486,17.64224548049477
2023-05-11,경남,36.66821130676552,21.712696941612606,1.4,17.1,57.8,1014.7,11.394455994455992,5,1,3,22.91743119266055,11.965160075329567
2023-05-12,경남,29.56932966023875,15.17722681359045,1.8,17.0,59.3,1013.4,0.2,5,1,4,21.712696941612606,7.029712163416899
2023-05-13,경남,17.100634632819585,11.95806745670009,0.7,14.3,88.5,1009.3,5.2,5,1,5,15.17722681359045,4.182711198428291
2023-05-14,경남,29.092391304347824,20.87181818181818,1.4,17.3,75.3,1005.1,11.394455994455992,5,1,6,11.95806745670009,18.629734848484848
2023-05-15,경남,39.17652582159624,26.86824644549763,1.5,19.5,65.5,1005.4,11.394455994455992,5,1,0,20.87181818181818,16.391801715919925
2023-05-16,경남,50.55754716981132,34.27504725897921,1.7,20.0,75.4,1008.0,11.394455994455992,5,1,1,26.86824644549763,21.64392523364486
2023-05-17,경남,36.47304832713755,22.572617946345975,1.9,20.7,74.8,1010.8,11.394455994455992,5,1,2,34.27504725897921,22.91743119266055
2023-05-18,경남,27.713352007469656,19.91377694470478,0.7,18.1,90.1,1006.6,29.2,5,1,3,22.572617946345975,21.712696941612606
2023-05-19,경남,15.150697674418605,8.486842105263158,1.6,18.5,74.1,1004.5,0.3,5,1,4,19.91377694470478,15.17722681359045
2023-05-20,경남,25.11332728921124,14.984601449275363,1.7,17.7,73.1,1007.1,11.394455994455992,5,1,5,8.486842105263158,11.95806745670009
2023-05-21,경남,27.88677536231884,16.392565729827744,1.4,20.8,67.0,1004.1,11.394455994455992,5,1,6,14.984601449275363,20.87181818181818
2023-05-22,경남,129.4378478664193,30.241187384044526,0.7,17.9,60.3,1003.7,0.2,5,1,0,16.392565729827744,26.86824644549763
2023-05-23,경남,88.33241505968779,23.92916283348666,1.5,17.6,62.4,1006.3,11.394455994455992,5,1,1,30.241187384044526,34.27504725897921
2023-05-24,경남,43.80386740331492,17.852534562211982,1.4,18.1,63.3,1011.1,11.394455994455992,5,1,2,23.92916283348666,22.572617946345975
2023-05-25,경남,24.559290382819796,11.945590994371482,1.5,18.3,63.4,1013.0,11.394455994455992,5,1,3,17.852534562211982,19.91377694470478
2023-05-26,경남,26.280442804428045,12.682027649769585,1.0,20.0,73.6,1015.0,0.0,5,1,4,11.945590994371482,8.486842105263158
2023-05-27,경남,24.91213768115942,12.29283771532185,1.5,22.3,71.5,1014.4,0.1,5,1,5,12.682027649769585,14.984601449275363
2023-05-28,경남,15.78826764436297,7.23747680890538,1.6,20.9,87.9,1010.1,6.5,5,1,6,12.29283771532185,16.392565729827744
2023-05-29,경남,7.1708253358925145,3.704284221525601,1.0,20.7,92.4,1006.6,50.3,5,1,0,7.23747680890538,30.241187384044526
2023-05-30,경남,13.551219512195122,7.568247821878026,0.9,19.4,86.1,1006.7,10.8,5,1,1,3.704284221525601,23.92916283348666
2023-05-31,경남,21.411875589066916,10.22148288973384,1.6,20.3,57.5,1007.1,0.0,5,1,2,7.568247821878026,17.852534562211982
2023-06-01,경남,21.16636029411765,12.739776951672862,0.5,17.1,82.1,1003.2,4.3,6,2,3,10.22148288973384,11.945590994371482
2023-06-02,경남,26.344125809435706,13.518207282913165,1.5,22.7,70.3,997.0,1.6,6,2,4,12.739776951672862,12.682027649769585
2023-06-03,경남,38.11655874190564,21.2368177613321,1.2,21.4,69.4,1003.4,11.394455994455992,6,2,5,13.518207282913165,12.29283771532185
2023-06-04,경남,24.40648148148148,13.406747891283974,1.0,22.2,55.0,1006.4,11.394455994455992,6,2,6,21.2368177613321,7.23747680890538
2023-06-05,경남,26.68808193668529,14.922787193973635,0.5,22.5,53.5,1006.5,11.394455994455992,6,2,0,13.406747891283974,3.704284221525601
2023-06-06,경남,19.718297101449274,12.971920289855072,1.9,20.5,70.1,1003.3,11.394455994455992,6,2,1,14.922787193973635,7.568247821878026
2023-06-07,경남,25.64131455399061,16.10536218250235,1.2,21.6,70.6,1005.1,11.394455994455992,6,2,2,12.971920289855072,10.22148288973384
2023-06-08,경남,19.411820781696854,12.646718146718147,1.8,21.3,75.6,1001.8,11.394455994455992,6,2,3,16.10536218250235,12.739776951672862
2023-06-09,경남,25.54384328358209,17.017924528301887,1.5,22.2,73.8,1000.8,11.394455994455992,6,2,4,12.646718146718147,13.518207282913165
2023-06-10,경남,21.24931756141947,14.221818181818183,1.8,22.5,75.0,1002.5,0.0,6,2,5,17.017924528301887,21.2368177613321
2023-06-11,경남,18.23502722323049,12.813636363636364,1.3,21.8,84.5,1001.8,2.1,6,2,6,14.221818181818183,13.406747891283974
2023-06-12,경남,17.103480714957666,10.541275797373359,1.5,23.1,79.8,1001.4,0.0,6,2,0,12.813636363636364,14.922787193973635
2023-06-13,경남,19.647113594040967,12.708683473389355,1.5,23.0,77.4,1000.2,0.7,6,2,1,10.541275797373359,12.971920289855072
2023-06-14,경남,25.421948912015136,16.637310606060606,1.3,21.8,77.3,1001.7,27.1,6,2,2,12.708683473389355,16.10536218250235
2023-06-15,경남,26.879923150816524,19.121739130434783,1.3,20.4,80.1,1004.7,11.394455994455992,6,2,3,16.637310606060606,12.646718146718147
2023-06-16,경남,31.675675675675677,22.95680751173709,1.2,23.9,66.1,1008.6,11.394455994455992,6,2,4,19.121739130434783,17.017924528301887
2023-06-17,경남,27.5494106980961,18.588555858310627,1.3,24.1,63.8,1008.3,11.394455994455992,6,2,5,22.95680751173709,14.221818181818183
2023-06-18,경남,29.46279491833031,20.91462306993642,1.3,24.7,63.4,1003.1,11.394455994455992,6,2,6,18.588555858310627,12.813636363636364
2023-06-19,경남,36.49429657794677,23.468631178707223,1.1,24.4,67.8,1003.1,11.394455994455992,6,2,0,20.91462306993642,10.541275797373359
2023-06-20,경남,23.18145956607495,11.314595660749507,1.3,22.9,65.0,1002.0,2.3,6,2,1,23.468631178707223,12.708683473389355
2023-06-21,경남,13.368421052631579,8.335609756097561,1.6,21.2,89.3,998.0,17.9,6,2,2,11.314595660749507,16.637310606060606
2023-06-22,경남,18.135490394337715,10.653512993262753,0.9,24.3,68.0,999.1,11.394455994455992,6,2,3,8.335609756097561,19.121739130434783
2023-06-23,경남,18.629737609329446,11.12112676056338,1.9,22.8,71.3,1005.9,11.394455994455992,6,2,4,10.653512993262753,22.95680751173709
2023-06-24,경남,16.577028258887875,9.675774134790528,1.4,22.0,77.8,1011.1,11.394455994455992,6,2,5,11.12112676056338,18.588555858310627
2023-06-25,경남,12.652892561983471,8.328096118299445,1.0,21.8,84.3,1009.6,22.6,6,2,6,9.675774134790528,20.91462306993642
2023-06-26,경남,10.85501489572989,4.80388151174668,2.5,23.8,89.8,1005.6,21.0,6,2,0,8.328096118299445,23.468631178707223
2023-06-27,경남,13.278769841269842,7.457114026236125,2.1,24.8,84.9,1006.4,48.1,6,2,1,4.80388151174668,11.314595660749507
2023-06-28,경남,12.298850574712644,7.1098901098901095,1.4,23.2,83.8,1006.0,36.4,6,2,2,7.457114026236125,8.335609756097561
2023-06-29,경남,17.84990253411306,9.0777666999003,1.6,24.5,88.5,1000.3,8.0,6,2,3,7.1098901098901095,10.653512993262753
2023-06-30,경남,11.645873320537428,6.004826254826255,1.3,23.8,88.5,997.6,17.0,6,2,4,9.0777666999003,11.12112676056338
2023-07-01,경남,24.420909090909092,16.34426229508197,1.2,23.0,86.4,1002.5,0.0,7,2,5,6.004826254826255,9.675774134790528
2023-07-02,경남,27.69600725952813,20.325966850828728,1.0,25.5,80.4,1004.8,11.394455994455992,7,2,6,16.34426229508197,8.328096118299445
2023-07-03,경남,25.31665062560154,17.12632594021215,1.3,25.4,81.9,1002.6,11.394455994455992,7,2,0,20.325966850828728,4.80388151174668
2023-07-04,경남,12.80074487895717,8.127783155856728,1.2,23.8,87.3,999.1,9.8,7,2,1,17.12632594021215,7.457114026236125
2023-07-05,경남,17.253034547152193,9.053921568627452,1.4,26.8,75.8,992.6,31.7,7,2,2,8.127783155856728,7.1098901098901095
2023-07-06,경남,37.12621359223301,20.493633692458374,1.1,25.2,77.5,999.5,11.394455994455992,7,2,3,9.053921568627452,9.0777666999003
2023-07-07,경남,24.981429897864437,17.005676442762535,0.8,22.1,88.1,999.7,69.0,7,2,4,20.493633692458374,6.004826254826255
2023-07-08,경남,15.528662420382165,9.575896964121435,0.8,22.3,93.0,999.7,1.5,7,2,5,17.005676442762535,16.34426229508197
2023-07-09,경남,23.041666666666668,14.73090909090909,1.3,24.4,90.1,1000.5,0.1,7,2,6,9.575896964121435,20.325966850828728
2023-07-10,경남,29.694364851957975,19.216822429906543,2.1,25.9,84.6,1001.9,1.2,7,2,0,14.73090909090909,17.12632594021215
2023-07-11,경남,20.076848249027236,11.524281466798811,1.5,25.6,85.9,1003.1,4.6,7,2,1,19.216822429906543,8.127783155856728
2023-07-12,경남,16.426745329400198,8.449895615866389,1.6,24.8,89.8,1002.7,32.4,7,2,2,11.524281466798811,9.053921568627452
2023-07-13,경남,21.00377358490566,8.922630560928432,1.7,26.1,86.8,1002.6,6.6,7,2,3,8.449895615866389,20.493633692458374
2023-07-14,경남,15.310280373831775,5.009240246406571,2.9,25.7,87.9,999.5,54.8,7,2,4,8.922630560928432,17.005676442762535
2023-07-15,경남,13.827239488117002,4.842685370741483,2.0,26.8,82.8,1000.0,24.8,7,2,5,5.009240246406571,9.575896964121435
2023-07-16,경남,10.697630331753555,5.413721413721413,1.0,23.4,92.9,1005.3,117.9,7,2,6,4.842685370741483,14.73090909090909
2023-07-17,경남,12.233497536945812,5.482222222222222,1.3,26.2,88.0,1009.0,14.8,7,2,0,5.413721413721413,19.216822429906543
2023-07-18,경남,10.304128902316213,4.734717416378316,1.3,24.6,93.3,1006.2,83.0,7,2,1,5.482222222222222,11.524281466798811
2023-07-19,경남,12.641938674579624,7.162863070539419,1.1,23.8,88.4,1003.6,0.1,7,2,2,4.734717416378316,8.449895615866389
2023-07-20,경남,26.002849002849004,17.243833017077797,1.2,24.5,83.8,1005.4,11.394455994455992,7,2,3,7.162863070539419,8.922630560928432
2023-07-21,경남,30.330152671755727,21.481870229007633,1.1,25.0,77.1,1009.1,11.394455994455992,7,2,4,17.243833017077797,5.009240246406571
2023-07-22,경남,15.795081967213115,9.931519699812382,0.9,24.1,84.6,1010.4,0.7,7,2,5,21.481870229007633,4.842685370741483
2023-07-23,경남,13.490018148820326,6.764705882352941,2.2,26.8,84.6,1006.7,10.8,7,2,6,9.931519699812382,5.413721413721413
2023-07-24,경남,10.656702025072324,4.554279749478079,1.7,26.8,84.8,1006.3,5.8,7,2,0,6.764705882352941,5.482222222222222
2023-07-25,경남,12.801181102362206,5.825413223140496,1.3,26.6,85.0,1010.1,2.1,7,2,1,4.554279749478079,4.734717416378316
2023-07-26,경남,25.933009708737863,17.115079365079364,1.1,27.9,81.6,1011.4,0.0,7,2,2,5.825413223140496,7.162863070539419
2023-07-27,경남,29.830243902439026,21.26013847675569,1.0,28.8,74.3,1010.6,11.394455994455992,7,2,3,17.115079365079364,17.243833017077797
2023-07-28,경남,34.31950989632422,25.308420056764426,0.8,29.2,74.3,1010.4,11.394455994455992,7,2,4,21.26013847675569,21.481870229007633
2023-07-29,경남,35.18346957311535,26.438243366880148,1.2,29.3,70.9,1010.4,11.394455994455992,7,2,5,25.308420056764426,9.931519699812382
2023-07-30,경남,28.934065934065934,22.122693726937268,1.3,28.6,72.6,1009.7,11.394455994455992,7,2,6,26.438243366880148,6.764705882352941
2023-07-31,경남,25.704965920155793,18.113813229571985,1.3,28.8,67.9,1008.3,11.394455994455992,7,2,0,22.122693726937268,4.554279749478079
2023-08-01,경남,18.979087452471482,11.033396946564885,1.3,29.0,66.5,1006.9,11.394455994455992,8,2,1,18.113813229571985,5.825413223140496
2023-08-02,경남,21.400568181818183,12.809659090909092,1.1,29.3,69.5,1004.1,11.394455994455992,8,2,2,11.033396946564885,17.115079365079364
2023-08-03,경남,21.348927875243664,13.921129503407984,1.4,30.0,68.3,1002.4,11.394455994455992,8,2,3,12.809659090909092,21.26013847675569
2023-08-04,경남,18.81547064305685,11.81588785046729,1.2,29.9,70.3,1000.6,11.394455994455992,8,2,4,13.921129503407984,25.308420056764426
2023-08-05,경남,19.36139066788655,12.317518248175183,1.5,29.7,73.3,996.4,11.394455994455992,8,2,5,11.81588785046729,26.438243366880148
2023-08-06,경남,13.36779505946935,8.618698441796518,1.2,30.3,67.8,994.1,11.394455994455992,8,2,6,12.317518248175183,22.122693726937268
2023-08-07,경남,15.427734375,9.453385672227673,1.9,30.8,64.5,994.8,11.394455994455992,8,2,0,8.618698441796518,18.113813229571985
2023-08-08,경남,14.869791666666666,8.48956158663883,2.6,29.9,65.5,997.3,11.394455994455992,8,2,1,9.453385672227673,11.033396946564885
2023-08-09,경남,11.452201933404941,6.9799331103678925,1.9,26.0,81.8,996.2,64.1,8,2,2,8.48956158663883,12.809659090909092
2023-08-10,경남,5.951724137931034,3.3590078328981723,2.4,24.8,83.3,987.7,190.2,8,2,3,6.9799331103678925,13.921129503407984
2023-08-11,경남,18.72785485592316,9.544768069039913,1.6,27.1,72.6,998.4,11.394455994455992,8,2,4,3.3590078328981723,11.81588785046729
2023-08-12,경남,26.35887487875849,15.923300970873786,1.1,27.4,76.4,999.9,11.394455994455992,8,2,5,9.544768069039913,12.317518248175183
2023-08-13,경남,26.525954946131243,17.933267909715408,1.2,27.1,75.4,1001.0,11.394455994455992,8,2,6,15.923300970873786,8.618698441796518
2023-08-14,경남,24.538238141335913,16.489423076923078,1.1,28.1,72.9,1001.6,11.394455994455992,8,2,0,17.933267909715408,9.453385672227673
2023-08-15,경남,19.321631878557874,11.719184430027804,1.1,27.5,72.3,1000.1,11.394455994455992,8,2,1,16.489423076923078,8.48956158663883
2023-08-16,경남,26.5505193578848,14.331771321462043,1.7,26.6,80.4,1000.4,11.394455994455992,8,2,2,11.719184430027804,6.9799331103678925
2023-08-17,경남,24.569418386491556,16.43258426966292,1.3,26.6,78.9,1001.4,0.0,8,2,3,14.331771321462043,3.3590078328981723
2023-08-18,경남,19.886531365313655,13.432835820895523,0.9,27.3,78.0,1002.9,0.0,8,2,4,16.43258426966292,9.544768069039913
2023-08-19,경남,15.4324569356301,10.752073732718895,0.7,26.2,89.3,1005.8,21.4,8,2,5,13.432835820895523,15.923300970873786
2023-08-20,경남,20.555959963603275,14.266536964980546,1.2,28.6,80.4,1007.3,11.394455994455992,8,2,6,10.752073732718895,17.933267909715408
2023-08-21,경남,23.157102539981185,16.28862973760933,1.3,28.4,79.4,1005.3,11.394455994455992,8,2,0,14.266536964980546,16.489423076923078
2023-08-22,경남,28.968313140726934,22.038353601496727,1.7,28.5,76.9,1002.4,0.0,8,2,1,16.28862973760933,11.719184430027804
2023-08-23,경남,24.46759259259259,16.986928104575163,1.8,28.7,77.4,1002.3,24.7,8,2,2,22.038353601496727,14.331771321462043
2023-08-24,경남,10.126582278481013,4.421761658031088,2.2,25.9,88.4,1002.7,119.7,8,2,3,16.986928104575163,16.43258426966292
2023-08-25,경남,17.44961977186312,10.168115942028985,1.2,26.7,78.0,1003.9,0.9,8,2,4,4.421761658031088,13.432835820895523
2023-08-26,경남,25.53240740740741,15.22634508348794,1.3,27.0,71.8,1004.9,11.394455994455992,8,2,5,10.168115942028985,10.752073732718895
2023-08-27,경남,23.63855421686747,15.654596100278551,1.4,27.1,72.4,1004.2,11.394455994455992,8,2,6,15.22634508348794,14.266536964980546
2023-08-28,경남,20.266227657572905,12.358223062381853,1.5,27.5,73.8,1003.9,11.394455994455992,8,2,0,15.654596100278551,16.28862973760933
2023-08-29,경남,15.526315789473685,7.527462121212121,2.3,26.9,85.5,1003.5,43.2,8,2,1,12.358223062381853,22.038353601496727
2023-08-30,경남,13.9906191369606,7.173829990448902,1.0,25.7,90.0,1004.8,39.5,8,2,2,7.527462121212121,16.986928104575163
2023-08-31,경남,13.002865329512893,7.331360946745562,1.3,25.4,84.4,1005.5,3.1,8,2,3,7.173829990448902,4.421761658031088
2023-09-01,경남,16.84433497536946,10.142572283150548,0.7,24.4,89.4,1006.9,16.8,9,3,4,7.331360946745562,10.168115942028985
2023-09-02,경남,14.944128787878787,8.695098039215686,0.8,24.3,87.8,1007.9,1.3,9,3,5,10.142572283150548,15.22634508348794
2023-09-03,경남,17.826851851851853,9.514619883040936,1.1,26.2,81.0,1008.4,11.394455994455992,9,3,6,8.695098039215686,15.654596100278551
2023-09-04,경남,21.357894736842105,12.368104312938817,1.1,27.2,76.3,1007.5,0.0,9,3,0,9.514619883040936,12.358223062381853
2023-09-05,경남,18.635148042024834,9.712990936555892,1.6,26.8,60.0,1006.8,11.394455994455992,9,3,1,12.368104312938817,7.527462121212121
2023-09-06,경남,17.01715438950555,9.67808930425753,1.7,26.5,61.1,1007.1,11.394455994455992,9,3,2,9.712990936555892,7.173829990448902
2023-09-07,경남,19.506060606060608,10.518886679920477,2.0,25.1,57.9,1009.6,11.394455994455992,9,3,3,9.67808930425753,7.331360946745562
2023-09-08,경남,16.33396048918156,8.115456238361267,1.2,24.2,64.1,1008.5,11.394455994455992,9,3,4,10.518886679920477,10.142572283150548
2023-09-09,경남,17.040665434380777,9.367365542388331,1.4,23.4,70.6,1007.5,11.394455994455992,9,3,5,8.115456238361267,8.695098039215686
2023-09-10,경남,15.294617563739378,9.554227941176471,1.1,24.4,73.8,1006.6,11.394455994455992,9,3,6,9.367365542388331,9.514619883040936
2023-09-11,경남,18.455924170616115,11.362637362637363,1.2,25.6,76.1,1005.5,11.394455994455992,9,3,0,9.554227941176471,12.368104312938817
2023-09-12,경남,23.19661335841957,15.452229299363058,1.0,25.9,78.3,1006.7,11.394455994455992,9,3,1,11.362637362637363,9.712990936555892
2023-09-13,경남,26.621904761904762,18.86672794117647,0.8,26.3,76.8,1006.3,0.0,9,3,2,15.452229299363058,9.67808930425753
2023-09-14,경남,15.807766990291261,10.394052044609666,0.5,23.8,87.3,1008.1,32.1,9,3,3,18.86672794117647,10.518886679920477
2023-09-15,경남,14.800376647834275,8.601994560290118,0.8,24.4,85.3,1009.4,1.5,9,3,4,10.394052044609666,8.115456238361267
2023-09-16,경남,14.626415094339622,7.663255813953488,0.6,23.6,92.6,1008.8,128.0,9,3,5,8.601994560290118,9.367365542388331
2023-09-17,경남,10.056902985074627,4.746653919694072,1.1,24.5,88.1,1007.0,26.3,9,3,6,7.663255813953488,9.554227941176471
2023-09-18,경남,15.779425393883225,6.7703081232493,1.2,25.4,84.1,1008.6,1.9,9,3,0,4.746653919694072,11.362637362637363
2023-09-19,경남,20.878139534883722,12.22648401826484,0.8,24.8,80.1,1009.7,11.394455994455992,9,3,1,6.7703081232493,15.452229299363058
2023-09-20,경남,27.891465677179962,18.517939282428703,1.6,24.1,84.9,1005.6,31.1,9,3,2,12.22648401826484,18.86672794117647
2023-09-21,경남,11.154942965779467,5.2093690248565965,1.1,21.3,84.5,1005.7,26.9,9,3,3,18.517939282428703,10.394052044609666
2023-09-22,경남,17.51431209602955,8.691244239631336,1.1,21.4,75.8,1011.1,11.394455994455992,9,3,4,5.2093690248565965,8.601994560290118
2023-09-23,경남,16.086599817684593,8.621549421193233,1.5,21.1,64.9,1014.7,11.394455994455992,9,3,5,8.691244239631336,7.663255813953488
2023-09-24,경남,14.329443447037702,6.416440831074977,2.3,22.4,57.6,1014.8,11.394455994455992,9,3,6,8.621549421193233,4.746653919694072
2023-09-25,경남,18.810964083175804,7.976258309591643,1.3,23.0,67.6,1011.7,0.0,9,3,0,6.416440831074977,6.7703081232493
2023-09-26,경남,22.502378686964796,13.887823585810162,0.8,22.5,85.5,1009.1,2.4,9,3,1,7.976258309591643,12.22648401826484
2023-09-27,경남,14.198515769944342,9.129785247432306,0.7,23.7,77.9,1007.2,11.394455994455992,9,3,2,13.887823585810162,18.517939282428703
2023-09-28,경남,14.5,9.237442922374429,1.0,24.2,68.8,1008.8,11.394455994455992,9,3,3,9.129785247432306,5.2093690248565965
2023-09-29,경남,31.753623188405797,22.166969147005446,1.3,23.2,69.5,1009.6,11.394455994455992,9,3,4,9.237442922374429,8.691244239631336
2023-09-30,경남,21.78125,15.995404411764707,1.0,19.9,71.3,1006.9,0.4,9,3,5,22.166969147005446,8.621549421193233
2023-10-01,경남,21.471296296296295,10.865366759517178,1.4,20.0,54.5,1009.4,11.394455994455992,10,3,6,15.995404411764707,6.416440831074977
2023-10-02,경남,15.089981447124304,8.561043802423113,1.3,19.2,50.5,1013.4,11.394455994455992,10,3,0,10.865366759517178,7.976258309591643
2023-10-03,경남,17.101113172541744,10.653061224489797,1.0,17.5,71.8,1013.3,1.0,10,3,1,8.561043802423113,13.887823585810162
2023-10-04,경남,16.15566037735849,10.625830959164292,1.5,19.5,63.0,1009.3,0.0,10,3,2,10.653061224489797,9.129785247432306
2023-10-05,경남,23.156954887218046,9.081998114985863,1.7,17.9,34.8,1010.2,0.0,10,3,3,10.625830959164292,9.237442922374429
2023-10-06,경남,23.808333333333334,10.811038353601496,1.2,16.9,48.5,1014.0,11.394455994455992,10,3,4,9.081998114985863,22.166969147005446
2023-10-07,경남,21.386715195632394,12.615942028985508,1.3,18.6,58.1,1017.4,0.0,10,3,5,10.811038353601496,15.995404411764707
2023-10-08,경남,12.875,6.681859617137648,1.5,18.0,68.0,1017.6,0.0,10,3,6,12.615942028985508,10.865366759517178
2023-10-09,경남,12.726449275362318,7.101000909918107,1.1,19.0,70.3,1014.5,11.394455994455992,10,3,0,6.681859617137648,8.561043802423113
2023-10-10,경남,16.833800186741364,10.95042095416277,1.2,18.9,58.9,1015.6,11.394455994455992,10,3,1,7.101000909918107,10.653061224489797
2023-10-11,경남,20.74765478424015,11.676720075400565,1.3,18.1,54.6,1019.6,11.394455994455992,10,3,2,10.95042095416277,10.625830959164292
2023-10-12,경남,19.17713214620431,11.375471698113207,1.5,17.7,56.6,1019.5,11.394455994455992,10,3,3,11.676720075400565,9.081998114985863
2023-10-13,경남,23.183748845798707,14.500924214417745,1.2,18.4,61.4,1013.5,11.394455994455992,10,3,4,11.375471698113207,10.811038353601496
2023-10-14,경남,23.81294326241135,15.681455190771961,1.1,18.7,63.3,1005.9,11.394455994455992,10,3,5,14.500924214417745,12.615942028985508
2023-10-15,경남,19.9094942324756,13.957371225577266,1.1,17.6,56.8,1006.3,11.394455994455992,10,3,6,15.681455190771961,6.681859617137648
2023-10-16,경남,28.991942703670546,15.572450805008945,1.2,17.1,59.4,1010.1,11.394455994455992,10,3,0,13.957371225577266,7.101000909918107
2023-10-17,경남,25.42262443438914,11.830171635049684,1.5,16.0,47.8,1014.3,11.394455994455992,10,3,1,15.572450805008945,10.95042095416277
2023-10-18,경남,25.1758034026465,14.05771050141911,1.2,16.3,64.6,1015.8,11.394455994455992,10,3,2,11.830171635049684,11.676720075400565
2023-10-19,경남,24.823414634146342,14.666347992351817,0.9,18.1,73.4,1011.9,0.0,10,3,3,14.05771050141911,11.375471698113207
2023-10-20,경남,13.898951382268827,6.271808999081727,1.9,14.1,53.1,1011.2,3.0,10,3,4,14.666347992351817,14.500924214417745
2023-10-21,경남,16.705273069679848,6.735294117647059,1.3,12.9,44.0,1016.5,11.394455994455992,10,3,5,6.271808999081727,15.681455190771961
2023-10-22,경남,15.565094339622641,8.142857142857142,0.9,13.6,51.4,1018.8,11.394455994455992,10,3,6,6.735294117647059,13.957371225577266
2023-10-23,경남,25.354025218234725,13.89760147601476,1.0,15.2,64.8,1018.4,11.394455994455992,10,3,0,8.142857142857142,15.572450805008945
2023-10-24,경남,26.92391304347826,17.072504708097927,0.8,14.9,67.1,1016.0,11.394455994455992,10,3,1,13.89760147601476,11.830171635049684
2023-10-25,경남,27.66537342386033,18.346666666666668,0.9,16.3,66.0,1013.6,11.394455994455992,10,3,2,17.072504708097927,14.05771050141911
2023-10-26,경남,33.471456692913385,23.24535679374389,0.9,16.7,71.6,1010.6,11.394455994455992,10,3,3,18.346666666666668,14.666347992351817
2023-10-27,경남,37.90639923591213,22.428846153846155,1.1,16.1,62.3,1009.4,11.394455994455992,10,3,4,23.24535679374389,6.271808999081727
2023-10-28,경남,27.66488888888889,17.46980461811723,1.0,15.5,65.6,1014.1,11.394455994455992,10,3,5,22.428846153846155,6.735294117647059
2023-10-29,경남,26.1968085106383,16.783303730017764,1.0,14.9,67.6,1017.5,11.394455994455992,10,3,6,17.46980461811723,8.142857142857142
2023-10-30,경남,28.906654343807762,18.057142857142857,0.7,16.2,68.1,1018.0,11.394455994455992,10,3,0,16.783303730017764,13.89760147601476
2023-10-31,경남,36.499539170506914,23.392824287028517,0.8,16.2,66.6,1017.6,11.394455994455992,10,3,1,18.057142857142857,17.072504708097927
2023-11-01,경남,33.89962121212121,20.379944802207913,1.2,17.1,73.4,1015.6,11.394455994455992,11,3,2,23.392824287028517,18.346666666666668
2023-11-02,경남,27.406542056074766,16.1324200913242,1.2,18.9,73.4,1014.2,11.394455994455992,11,3,3,20.379944802207913,23.24535679374389
2023-11-03,경남,25.987272727272728,15.392531876138433,1.3,19.7,71.9,1012.4,11.394455994455992,11,3,4,16.1324200913242,22.428846153846155
2023-11-04,경남,28.433876811594203,18.89909090909091,0.6,18.8,81.6,1016.3,1.5,11,3,5,15.392531876138433,17.46980461811723
2023-11-05,경남,28.38294010889292,20.69672131147541,1.5,19.8,81.8,1014.5,8.4,11,3,6,18.89909090909091,16.783303730017764
2023-11-06,경남,18.642300194931774,7.687315634218289,2.7,18.2,60.4,1005.5,26.4,11,3,0,20.69672131147541,18.057142857142857
2023-11-07,경남,22.89990089197225,9.123015873015873,1.4,12.6,40.3,1014.8,11.394455994455992,11,3,1,7.687315634218289,23.392824287028517
2023-11-08,경남,19.65748031496063,10.781800391389433,1.3,12.1,56.9,1018.1,11.394455994455992,11,3,2,9.123015873015873,20.379944802207913
2023-11-09,경남,22.97345132743363,14.1976401179941,1.0,15.8,71.0,1015.9,0.0,11,3,3,10.781800391389433,16.1324200913242
2023-11-10,경남,15.664739884393063,10.30134357005758,1.9,11.6,43.0,1016.3,3.9,11,3,4,14.1976401179941,15.392531876138433
2023-11-11,경남,15.01789077212806,8.742382271468143,1.9,7.4,36.8,1021.4,11.394455994455992,11,3,5,10.30134357005758,18.89909090909091
2023-11-12,경남,12.843228200371058,8.446363636363637,2.8,5.4,45.0,1020.4,11.394455994455992,11,3,6,8.742382271468143,20.69672131147541
2023-11-13,경남,13.868773946360154,8.79346781940442,1.8,5.2,39.0,1021.6,11.394455994455992,11,3,0,8.446363636363637,7.687315634218289
2023-11-14,경남,18.084041548630783,11.35984481086324,1.6,7.4,48.9,1021.3,11.394455994455992,11,3,1,8.79346781940442,9.123015873015873
2023-11-15,경남,26.345794392523363,18.072449952335557,1.3,8.6,59.1,1022.9,11.394455994455992,11,3,2,11.35984481086324,10.781800391389433
2023-11-16,경남,28.72562141491396,22.030126336248784,0.7,7.8,76.0,1015.7,10.6,11,3,3,18.072449952335557,14.1976401179941
2023-11-17,경남,14.147308781869688,8.448543689320388,1.4,6.4,55.6,1008.8,11.394455994455992,11,3,4,22.030126336248784,10.30134357005758
2023-11-18,경남,13.857410881801126,8.779981114258735,1.9,4.6,44.8,1011.9,0.4,11,3,5,8.448543689320388,8.742382271468143
2023-11-19,경남,23.956441149212232,13.065116279069768,1.3,9.1,52.0,1013.6,11.394455994455992,11,3,6,8.779981114258735,8.446363636363637
2023-11-20,경남,33.11848341232228,19.331433998100664,1.2,9.2,51.4,1018.3,11.394455994455992,11,3,0,13.065116279069768,8.79346781940442
2023-11-21,경남,28.3468809073724,18.19016083254494,0.9,9.2,65.5,1017.3,11.394455994455992,11,3,1,19.331433998100664,11.35984481086324
2023-11-22,경남,25.545539906103286,17.047708138447145,0.9,12.0,71.6,1013.0,11.394455994455992,11,3,2,18.19016083254494,18.072449952335557
2023-11-23,경남,47.24791859389454,26.52226345083488,1.6,15.2,59.9,1008.7,11.394455994455992,11,3,3,17.047708138447145,22.030126336248784
2023-11-24,경남,16.002772643253234,8.109461966604824,1.9,5.1,30.6,1020.9,11.394455994455992,11,3,4,26.52226345083488,8.448543689320388
2023-11-25,경남,12.948811700182816,7.758652946679139,1.9,2.3,30.4,1026.2,11.394455994455992,11,3,5,8.109461966604824,8.779981114258735
2023-11-26,경남,19.42157751586582,12.734545454545454,1.3,5.3,38.5,1020.2,11.394455994455992,11,3,6,7.758652946679139,13.065116279069768
2023-11-27,경남,28.652816251154203,17.214616096207216,0.8,10.0,56.4,1010.7,0.0,11,3,0,12.734545454545454,19.331433998100664
2023-11-28,경남,32.76248821866164,16.42789820923657,1.4,7.5,39.5,1015.6,11.394455994455992,11,3,1,17.214616096207216,18.19016083254494
2023-11-29,경남,27.76864244741874,16.69665071770335,1.0,5.1,53.3,1019.2,0.0,11,3,2,16.42789820923657,17.047708138447145
2023-11-30,경남,15.027105517909003,8.675024108003857,2.1,1.1,40.1,1021.2,11.394455994455992,11,3,3,16.69665071770335,26.52226345083488
2023-12-01,경남,16.161439114391143,10.135110294117647,1.8,1.4,45.1,1020.3,11.394455994455992,12,4,4,8.675024108003857,8.109461966604824
2023-12-02,경남,20.346014492753625,13.14519056261343,1.2,4.4,49.6,1021.3,11.394455994455992,12,4,5,10.135110294117647,7.758652946679139
2023-12-03,경남,33.61141304347826,22.268382352941178,1.2,6.4,49.6,1020.5,11.394455994455992,12,4,6,13.14519056261343,12.734545454545454
2023-12-04,경남,32.802025782688766,21.308768656716417,1.0,5.6,48.1,1016.9,11.394455994455992,12,4,0,22.268382352941178,17.214616096207216
2023-12-05,경남,32.817084493964714,20.885368126747437,1.0,7.3,41.4,1012.8,11.394455994455992,12,4,1,21.308768656716417,16.42789820923657
2023-12-06,경남,47.44882629107981,33.14957666980244,1.1,8.4,59.4,1007.2,2.4,12,4,2,20.885368126747437,16.69665071770335
2023-12-07,경남,48.59869036482694,17.127221702525723,1.7,8.0,42.9,1012.1,11.394455994455992,12,4,3,33.14957666980244,8.675024108003857
2023-12-08,경남,67.89531680440771,21.870404411764707,1.1,11.8,67.1,1012.9,11.394455994455992,12,4,4,17.127221702525723,10.135110294117647
2023-12-09,경남,52.69384057971015,20.520398912058024,1.0,14.3,72.9,1014.4,11.394455994455992,12,4,5,21.870404411764707,13.14519056261343
2023-12-10,경남,49.01902173913044,26.167272727272728,0.9,13.3,74.4,1018.2,11.394455994455992,12,4,6,20.520398912058024,22.268382352941178
2023-12-11,경남,32.31153846153846,18.54280338664158,1.0,12.5,86.4,1010.6,33.1,12,4,0,26.167272727272728,21.308768656716417
2023-12-12,경남,6.964705882352941,4.12621359223301,1.3,9.3,75.6,1014.9,1.1,12,4,1,18.54280338664158,20.885368126747437
2023-12-13,경남,14.356190476190477,7.887323943661972,1.1,9.5,70.4,1023.6,11.394455994455992,12,4,2,4.12621359223301,33.14957666980244
2023-12-14,경남,16.83570750237417,11.295264623955433,1.1,9.4,83.1,1018.7,29.1,12,4,3,7.887323943661972,17.127221702525723
2023-12-15,경남,9.256559766763848,6.641049671977507,1.0,12.7,91.8,1007.3,16.8,12,4,4,11.295264623955433,21.870404411764707
2023-12-16,경남,7.434197886647454,4.558601134215501,2.1,2.6,57.1,1015.3,0.2,12,4,5,6.641049671977507,20.520398912058024
2023-12-17,경남,8.951672862453531,6.641804788213628,1.8,-4.2,43.6,1026.9,11.394455994455992,12,4,6,4.558601134215501,26.167272727272728
2023-12-18,경남,10.922274881516588,7.511472275334608,2.7,-2.7,41.3,1028.5,11.394455994455992,12,4,0,6.641804788213628,18.54280338664158
2023-12-19,경남,15.829971181556196,8.808179162609543,1.8,1.3,39.0,1022.6,0.0,12,4,1,7.511472275334608,4.12621359223301
2023-12-20,경남,21.36986301369863,14.765640516385304,1.7,-0.7,49.4,1019.7,11.394455994455992,12,4,2,8.808179162609543,7.887323943661972
2023-12-21,경남,13.112745098039216,8.408866995073891,1.5,-5.8,41.9,1023.8,11.394455994455992,12,4,3,14.765640516385304,11.295264623955433
2023-12-22,경남,14.059672762271415,8.77864077669903,1.6,-6.0,42.3,1029.3,11.394455994455992,12,4,4,8.408866995073891,6.641049671977507
2023-12-23,경남,15.222433460076045,10.01908396946565,2.4,-3.1,47.4,1031.1,11.394455994455992,12,4,5,8.77864077669903,4.558601134215501
2023-12-24,경남,22.840607210626185,16.86039886039886,1.1,0.2,52.0,1025.9,0.0,12,4,6,10.01908396946565,6.641804788213628
2023-12-25,경남,31.574810606060606,22.59280303030303,1.1,0.7,53.9,1024.5,11.394455994455992,12,4,0,16.86039886039886,7.511472275334608
2023-12-26,경남,33.48854961832061,22.96445725264169,0.8,2.2,61.1,1024.9,11.394455994455992,12,4,1,22.59280303030303,8.808179162609543
2023-12-27,경남,33.593548387096774,21.934967012252592,0.9,5.4,50.8,1025.4,11.394455994455992,12,4,2,22.96445725264169,14.765640516385304
2023-12-28,경남,41.65724703737466,28.94874184529357,1.2,5.6,51.0,1022.5,11.394455994455992,12,4,3,21.934967012252592,8.408866995073891
2023-12-29,경남,55.532786885245905,42.31005586592179,1.2,4.3,54.4,1021.6,11.394455994455992,12,4,4,28.94874184529357,8.77864077669903
2023-12-30,경남,61.62969752520623,48.05909943714822,0.7,4.9,64.3,1013.7,0.8,12,4,5,42.31005586592179,10.01908396946565
2023-12-31,경남,33.45521698984303,26.712796208530804,1.3,6.5,63.9,1012.1,0.2,12,4,6,48.05909943714822,16.86039886039886
2024-10-01,경남,17.687388987566607,8.830464716006885,1.8,23.4,66.5,1006.6,0.0,10,3,1,26.712796208530804,22.59280303030303
2024-10-02,경남,14.406306306306305,6.457538994800693,2.1,18.9,43.0,1012.2,0.0,10,3,2,8.830464716006885,22.96445725264169
2024-10-03,경남,11.717584369449378,5.479005998286204,2.1,18.3,68.4,1015.0,6.5,10,3,3,6.457538994800693,21.934967012252592
2024-10-04,경남,10.67515923566879,5.393048128342246,1.7,18.7,70.4,1019.0,11.394455994455992,10,3,4,5.479005998286204,28.94874184529357
2024-10-05,경남,12.58651286601597,6.277729257641921,1.9,20.0,67.6,1018.0,11.394455994455992,10,3,5,5.393048128342246,42.31005586592179
2024-10-06,경남,11.355811889973381,6.582746478873239,1.4,18.9,80.6,1015.3,4.3,10,3,6,6.277729257641921,48.05909943714822
2024-10-07,경남,12.673024523160763,7.931345980126468,1.4,17.5,79.0,1012.6,1.8,10,3,0,6.582746478873239,26.712796208530804
2024-10-08,경남,27.244384546271338,18.378402903811253,1.5,19.7,74.3,1011.5,1.0,10,3,1,7.931345980126468,8.830464716006885
2024-10-09,경남,16.30902777777778,8.000866551126517,1.7,18.9,70.9,1011.9,11.394455994455992,10,3,2,18.378402903811253,6.457538994800693
2024-10-10,경남,16.66305329719964,8.256864481842339,1.3,19.2,70.9,1010.9,0.5,10,3,3,8.000866551126517,5.479005998286204
2024-10-11,경남,21.331221719457012,11.789426523297491,1.4,19.7,71.6,1013.9,11.394455994455992,10,3,4,8.256864481842339,5.393048128342246
2024-10-12,경남,23.095450490633365,14.54703196347032,1.5,19.8,72.5,1018.3,11.394455994455992,10,3,5,11.789426523297491,6.277729257641921
2024-10-13,경남,18.607808340727594,12.247272727272728,1.7,20.3,69.5,1018.9,11.394455994455992,10,3,6,14.54703196347032,6.582746478873239
2024-10-14,경남,19.544050862851954,10.35180055401662,1.3,20.8,80.1,1015.2,22.0,10,3,0,12.247272727272728,7.931345980126468
2024-10-15,경남,19.550802139037433,12.489285714285714,0.9,21.4,90.8,1013.1,8.8,10,3,1,10.35180055401662,18.378402903811253
2024-10-16,경남,24.413120567375888,13.25242718446602,1.5,21.7,75.8,1017.2,11.394455994455992,10,3,2,12.489285714285714,8.000866551126517
2024-10-17,경남,29.49424269264836,14.736568457538995,1.5,20.3,78.5,1017.8,11.394455994455992,10,3,3,13.25242718446602,8.256864481842339
2024-10-18,경남,23.011872146118723,11.714414414414414,1.5,22.4,86.5,1010.6,50.2,10,3,4,14.736568457538995,11.789426523297491
2024-10-19,경남,14.817757009345794,7.638200183654729,2.3,20.1,86.4,1012.8,13.7,10,3,5,11.714414414414414,14.54703196347032
2024-10-20,경남,16.111214087117702,5.324497257769653,3.3,15.6,60.0,1025.0,11.394455994455992,10,3,6,7.638200183654729,12.247272727272728
2024-10-21,경남,20.149338374291116,7.921003717472119,1.5,16.9,75.1,1019.4,1.4,10,3,0,5.324497257769653,10.35180055401662
2024-10-22,경남,9.296022201665124,5.900375939849624,1.3,18.7,95.3,1010.4,88.2,10,3,1,7.921003717472119,12.489285714285714
2024-10-23,경남,14.470484581497796,6.562043795620438,2.0,17.3,62.0,1011.2,0.1,10,3,2,5.900375939849624,13.25242718446602
2024-10-24,경남,18.477252453166816,9.79143897996357,2.2,14.9,61.4,1016.6,11.394455994455992,10,3,3,6.562043795620438,14.736568457538995
2024-10-25,경남,20.52504472271914,10.931066176470589,1.5,17.0,74.1,1020.1,11.394455994455992,10,3,4,9.79143897996357,11.714414414414414
2024-10-26,경남,19.159574468085108,9.99456029011786,1.6,18.3,73.5,1016.6,11.394455994455992,10,3,5,10.931066176470589,7.638200183654729
2024-10-27,경남,16.45212765957447,9.607434270172257,1.1,16.1,84.8,1010.3,1.9,10,3,6,9.99456029011786,5.324497257769653
2024-10-28,경남,21.65036231884058,13.708955223880597,2.1,17.0,74.6,1010.4,0.0,10,3,0,9.607434270172257,7.921003717472119
2024-10-29,경남,17.694419840566873,7.582670203359859,1.4,17.2,68.6,1014.1,11.394455994455992,10,3,1,13.708955223880597,5.900375939849624
2024-10-30,경남,21.203345070422536,12.044041450777202,1.4,16.8,74.1,1017.6,11.394455994455992,10,3,2,7.582670203359859,6.562043795620438
2024-10-31,경남,26.48512173128945,15.917917034421889,1.6,17.1,75.9,1018.5,11.394455994455992,10,3,3,12.044041450777202,9.79143897996357
2024-11-01,경남,16.031277926720286,11.732517482517483,1.4,15.2,91.0,1015.1,51.2,11,3,4,15.917917034421889,10.931066176470589
2024-11-02,경남,12.35309973045822,7.167557932263815,2.0,17.6,80.5,1012.0,18.1,11,3,5,11.732517482517483,9.99456029011786
2024-11-03,경남,21.39095744680851,11.349565217391305,1.0,16.0,80.9,1018.3,11.394455994455992,11,3,6,7.167557932263815,9.607434270172257
2024-11-04,경남,23.522131887985548,14.090666666666667,1.2,16.9,68.3,1015.7,11.394455994455992,11,3,0,11.349565217391305,13.708955223880597
2024-11-05,경남,24.139366515837104,13.803191489361701,1.9,14.0,55.1,1015.1,11.394455994455992,11,3,1,14.090666666666667,7.582670203359859
2024-11-06,경남,17.147349505840072,9.112576956904133,2.2,10.9,39.1,1020.3,11.394455994455992,11,3,2,13.803191489361701,12.044041450777202
2024-11-07,경남,21.78904109589041,12.431635388739947,1.4,12.4,60.4,1024.6,11.394455994455992,11,3,3,9.112576956904133,15.917917034421889
2024-11-08,경남,22.0776874435411,12.391496899911425,1.3,14.1,74.6,1023.6,11.394455994455992,11,3,4,12.431635388739947,11.732517482517483
2024-11-09,경남,17.54964539007092,10.873905429071804,1.6,15.1,74.0,1021.7,11.394455994455992,11,3,5,12.391496899911425,7.167557932263815
2024-11-10,경남,16.728251121076234,10.186351706036746,1.1,14.8,80.3,1017.7,11.394455994455992,11,3,6,10.873905429071804,11.349565217391305
2024-11-11,경남,18.255728689275895,11.020609318996415,1.4,15.3,78.4,1015.3,11.394455994455992,11,3,0,10.186351706036746,14.090666666666667
2024-11-12,경남,25.72474513438369,16.84377838328792,1.5,15.3,72.0,1014.4,11.394455994455992,11,3,1,11.020609318996415,13.803191489361701
2024-11-13,경남,29.647992530345473,16.12018348623853,1.3,15.2,64.9,1018.3,11.394455994455992,11,3,2,16.84377838328792,9.112576956904133
2024-11-14,경남,28.576146788990826,16.20468890892696,1.3,15.5,71.8,1016.7,0.0,11,3,3,16.12018348623853,12.431635388739947
2024-11-15,경남,34.467281105990786,22.240622140896615,1.2,15.8,79.0,1014.8,0.1,11,3,4,16.20468890892696,12.391496899911425
2024-11-16,경남,26.52355072463768,16.775658492279746,1.2,18.0,75.4,1012.3,11.394455994455992,11,3,5,22.240622140896615,10.873905429071804
2024-11-17,경남,18.615942028985508,11.422727272727272,2.1,13.9,52.0,1014.9,11.394455994455992,11,3,6,16.775658492279746,10.186351706036746
2024-11-18,경남,15.704480457578647,7.305475504322766,2.0,7.1,33.3,1025.0,11.394455994455992,11,3,0,11.422727272727272,11.020609318996415
2024-11-19,경남,16.53053435114504,8.73121387283237,1.5,8.9,61.4,1024.8,11.394455994455992,11,3,1,7.305475504322766,16.84377838328792
2024-11-20,경남,25.510185185185186,15.791127541589649,1.7,10.5,58.5,1018.8,11.394455994455992,11,3,2,8.73121387283237,16.12018348623853
2024-11-21,경남,37.62707182320442,23.6275415896488,1.2,11.3,60.3,1016.1,11.394455994455992,11,3,3,15.791127541589649,16.20468890892696
2024-11-22,경남,31.007428040854226,19.576709796672827,1.6,10.3,53.5,1017.2,11.394455994455992,11,3,4,23.6275415896488,22.240622140896615
2024-11-23,경남,21.650236966824643,13.746438746438747,1.6,9.3,54.5,1022.1,11.394455994455992,11,3,5,19.576709796672827,16.775658492279746
2024-11-24,경남,12.993364928909953,8.176190476190476,1.4,10.7,68.9,1024.7,11.394455994455992,11,3,6,13.746438746438747,11.422727272727272
2024-11-25,경남,16.89951219512195,9.808489634748273,1.7,11.5,72.0,1021.2,0.6,11,3,0,8.176190476190476,7.305475504322766
2024-11-26,경남,15.441793893129772,7.168107588856868,2.0,10.8,67.3,1008.6,37.0,11,3,1,9.808489634748273,8.73121387283237
2024-11-27,경남,13.055197792088316,6.092081031307551,1.9,5.4,57.3,1009.3,0.0,11,3,2,7.168107588856868,15.791127541589649
2024-11-28,경남,16.69494584837545,8.444444444444445,1.7,6.2,60.1,1008.0,0.0,11,3,3,6.092081031307551,23.6275415896488
2024-11-29,경남,12.2128801431127,7.302055406613047,1.5,6.4,61.9,1008.2,0.0,11,3,4,8.444444444444445,19.576709796672827
2024-11-30,경남,13.809397163120567,6.807017543859649,1.6,8.2,53.1,1011.5,11.394455994455992,11,3,5,7.302055406613047,13.746438746438747
2024-12-01,경남,21.86111111111111,13.289855072463768,1.1,9.8,70.0,1012.5,11.394455994455992,12,4,6,6.807017543859649,8.176190476190476
2024-12-02,경남,32.470588235294116,22.13235294117647,1.3,12.2,68.0,1012.2,11.394455994455992,12,4,0,13.289855072463768,9.808489634748273
2024-12-03,경남,31.26865671641791,21.65625,2.2,8.2,39.8,1016.4,11.394455994455992,12,4,1,22.13235294117647,7.168107588856868
2024-12-04,경남,17.535211267605632,11.852941176470589,1.6,5.9,44.6,1016.5,11.394455994455992,12,4,2,21.65625,6.092081031307551
2024-12-05,경남,19.694444444444443,12.26388888888889,1.4,6.9,55.9,1012.8,11.394455994455992,12,4,3,11.852941176470589,8.444444444444445
2024-12-06,경남,17.555555555555557,10.430555555555555,1.6,7.4,48.8,1015.2,11.394455994455992,12,4,4,12.26388888888889,7.302055406613047
2024-12-07,경남,17.319444444444443,11.555555555555555,1.7,4.9,51.0,1018.4,11.394455994455992,12,4,5,10.430555555555555,6.807017543859649
2024-12-08,경남,13.083333333333334,9.277777777777779,2.2,4.0,40.1,1019.8,11.394455994455992,12,4,6,11.555555555555555,13.289855072463768
2024-12-09,경남,21.544117647058822,12.25,2.4,4.4,51.1,1019.3,11.394455994455992,12,4,0,9.277777777777779,22.13235294117647
2024-12-10,경남,23.458333333333332,16.708333333333332,1.8,5.4,50.3,1017.9,11.394455994455992,12,4,1,12.25,21.65625
2024-12-11,경남,33.375,25.52777777777778,1.8,6.3,47.3,1016.4,11.394455994455992,12,4,2,16.708333333333332,11.852941176470589
2024-12-12,경남,34.88235294117647,26.11764705882353,2.0,5.4,37.3,1018.1,11.394455994455992,12,4,3,25.52777777777778,12.26388888888889
2024-12-13,경남,20.041666666666668,14.166666666666666,2.3,4.6,35.1,1015.8,11.394455994455992,12,4,4,26.11764705882353,10.430555555555555
2024-12-14,경남,16.416666666666668,11.169014084507042,2.2,3.2,41.6,1019.0,11.394455994455992,12,4,5,14.166666666666666,11.555555555555555
2024-12-15,경남,16.041666666666668,9.859154929577464,1.6,4.8,52.4,1016.5,11.394455994455992,12,4,6,11.169014084507042,9.277777777777779
2024-12-16,경남,15.458333333333334,10.125,1.6,4.6,46.9,1017.4,11.394455994455992,12,4,0,9.859154929577464,12.25
2024-12-17,경남,16.3768115942029,12.26086956521739,1.8,5.5,42.0,1019.5,0.0,12,4,1,10.125,16.708333333333332
2024-12-18,경남,21.774647887323944,15.17142857142857,2.2,2.0,46.1,1019.4,11.394455994455992,12,4,2,12.26086956521739,25.52777777777778
2024-12-19,경남,22.11111111111111,15.901408450704226,2.1,2.4,38.9,1023.2,11.394455994455992,12,4,3,15.17142857142857,26.11764705882353
2024-12-20,경남,27.805555555555557,19.267605633802816,1.3,4.1,45.5,1018.0,11.394455994455992,12,4,4,15.901408450704226,14.166666666666666
2024-12-21,경남,23.666666666666668,19.055555555555557,2.0,3.6,55.9,1013.5,0.0,12,4,5,19.267605633802816,11.169014084507042
2024-12-22,경남,13.347222222222221,9.458333333333334,2.1,0.6,40.8,1020.2,11.394455994455992,12,4,6,19.055555555555557,9.859154929577464
2024-12-23,경남,14.246376811594203,9.202898550724637,2.3,3.9,44.9,1021.1,11.394455994455992,12,4,0,9.458333333333334,10.125
2024-12-24,경남,21.77777777777778,14.464788732394366,1.9,3.7,47.0,1022.4,11.394455994455992,12,4,1,9.202898550724637,12.26086956521739
2024-12-25,경남,24.09722222222222,17.98611111111111,1.4,4.6,48.5,1020.6,11.394455994455992,12,4,2,14.464788732394366,15.17142857142857
2024-12-26,경남,38.30555555555556,24.38888888888889,1.7,5.3,47.3,1017.9,11.394455994455992,12,4,3,17.98611111111111,15.901408450704226
2024-12-27,경남,17.63888888888889,11.444444444444445,1.9,2.2,45.1,1019.8,11.394455994455992,12,4,4,24.38888888888889,19.267605633802816
2024-12-28,경남,18.291666666666668,14.23611111111111,1.8,1.4,49.3,1018.4,11.394455994455992,12,4,5,11.444444444444445,19.055555555555557
2024-12-29,경남,18.154929577464788,12.577464788732394,1.2,3.0,56.3,1021.1,11.394455994455992,12,4,6,14.23611111111111,9.458333333333334
2024-12-30,경남,31.295774647887324,17.9,1.2,6.7,59.6,1016.0,11.394455994455992,12,4,0,12.577464788732394,9.202898550724637
2024-12-31,경남,32.27777777777778,17.291666666666668,2.0,5.6,34.0,1014.3,11.394455994455992,12,4,1,17.9,14.464788732394366
2023-01-08,경북,72.37900641025641,39.82119205298013,0.9,-1.1,69.4,1008.4,11.394455994455992,1,4,6,65.70677966101695,35.50207125103562
2023-01-09,경북,72.00486223662885,35.211920529801326,1.0,1.0,70.0,1007.1,11.394455994455992,1,4,0,39.82119205298013,11.582982308340354
2023-01-10,경북,56.578947368421055,31.501677852348994,0.6,0.2,73.1,1012.1,11.394455994455992,1,4,1,35.211920529801326,12.923728813559322
2023-01-11,경북,41.130581297388375,24.756309834638817,0.9,1.5,60.9,1009.2,11.394455994455992,1,4,2,31.501677852348994,16.546835443037974
2023-01-12,경북,47.2242374278648,27.016528925619834,0.7,2.8,53.0,1007.3,0.0,1,4,3,24.756309834638817,46.5931330472103
2023-01-13,경북,29.747491638795985,21.124024284475283,0.7,5.8,92.4,996.3,16.7,1,4,4,27.016528925619834,61.38151260504202
2023-01-14,경북,20.152487961476726,12.531011045029736,1.7,7.0,83.9,997.8,0.0,1,4,5,21.124024284475283,65.70677966101695
2023-01-15,경북,10.927465362673187,6.692573402417962,1.4,1.7,85.8,1000.3,4.7,1,4,6,12.531011045029736,39.82119205298013
2023-01-16,경북,21.907112970711296,14.837510803802939,2.6,-2.3,63.5,1006.6,11.394455994455992,1,4,0,6.692573402417962,35.211920529801326
2023-01-17,경북,27.585849870578084,17.865072587532023,1.5,-3.2,61.4,1009.1,11.394455994455992,1,4,1,14.837510803802939,31.501677852348994
2023-01-18,경북,48.41391009329941,26.370058873002524,1.4,-1.6,64.4,1008.9,11.394455994455992,1,4,2,17.865072587532023,24.756309834638817
2023-01-19,경북,47.551054852320675,24.287940935192783,1.1,-2.1,66.1,1007.4,11.394455994455992,1,4,3,26.370058873002524,27.016528925619834
2023-01-20,경북,63.50332225913621,21.36108821104699,3.1,-1.7,46.9,1008.6,0.0,1,4,4,24.287940935192783,21.124024284475283
2023-01-21,경북,20.734477124183005,9.552522746071133,1.2,-4.7,47.6,1013.2,11.394455994455992,1,4,5,21.36108821104699,12.531011045029736
2023-01-22,경북,24.957481602616518,14.77119341563786,0.7,-2.3,49.9,1010.1,11.394455994455992,1,4,6,9.552522746071133,6.692573402417962
2023-01-23,경북,42.934306569343065,22.68832236842105,1.7,0.5,55.5,1005.0,11.394455994455992,1,4,0,14.77119341563786,14.837510803802939
2023-01-24,경북,32.08259109311741,13.688888888888888,5.4,-10.3,32.6,1007.4,11.394455994455992,1,4,1,22.68832236842105,17.865072587532023
2023-01-25,경북,13.838628762541806,7.331597222222222,2.3,-11.7,36.1,1012.4,11.394455994455992,1,4,2,13.688888888888888,26.370058873002524
2023-01-26,경북,21.18158783783784,13.0848026868178,0.8,-8.6,65.5,1007.6,0.0,1,4,3,7.331597222222222,24.287940935192783
2023-01-27,경북,32.57673267326733,17.212351945854483,2.8,-6.7,53.0,1003.4,11.394455994455992,1,4,4,13.0848026868178,21.36108821104699
2023-01-28,경북,32.31490384615385,11.92133891213389,2.6,-6.0,42.6,1004.5,11.394455994455992,1,4,5,17.212351945854483,9.552522746071133
2023-01-29,경북,40.93739967897271,14.284893267651888,2.2,-1.6,57.8,1002.7,0.0,1,4,6,11.92133891213389,14.77119341563786
2023-01-30,경북,37.43232157506153,14.670802315963606,2.5,-1.0,40.3,1005.6,11.394455994455992,1,4,0,14.284893267651888,22.68832236842105
2023-01-31,경북,30.68363019508058,15.35204081632653,0.9,-1.1,48.4,1002.8,11.394455994455992,1,4,1,14.670802315963606,13.688888888888888
2023-02-01,경북,48.11590524534687,24.472150814053126,2.3,1.8,45.1,1001.0,11.394455994455992,2,4,2,15.35204081632653,7.331597222222222
2023-02-02,경북,34.630883567299755,19.11804384485666,1.0,-1.2,45.6,1008.9,11.394455994455992,2,4,3,24.472150814053126,13.0848026868178
2023-02-03,경북,36.38461538461539,21.681438127090303,1.4,-0.5,37.1,1005.7,11.394455994455992,2,4,4,19.11804384485666,17.212351945854483
2023-02-04,경북,38.587339743589745,24.56255110384301,1.8,-1.0,42.4,1007.5,11.394455994455992,2,4,5,21.681438127090303,11.92133891213389
2023-02-05,경북,46.73684210526316,33.98425849212924,1.1,-0.9,53.0,1008.4,11.394455994455992,2,4,6,24.56255110384301,14.284893267651888
2023-02-06,경북,55.6375,40.526678141135974,0.5,0.7,51.5,1005.8,11.394455994455992,2,4,0,33.98425849212924,14.670802315963606
2023-02-07,경북,56.29465776293823,38.32299741602067,0.8,2.3,55.3,1004.4,11.394455994455992,2,4,1,40.526678141135974,15.35204081632653
2023-02-08,경북,56.92665036674816,40.468227424749166,1.4,1.4,55.9,1008.9,11.394455994455992,2,4,2,38.32299741602067,24.472150814053126
2023-02-09,경북,44.75467099918765,30.701480263157894,1.8,2.1,59.4,1011.7,0.0,2,4,3,40.468227424749166,19.11804384485666
2023-02-10,경북,14.711836734693877,10.618197278911564,1.1,2.8,83.4,1003.6,3.3,2,4,4,30.701480263157894,21.681438127090303
2023-02-11,경북,43.95666131621188,35.8326359832636,0.7,0.5,85.5,1007.3,11.394455994455992,2,4,5,10.618197278911564,24.56255110384301
2023-02-12,경북,46.850160256410255,36.59931798806479,0.9,1.9,80.1,1005.6,11.394455994455992,2,4,6,35.8326359832636,33.98425849212924
2023-02-13,경북,32.91393442622951,20.6750208855472,1.6,5.2,65.9,1002.0,0.0,2,4,0,36.59931798806479,40.526678141135974
2023-02-14,경북,19.74915824915825,12.823937554206418,1.3,2.9,63.1,1005.5,0.0,2,4,1,20.6750208855472,38.32299741602067
2023-02-15,경북,11.270746018440905,7.242587601078167,2.0,1.8,60.1,1013.3,11.394455994455992,2,4,2,12.823937554206418,40.468227424749166
2023-02-16,경북,20.423757371524854,13.526178010471204,1.2,2.1,63.1,1013.9,11.394455994455992,2,4,3,7.242587601078167,30.701480263157894
2023-02-17,경북,42.53465346534654,29.960169491525424,0.8,3.5,56.0,1010.9,11.394455994455992,2,4,4,13.526178010471204,10.618197278911564
2023-02-18,경북,52.752808988764045,37.666666666666664,0.6,5.1,54.3,1003.8,0.0,2,4,5,29.960169491525424,35.8326359832636
2023-02-19,경북,36.97666934835076,26.96003401360544,3.6,4.9,50.1,1000.9,0.0,2,4,6,37.666666666666664,36.59931798806479
2023-02-20,경북,34.395121951219515,10.21750212404418,3.1,0.5,40.0,1007.9,11.394455994455992,2,4,0,26.96003401360544,20.6750208855472
2023-02-21,경북,25.56953642384106,12.319112627986348,1.1,-1.0,45.4,1016.9,11.394455994455992,2,4,1,10.21750212404418,12.823937554206418
2023-02-22,경북,26.786535303776684,15.856550580431177,1.4,1.9,55.5,1013.1,11.394455994455992,2,4,2,12.319112627986348,7.242587601078167
2023-02-23,경북,42.090538336052205,26.933938893476466,2.2,5.0,45.3,1006.2,11.394455994455992,2,4,3,15.856550580431177,13.526178010471204
2023-02-24,경북,64.33414239482201,42.835943940643034,2.3,4.6,40.8,1006.4,11.394455994455992,2,4,4,26.933938893476466,29.960169491525424
2023-02-25,경북,31.797275641025642,17.15302782324059,1.6,1.4,42.9,1013.6,11.394455994455992,2,4,5,42.835943940643034,37.666666666666664
2023-02-26,경북,32.67548076923077,18.883759274525968,0.9,1.4,46.1,1019.1,11.394455994455992,2,4,6,17.15302782324059,26.96003401360544
2023-02-27,경북,38.320197044334975,24.580753138075313,0.9,4.0,44.0,1016.8,11.394455994455992,2,4,0,18.883759274525968,10.21750212404418
2023-02-28,경북,34.05087572977481,21.87888982338099,1.9,6.0,40.6,1009.6,11.394455994455992,2,4,1,24.580753138075313,12.319112627986348
2023-03-01,경북,39.35130718954248,24.17,2.0,6.1,53.6,1004.2,11.394455994455992,3,1,2,21.87888982338099,15.856550580431177
2023-03-02,경북,41.01491300745651,11.757446808510638,2.8,2.4,30.3,1009.2,11.394455994455992,3,1,3,24.17,26.933938893476466
2023-03-03,경북,49.98252911813644,19.57130730050934,1.8,4.6,39.3,1010.4,11.394455994455992,3,1,4,11.757446808510638,42.835943940643034
2023-03-04,경북,62.31669394435352,33.308528428093645,1.1,6.0,58.1,1012.2,11.394455994455992,3,1,5,19.57130730050934,17.15302782324059
2023-03-05,경북,46.13229252259655,25.98073701842546,0.8,7.0,60.6,1010.8,11.394455994455992,3,1,6,33.308528428093645,18.883759274525968
2023-03-06,경북,52.097763048881525,29.66779374471682,1.6,8.3,42.5,1006.8,11.394455994455992,3,1,0,25.98073701842546,24.580753138075313
2023-03-07,경북,66.14688796680498,35.92235494880546,1.4,10.9,40.6,1004.4,11.394455994455992,3,1,1,29.66779374471682,21.87888982338099
2023-03-08,경북,59.8556105610561,29.526582278481012,1.1,12.3,38.8,1002.9,11.394455994455992,3,1,2,35.92235494880546,24.17
2023-03-09,경북,58.72909967845659,27.310910582444627,1.7,12.9,48.0,999.2,11.394455994455992,3,1,3,29.526582278481012,11.757446808510638
2023-03-10,경북,86.1590909090909,28.612176814011676,0.9,13.2,43.4,1003.7,11.394455994455992,3,1,4,27.310910582444627,19.57130730050934
2023-03-11,경북,89.94859437751003,37.13858921161826,1.0,14.7,49.0,1005.8,11.394455994455992,3,1,5,28.612176814011676,33.308528428093645
2023-03-12,경북,57.88235294117647,26.960884353741495,2.8,7.4,65.1,1002.2,3.8,3,1,6,37.13858921161826,25.98073701842546
2023-03-13,경북,36.57119741100323,11.20990764063812,3.3,3.6,28.9,1004.9,11.394455994455992,3,1,0,26.960884353741495,29.66779374471682
2023-03-14,경북,51.69356153219234,14.807527801539777,1.2,8.6,41.4,1003.0,11.394455994455992,3,1,1,11.20990764063812,35.92235494880546
2023-03-15,경북,31.40480132450331,11.422654268808115,2.4,12.0,54.6,1003.5,11.394455994455992,3,1,2,14.807527801539777,29.526582278481012
2023-03-16,경북,55.41272430668842,12.991659716430359,2.7,7.6,26.3,1010.1,11.394455994455992,3,1,3,11.422654268808115,27.310910582444627
2023-03-17,경북,42.704692556634306,13.20345963756178,1.5,7.9,47.3,1007.0,11.394455994455992,3,1,4,12.991659716430359,28.612176814011676
2023-03-18,경북,36.51685393258427,14.057755775577558,1.7,9.6,43.8,1001.6,11.394455994455992,3,1,5,13.20345963756178,37.13858921161826
2023-03-19,경북,59.16920609462711,29.343619683069225,1.3,9.0,39.0,1003.0,11.394455994455992,3,1,6,14.057755775577558,26.960884353741495
2023-03-20,경북,58.879772542648254,30.701188455008488,1.1,9.8,42.1,999.3,11.394455994455992,3,1,0,29.343619683069225,11.20990764063812
2023-03-21,경북,59.07516339869281,28.940924657534246,1.2,12.7,42.3,996.5,11.394455994455992,3,1,1,30.701188455008488,14.807527801539777
2023-03-22,경북,37.95705024311183,21.441722972972972,1.1,14.5,62.1,995.1,11.394455994455992,3,1,2,28.940924657534246,11.422654268808115
2023-03-23,경북,19.889068825910933,12.291184327693678,0.7,14.4,94.1,990.8,24.5,3,1,3,21.441722972972972,12.991659716430359
2023-03-24,경북,111.55948553054662,23.91171617161716,2.8,11.2,72.6,1000.4,11.394455994455992,3,1,4,12.291184327693678,13.20345963756178
2023-03-25,경북,105.87489975942262,18.075286415711947,1.8,8.7,72.0,1003.6,0.0,3,1,5,23.91171617161716,14.057755775577558
2023-03-26,경북,85.47634322373698,20.002454991816695,1.8,10.4,52.3,1000.0,0.3,3,1,6,18.075286415711947,29.343619683069225
2023-03-27,경북,45.17179902755267,14.17759336099585,1.4,7.0,40.5,1004.9,11.394455994455992,3,1,0,20.002454991816695,30.701188455008488
2023-03-28,경북,66.68688524590164,29.028499580888518,1.4,9.1,50.0,1007.4,11.394455994455992,3,1,1,14.17759336099585,28.940924657534246
2023-03-29,경북,91.90444810543657,43.47439126784215,1.1,11.3,49.8,1005.9,11.394455994455992,3,1,2,29.028499580888518,21.441722972972972
2023-03-30,경북,70.46091205211727,34.38787375415282,1.1,13.3,41.1,1003.0,11.394455994455992,3,1,3,43.47439126784215,12.291184327693678
2023-03-31,경북,64.13515687851971,31.194719471947195,1.3,14.5,40.5,1002.0,11.394455994455992,3,1,4,34.38787375415282,23.91171617161716
2023-04-01,경북,59.6025641025641,30.70549630844955,2.2,14.4,47.6,1001.4,11.394455994455992,4,1,5,31.194719471947195,18.075286415711947
2023-04-02,경북,39.81650641025641,23.09135802469136,2.3,13.1,48.8,1005.0,11.394455994455992,4,1,6,30.70549630844955,20.002454991816695
2023-04-03,경북,32.91902834008097,18.600829875518674,2.4,12.6,49.3,1008.2,11.394455994455992,4,1,0,23.09135802469136,14.17759336099585
2023-04-04,경북,25.87551867219917,12.518329070758739,1.2,14.0,60.1,1004.9,4.0,4,1,1,18.600829875518674,29.028499580888518
2023-04-05,경북,15.080241587575497,9.683673469387756,1.6,13.6,89.9,995.0,18.6,4,1,2,12.518329070758739,43.47439126784215
2023-04-06,경북,20.90106295993459,14.953125,2.7,10.4,79.8,994.5,2.2,4,1,3,9.683673469387756,34.38787375415282
2023-04-07,경북,68.10867802108677,43.46983857264231,3.1,10.1,58.1,996.7,2.2,4,1,4,14.953125,31.194719471947195
2023-04-08,경북,36.11931818181818,9.25,3.6,8.7,35.9,1001.7,11.394455994455992,4,1,5,43.46983857264231,30.70549630844955
2023-04-09,경북,47.89503205128205,10.167620605069501,1.9,11.3,37.8,1002.6,11.394455994455992,4,1,6,9.25,23.09135802469136
2023-04-10,경북,45.00645682001614,12.24055829228243,1.6,13.4,39.8,999.5,11.394455994455992,4,1,0,10.167620605069501,18.600829875518674
2023-04-11,경북,44.335231895850285,13.119502074688796,2.2,15.3,63.1,995.2,0.9,4,1,1,12.24055829228243,12.518329070758739
2023-04-12,경북,265.43892508143324,34.50207813798836,3.0,12.1,22.9,1000.4,11.394455994455992,4,1,2,13.119502074688796,9.683673469387756
2023-04-13,경북,144.3985507246377,27.719802793755136,1.4,12.7,34.5,1001.4,11.394455994455992,4,1,3,34.50207813798836,14.953125
2023-04-14,경북,75.39740470397405,22.96188898094449,0.8,14.6,42.6,997.5,11.394455994455992,4,1,4,27.719802793755136,43.46983857264231
2023-04-15,경북,44.706495589414594,21.061475409836067,0.9,11.6,71.5,989.0,1.8,4,1,5,22.96188898094449,9.25
2023-04-16,경북,72.21044176706827,23.558333333333334,1.0,10.0,70.3,989.5,0.0,4,1,6,21.061475409836067,10.167620605069501
2023-04-17,경북,86.53333333333333,26.82798353909465,1.3,12.2,53.9,999.6,11.394455994455992,4,1,0,23.558333333333334,12.24055829228243
2023-04-18,경북,70.6559934318555,26.676494676494677,0.5,11.7,79.1,996.5,1.1,4,1,1,26.82798353909465,13.119502074688796
2023-04-19,경북,40.555462885738116,20.481296758104737,1.5,16.9,68.6,994.9,11.394455994455992,4,1,2,26.676494676494677,34.50207813798836
2023-04-20,경북,42.317880794701985,21.19884009942005,1.8,19.8,66.8,993.2,11.394455994455992,4,1,3,20.481296758104737,27.719802793755136
2023-04-21,경북,185.32450331125827,32.92301324503311,2.7,14.3,55.1,997.4,11.394455994455992,4,1,4,21.19884009942005,22.96188898094449
2023-04-22,경북,251.4959083469722,41.839966832504146,2.7,13.0,50.9,1004.8,11.394455994455992,4,1,5,32.92301324503311,21.061475409836067
2023-04-23,경북,85.2994257588187,19.438063986874486,1.9,12.8,51.9,1007.9,11.394455994455992,4,1,6,41.839966832504146,23.558333333333334
2023-04-24,경북,32.892181069958845,12.063374485596707,2.1,12.3,55.5,1008.6,11.394455994455992,4,1,0,19.438063986874486,26.82798353909465
2023-04-25,경북,23.37126245847176,13.343959731543624,0.9,8.0,84.5,1000.0,2.9,4,1,1,12.063374485596707,26.676494676494677
2023-04-26,경북,34.37726523887974,17.61590524534687,2.3,9.8,69.0,997.3,11.394455994455992,4,1,2,13.343959731543624,20.481296758104737
2023-04-27,경북,33.059117402164865,17.115352697095435,1.1,12.7,57.4,1004.1,11.394455994455992,4,1,3,17.61590524534687,21.19884009942005
2023-04-28,경북,32.960669456066945,15.406538139145013,1.6,16.9,52.5,1000.2,11.394455994455992,4,1,4,17.115352697095435,32.92301324503311
2023-04-29,경북,33.66830466830467,16.02828618968386,1.6,14.3,81.8,990.9,12.9,4,1,5,15.406538139145013,41.839966832504146
2023-04-30,경북,43.4367816091954,13.977481234361969,3.3,13.9,51.6,993.8,11.394455994455992,4,1,6,16.02828618968386,19.438063986874486
2023-05-01,경북,46.336341263330596,17.741694352159467,2.2,14.6,49.3,1000.6,11.394455994455992,5,1,0,13.977481234361969,12.063374485596707
2023-05-02,경북,35.67271228359439,17.1405094494659,1.0,15.5,50.0,1007.0,11.394455994455992,5,1,1,17.741694352159467,13.343959731543624
2023-05-03,경북,39.64391447368421,19.32722731057452,1.6,19.0,49.6,1005.0,11.394455994455992,5,1,2,17.1405094494659,17.61590524534687
2023-05-04,경북,31.641068447412355,16.403010033444815,1.4,19.1,63.9,999.5,0.0,5,1,3,19.32722731057452,17.115352697095435
2023-05-05,경북,11.69487388120423,6.970326409495549,0.6,18.2,93.1,989.7,40.0,5,1,4,16.403010033444815,15.406538139145013
2023-05-06,경북,11.83711507293355,8.237173281703775,2.1,12.9,90.9,991.8,30.4,5,1,5,6.970326409495549,16.02828618968386
2023-05-07,경북,32.524458700882114,21.787728026533998,1.3,11.2,70.5,996.8,0.0,5,1,6,8.237173281703775,13.977481234361969
2023-05-08,경북,26.742762613730356,16.88888888888889,1.0,12.7,61.8,1000.5,11.394455994455992,5,1,0,21.787728026533998,17.741694352159467
2023-05-09,경북,34.371428571428574,19.439158279963404,1.7,16.2,53.4,999.8,11.394455994455992,5,1,1,16.88888888888889,17.1405094494659
2023-05-10,경북,40.99264104660671,19.743474347434745,1.2,17.8,45.5,1000.5,11.394455994455992,5,1,2,19.439158279963404,19.32722731057452
2023-05-11,경북,33.58598207008965,16.047703180212014,1.8,16.4,59.1,1003.5,11.394455994455992,5,1,3,19.743474347434745,16.403010033444815
2023-05-12,경북,31.537216828478964,14.405550581915845,1.0,17.8,54.0,1001.2,11.394455994455992,5,1,4,16.047703180212014,6.970326409495549
2023-05-13,경북,30.240547063555912,18.115257048092868,1.5,18.1,66.8,996.6,2.4,5,1,5,14.405550581915845,8.237173281703775
2023-05-14,경북,29.477840451248994,18.704470198675498,1.3,17.6,65.4,993.3,11.394455994455992,5,1,6,18.115257048092868,21.787728026533998
2023-05-15,경북,37.178225806451614,21.989291598023065,1.0,19.3,60.8,993.1,11.394455994455992,5,1,0,18.704470198675498,16.88888888888889
2023-05-16,경북,54.23673469387755,30.484492875104777,1.7,22.8,56.0,995.2,11.394455994455992,5,1,1,21.989291598023065,19.439158279963404
2023-05-17,경북,50.63877381938691,24.310077519379846,1.5,23.7,51.9,997.3,11.394455994455992,5,1,2,30.484492875104777,19.743474347434745
2023-05-18,경북,36.86145069274654,22.561864406779662,1.1,17.7,78.8,996.2,1.4,5,1,3,24.310077519379846,16.047703180212014
2023-05-19,경북,19.564581640942322,10.6042194092827,1.6,19.3,69.0,994.1,11.394455994455992,5,1,4,22.561864406779662,14.405550581915845
2023-05-20,경북,24.748997594226143,13.771063829787234,1.7,20.4,65.6,994.8,11.394455994455992,5,1,5,10.6042194092827,18.115257048092868
2023-05-21,경북,49.313204508856685,18.061643835616437,2.3,20.2,60.9,992.7,11.394455994455992,5,1,6,13.771063829787234,18.704470198675498
2023-05-22,경북,130.37128712871288,33.286453839516824,1.1,17.5,64.4,992.8,0.0,5,1,0,18.061643835616437,21.989291598023065
2023-05-23,경북,66.0092204526404,20.60732538330494,1.4,17.1,63.8,994.9,0.0,5,1,1,33.286453839516824,30.484492875104777
2023-05-24,경북,31.333878887070377,13.246425567703954,1.0,18.3,57.0,999.4,11.394455994455992,5,1,2,20.60732538330494,24.310077519379846
2023-05-25,경북,28.5995085995086,13.232067510548523,1.4,21.1,48.5,1000.2,11.394455994455992,5,1,3,13.246425567703954,22.561864406779662
2023-05-26,경북,28.931428571428572,14.361365528726061,1.5,22.4,50.1,1002.4,11.394455994455992,5,1,4,13.232067510548523,10.6042194092827
2023-05-27,경북,33.70197044334975,18.51168614357262,1.1,21.8,71.8,1002.0,0.0,5,1,5,14.361365528726061,13.771063829787234
2023-05-28,경북,19.585976627712856,11.148457047539617,0.6,19.9,92.0,997.8,22.4,5,1,6,18.51168614357262,18.061643835616437
2023-05-29,경북,10.400172117039586,5.689929328621908,0.9,19.7,94.5,995.3,35.2,5,1,0,11.148457047539617,33.286453839516824
2023-05-30,경북,15.44818652849741,7.297891036906854,2.5,19.0,78.1,996.3,11.394455994455992,5,1,1,5.689929328621908,20.60732538330494
2023-05-31,경북,20.93723849372385,9.76530612244898,1.6,19.5,56.0,996.2,11.394455994455992,5,1,2,7.297891036906854,13.246425567703954
2023-06-01,경북,24.409680207433016,13.004401408450704,1.2,19.5,66.1,991.1,11.394455994455992,6,2,3,9.76530612244898,13.232067510548523
2023-06-02,경북,34.36553524804177,18.2226148409894,1.8,22.8,65.9,986.0,11.394455994455992,6,2,4,13.004401408450704,14.361365528726061
2023-06-03,경북,35.30491803278689,17.8466051969824,2.0,21.5,58.3,991.8,11.394455994455992,6,2,5,18.2226148409894,18.51168614357262
2023-06-04,경북,26.530782029950082,12.576923076923077,1.8,21.9,48.5,994.5,11.394455994455992,6,2,6,17.8466051969824,11.148457047539617
2023-06-05,경북,29.378648874061717,14.89505637467476,2.0,21.8,60.0,994.8,11.394455994455992,6,2,0,12.576923076923077,5.689929328621908
2023-06-06,경북,27.07622950819672,15.393626184323859,1.5,21.9,63.1,990.9,11.394455994455992,6,2,1,14.89505637467476,7.297891036906854
2023-06-07,경북,35.70791245791246,21.24652777777778,1.6,22.1,70.4,993.0,11.394455994455992,6,2,2,15.393626184323859,9.76530612244898
2023-06-08,경북,33.39625850340136,19.953636363636363,1.3,23.5,65.1,989.0,0.0,6,2,3,21.24652777777778,13.004401408450704
2023-06-09,경북,29.489379779099405,17.30625,1.6,23.3,60.5,988.4,11.394455994455992,6,2,4,19.953636363636363,18.2226148409894
2023-06-10,경북,36.06103678929766,23.658390410958905,1.0,21.3,75.5,990.5,17.8,6,2,5,17.30625,17.8466051969824
2023-06-11,경북,26.800335570469798,17.209059233449477,1.2,20.8,82.6,990.1,27.3,6,2,6,23.658390410958905,12.576923076923077
2023-06-12,경북,22.75,13.188997338065661,1.3,21.7,78.0,990.1,13.2,6,2,0,17.209059233449477,14.89505637467476
2023-06-13,경북,26.991568296795954,16.94070796460177,1.0,21.6,78.1,988.7,11.394455994455992,6,2,1,13.188997338065661,15.393626184323859
2023-06-14,경북,25.711719418306245,15.776173285198556,1.3,20.7,77.5,990.6,0.4,6,2,2,16.94070796460177,21.24652777777778
2023-06-15,경북,20.82362869198312,11.755555555555556,1.1,19.1,83.6,993.4,1.3,6,2,3,15.776173285198556,19.953636363636363
2023-06-16,경북,31.71009490940466,19.673093777388257,1.2,22.7,76.0,996.9,11.394455994455992,6,2,4,11.755555555555556,17.30625
2023-06-17,경북,32.799328295549955,20.946963216424294,1.3,25.3,64.0,996.1,11.394455994455992,6,2,5,19.673093777388257,23.658390410958905
2023-06-18,경북,33.703177257525084,20.5991452991453,1.5,25.6,63.6,991.7,11.394455994455992,6,2,6,20.946963216424294,17.209059233449477
2023-06-19,경북,35.29806884970613,19.02901023890785,2.2,24.7,64.3,992.4,11.394455994455992,6,2,0,20.5991452991453,13.188997338065661
2023-06-20,경북,22.806972789115648,9.464628820960698,2.3,22.0,70.1,991.2,0.0,6,2,1,19.02901023890785,16.94070796460177
2023-06-21,경북,17.4106529209622,8.725383920505871,0.6,19.7,94.8,986.6,23.5,6,2,2,9.464628820960698,15.776173285198556
2023-06-22,경북,22.049705139005898,11.329535495179666,1.6,22.1,80.6,987.8,11.394455994455992,6,2,3,8.725383920505871,11.755555555555556
2023-06-23,경북,19.598130841121495,10.753521126760564,1.4,23.8,72.4,994.2,11.394455994455992,6,2,4,11.329535495179666,19.673093777388257
2023-06-24,경북,17.462393162393163,9.432915921288014,1.4,24.7,67.9,999.0,11.394455994455992,6,2,5,10.753521126760564,20.946963216424294
2023-06-25,경북,19.39965694682676,11.667876588021779,1.3,24.7,71.6,997.6,0.0,6,2,6,9.432915921288014,20.5991452991453
2023-06-26,경북,13.559033989266547,6.8752399232245685,0.9,22.5,94.6,993.2,53.0,6,2,0,11.667876588021779,19.02901023890785
2023-06-27,경북,18.609668755595344,9.538461538461538,2.2,26.0,77.4,993.3,40.9,6,2,1,6.8752399232245685,9.464628820960698
2023-06-28,경북,18.022589052997393,9.521619135234591,1.8,24.5,80.5,992.8,3.6,6,2,2,9.538461538461538,8.725383920505871
2023-06-29,경북,23.523324851569125,13.84419014084507,1.4,24.5,91.4,987.0,22.2,6,2,3,9.521619135234591,11.329535495179666
2023-06-30,경북,16.069055944055943,9.229990800367986,1.1,23.9,93.5,985.8,44.5,6,2,4,13.84419014084507,10.753521126760564
2023-07-01,경북,24.122117847993167,13.697612732095491,0.9,25.6,78.5,990.5,11.394455994455992,7,2,5,9.229990800367986,9.432915921288014
2023-07-02,경북,33.4419795221843,21.482879719051798,0.9,26.3,78.6,993.0,11.394455994455992,7,2,6,13.697612732095491,11.667876588021779
2023-07-03,경북,34.2129144851658,21.894495412844037,1.8,26.4,73.3,991.1,11.394455994455992,7,2,0,21.482879719051798,6.8752399232245685
2023-07-04,경북,21.329584775086506,13.438822447102115,1.1,24.5,86.1,986.9,24.9,7,2,1,21.894495412844037,9.538461538461538
2023-07-05,경북,21.8,10.49288256227758,2.7,25.2,79.6,980.3,17.0,7,2,2,13.438822447102115,9.521619135234591
2023-07-06,경북,47.1231945624469,20.55175363558597,1.1,25.7,72.4,987.7,11.394455994455992,7,2,3,10.49288256227758,13.84419014084507
2023-07-07,경북,36.14795918367347,19.619718309859156,1.0,20.6,89.1,988.7,86.7,7,2,4,20.55175363558597,9.229990800367986
2023-07-08,경북,21.994897959183675,11.907555555555556,1.0,23.1,87.5,988.2,1.7,7,2,5,19.619718309859156,13.697612732095491
2023-07-09,경북,31.394979079497908,19.645778938207137,0.9,25.1,87.3,988.4,15.2,7,2,6,11.907555555555556,21.482879719051798
2023-07-10,경북,31.082914572864322,19.006808510638297,1.2,25.9,84.8,989.4,8.5,7,2,0,19.645778938207137,21.894495412844037
2023-07-11,경북,26.843353090601184,15.613827993254638,0.9,23.4,94.1,990.9,30.0,7,2,1,19.006808510638297,13.438822447102115
2023-07-12,경북,21.654373927958833,10.35672020287405,1.1,25.4,87.0,990.4,1.7,7,2,2,15.613827993254638,10.49288256227758
2023-07-13,경북,29.099574468085105,15.373534338358459,0.6,24.9,94.3,990.5,15.8,7,2,3,10.35672020287405,20.55175363558597
2023-07-14,경북,14.67005076142132,6.242560865644725,1.9,24.6,94.0,985.1,57.8,7,2,4,15.373534338358459,19.619718309859156
2023-07-15,경북,16.22334172963896,7.037294015611448,1.0,23.8,95.3,987.0,47.3,7,2,5,6.242560865644725,11.907555555555556
2023-07-16,경북,19.441743503772003,8.715986394557824,1.0,24.6,89.4,992.8,0.6,7,2,6,7.037294015611448,19.645778938207137
2023-07-17,경북,13.375215146299483,5.132432432432433,1.2,25.3,89.3,996.9,11.0,7,2,0,8.715986394557824,19.006808510638297
2023-07-18,경북,12.287782805429865,5.065913370998117,0.9,23.1,95.9,996.1,66.1,7,2,1,5.132432432432433,15.613827993254638
2023-07-19,경북,13.432286995515694,6.011796733212341,1.2,25.5,83.1,992.1,11.394455994455992,7,2,2,5.065913370998117,10.35672020287405
2023-07-20,경북,31.405074365704287,18.595544130248502,0.9,26.5,80.6,993.7,11.394455994455992,7,2,3,6.011796733212341,15.373534338358459
2023-07-21,경북,36.65377855887522,23.994057724957557,1.2,25.9,81.3,997.6,11.394455994455992,7,2,4,18.595544130248502,6.242560865644725
2023-07-22,경북,22.53076923076923,12.933115823817293,1.1,25.5,78.1,998.6,11.394455994455992,7,2,5,23.994057724957557,7.037294015611448
2023-07-23,경북,16.546928327645052,8.39383846794338,0.9,26.5,83.1,994.2,0.0,7,2,6,12.933115823817293,8.715986394557824
2023-07-24,경북,13.460884353741497,5.628006872852234,1.1,26.0,87.3,994.2,16.3,7,2,0,8.39383846794338,5.132432432432433
2023-07-25,경북,17.37649063032368,7.4623115577889445,0.7,25.1,91.9,998.2,13.9,7,2,1,5.628006872852234,5.065913370998117
2023-07-26,경북,20.236842105263158,10.371332774518022,1.0,25.0,88.3,1000.4,3.8,7,2,2,7.4623115577889445,6.011796733212341
2023-07-27,경북,23.009598603839443,13.542096219931272,0.9,26.5,84.5,999.5,11.394455994455992,7,2,3,10.371332774518022,18.595544130248502
2023-07-28,경북,35.44633730834753,24.09623430962343,0.9,28.2,82.6,999.1,11.394455994455992,7,2,4,13.542096219931272,23.994057724957557
2023-07-29,경북,37.779646761984864,27.028428093645484,0.9,28.5,79.0,999.2,11.394455994455992,7,2,5,24.09623430962343,12.933115823817293
2023-07-30,경북,32.62207357859532,22.69950331125828,1.0,29.0,75.9,997.8,11.394455994455992,7,2,6,27.028428093645484,8.39383846794338
2023-07-31,경북,32.37521367521367,22.441880341880342,1.1,27.9,78.6,997.3,11.394455994455992,7,2,0,22.69950331125828,5.628006872852234
2023-08-01,경북,30.42707423580786,19.20993031358885,0.9,28.7,78.3,995.7,11.394455994455992,8,2,1,22.441880341880342,7.4623115577889445
2023-08-02,경북,28.06222611744084,16.911247803163445,1.0,28.8,79.4,992.7,11.394455994455992,8,2,2,19.20993031358885,10.371332774518022
2023-08-03,경북,26.233076263924595,15.938879456706282,1.5,29.6,75.8,990.9,11.394455994455992,8,2,3,16.911247803163445,13.542096219931272
2023-08-04,경북,24.895458440445587,14.463267070008643,1.1,29.6,77.9,989.1,11.394455994455992,8,2,4,15.938879456706282,24.09623430962343
2023-08-05,경북,25.02172096908939,15.157118055555555,1.1,29.9,77.3,985.4,11.394455994455992,8,2,5,14.463267070008643,27.028428093645484
2023-08-06,경북,20.647506339814033,12.288808664259928,1.6,29.6,75.8,983.7,11.394455994455992,8,2,6,15.157118055555555,22.69950331125828
2023-08-07,경북,19.030541012216403,8.62020579981291,1.6,29.3,73.9,985.0,11.394455994455992,8,2,0,12.288808664259928,22.441880341880342
2023-08-08,경북,16.925426774483377,6.725918570009931,2.2,28.8,73.4,987.9,11.394455994455992,8,2,1,8.62020579981291,19.20993031358885
2023-08-09,경북,14.957875457875458,6.288825757575758,1.0,25.4,86.5,988.4,22.5,8,2,2,6.725918570009931,16.911247803163445
2023-08-10,경북,11.869934024505184,4.839924670433145,2.5,22.9,90.9,978.4,69.0,8,2,3,6.288825757575758,15.938879456706282
2023-08-11,경북,21.78828828828829,10.533452274754683,1.7,27.0,72.9,985.9,11.394455994455992,8,2,4,4.839924670433145,14.463267070008643
2023-08-12,경북,29.630837004405286,16.49019607843137,1.0,25.2,82.3,989.2,11.394455994455992,8,2,5,10.533452274754683,15.157118055555555
2023-08-13,경북,27.953097345132743,16.084864391951005,1.2,26.2,80.3,990.2,11.394455994455992,8,2,6,16.49019607843137,12.288808664259928
2023-08-14,경북,24.906794425087107,14.246491228070175,1.6,27.0,75.8,991.2,11.394455994455992,8,2,0,16.084864391951005,8.62020579981291
2023-08-15,경북,21.827380952380953,10.685714285714285,1.1,27.1,74.4,989.4,11.394455994455992,8,2,1,14.246491228070175,6.725918570009931
2023-08-16,경북,25.054310344827588,12.829879101899827,1.3,26.7,76.0,988.8,0.2,8,2,2,10.685714285714285,6.288825757575758
2023-08-17,경북,20.433734939759034,11.023642732049037,1.3,25.8,82.5,990.6,11.394455994455992,8,2,3,12.829879101899827,4.839924670433145
2023-08-18,경북,16.997354497354497,8.401240035429584,1.2,25.8,84.3,992.4,4.8,8,2,4,11.023642732049037,10.533452274754683
2023-08-19,경북,23.647058823529413,13.528317836010144,1.1,27.9,81.9,994.8,11.394455994455992,8,2,5,8.401240035429584,16.49019607843137
2023-08-20,경북,24.10544217687075,13.972222222222221,1.1,27.6,84.9,995.9,0.5,8,2,6,13.528317836010144,16.084864391951005
2023-08-21,경북,28.22869565217391,16.690033783783782,1.0,28.2,80.0,993.5,11.394455994455992,8,2,0,13.972222222222221,14.246491228070175
2023-08-22,경북,35.70327723649247,24.307560137457045,1.3,28.6,76.1,990.5,11.394455994455992,8,2,1,16.690033783783782,10.685714285714285
2023-08-23,경북,28.745257452574524,18.64031277150304,1.6,28.2,74.6,990.8,0.0,8,2,2,24.307560137457045,12.829879101899827
2023-08-24,경북,13.58744394618834,6.564588979223125,1.8,24.8,90.9,991.6,37.1,8,2,3,18.64031277150304,11.023642732049037
2023-08-25,경북,17.41716738197425,8.551546391752577,1.7,25.9,79.1,992.1,37.9,8,2,4,6.564588979223125,8.401240035429584
2023-08-26,경북,27.319432860717264,15.145242070116861,1.1,25.4,77.8,994.1,11.394455994455992,8,2,5,8.551546391752577,13.528317836010144
2023-08-27,경북,24.413678065054214,13.65079365079365,1.5,25.4,75.3,994.0,11.394455994455992,8,2,6,15.145242070116861,13.972222222222221
2023-08-28,경북,21.44858156028369,11.222027972027972,2.1,25.7,78.6,993.4,11.394455994455992,8,2,0,13.65079365079365,16.690033783783782
2023-08-29,경북,19.454545454545453,9.642988929889299,1.1,26.0,86.8,991.7,0.5,8,2,1,11.222027972027972,24.307560137457045
2023-08-30,경북,16.06547085201794,7.622203098106713,1.1,23.0,95.9,993.6,91.5,8,2,2,9.642988929889299,18.64031277150304
2023-08-31,경북,16.137184115523464,8.193181818181818,0.9,22.9,86.9,995.1,32.5,8,2,3,7.622203098106713,6.564588979223125
2023-09-01,경북,23.77602799650044,12.528571428571428,0.9,23.3,80.3,996.3,11.394455994455992,9,3,4,8.193181818181818,8.551546391752577
2023-09-02,경북,22.69931856899489,11.999178307313064,1.6,23.6,83.8,997.1,1.3,9,3,5,12.528571428571428,15.145242070116861
2023-09-03,경북,18.036855036855037,8.891914191419142,0.9,25.5,83.5,997.6,11.394455994455992,9,3,6,11.999178307313064,13.65079365079365
2023-09-04,경북,20.306306306306308,9.22332506203474,1.6,26.1,78.5,997.2,11.394455994455992,9,3,0,8.891914191419142,11.222027972027972
2023-09-05,경북,21.039933444259567,9.412060301507537,1.4,25.6,68.9,996.7,11.394455994455992,9,3,1,9.22332506203474,9.642988929889299
2023-09-06,경북,22.58503401360544,10.877622377622378,1.2,24.4,74.3,997.1,11.394455994455992,9,3,2,9.412060301507537,7.622203098106713
2023-09-07,경북,23.88423645320197,10.887406171809841,1.7,22.5,71.8,999.8,11.394455994455992,9,3,3,10.877622377622378,8.193181818181818
2023-09-08,경북,19.156325543916196,8.401976935749587,1.1,22.4,73.3,998.1,11.394455994455992,9,3,4,10.887406171809841,12.528571428571428
2023-09-09,경북,18.108173076923077,9.025368248772503,1.1,22.8,74.4,996.4,11.394455994455992,9,3,5,8.401976935749587,11.999178307313064
2023-09-10,경북,17.02730923694779,9.279436152570481,1.2,23.1,77.1,995.7,11.394455994455992,9,3,6,9.025368248772503,8.891914191419142
2023-09-11,경북,21.145782145782146,11.335564853556486,1.1,24.4,75.9,994.3,11.394455994455992,9,3,0,9.279436152570481,9.22332506203474
2023-09-12,경북,29.62262592898431,17.369601328903656,0.8,24.9,81.0,995.5,0.4,9,3,1,11.335564853556486,9.412060301507537
2023-09-13,경북,29.897689768976896,18.877280265339966,0.9,23.0,90.6,995.9,15.2,9,3,2,17.369601328903656,10.877622377622378
2023-09-14,경북,13.65071368597817,6.440476190476191,0.7,22.3,89.4,997.7,8.1,9,3,3,18.877280265339966,10.887406171809841
2023-09-15,경북,13.716204869857263,5.699747687132044,0.6,21.4,95.0,999.1,25.1,9,3,4,6.440476190476191,8.401976935749587
2023-09-16,경북,20.627450980392158,10.798340248962656,0.7,22.9,94.0,997.5,10.2,9,3,5,5.699747687132044,9.025368248772503
2023-09-17,경북,15.911813643926788,7.1606694560669455,0.7,24.5,89.5,995.4,1.6,9,3,6,10.798340248962656,9.279436152570481
2023-09-18,경북,21.892617449664428,9.391561181434598,1.0,25.3,82.0,996.9,2.4,9,3,0,7.1606694560669455,11.335564853556486
2023-09-19,경북,29.828402366863905,16.624125874125873,1.3,23.2,81.8,998.6,11.394455994455992,9,3,1,9.391561181434598,17.369601328903656
2023-09-20,경북,37.28020134228188,23.10187667560322,1.1,20.7,93.0,995.4,87.6,9,3,2,16.624125874125873,18.877280265339966
2023-09-21,경북,15.523768366464996,6.349775784753363,1.0,19.3,86.9,995.6,5.7,9,3,3,23.10187667560322,6.440476190476191
2023-09-22,경북,20.73146622734761,8.767441860465116,0.8,19.8,78.1,1000.4,11.394455994455992,9,3,4,6.349775784753363,5.699747687132044
2023-09-23,경북,18.65024630541872,9.0311986863711,1.5,19.5,77.6,1004.7,11.394455994455992,9,3,5,8.767441860465116,10.798340248962656
2023-09-24,경북,17.97222222222222,7.3535269709543565,1.7,19.4,69.5,1005.2,11.394455994455992,9,3,6,9.0311986863711,7.1606694560669455
2023-09-25,경북,20.034166666666668,7.575107296137339,1.1,20.4,81.3,1001.5,3.3,9,3,0,7.3535269709543565,9.391561181434598
2023-09-26,경북,13.18898931799507,7.182741116751269,0.4,19.7,96.3,998.4,41.9,9,3,1,7.575107296137339,16.624125874125873
2023-09-27,경북,17.150041220115416,9.11176968670618,0.6,20.9,95.9,996.0,1.4,9,3,2,7.182741116751269,23.10187667560322
2023-09-28,경북,27.220491803278687,15.97907949790795,1.7,21.7,82.6,997.6,11.394455994455992,9,3,3,9.11176968670618,6.349775784753363
2023-09-29,경북,45.31561733442355,29.29958158995816,0.6,19.2,88.3,998.7,11.394455994455992,9,3,4,15.97907949790795,8.767441860465116
2023-09-30,경북,27.560915780866722,16.939368061485908,1.4,18.2,82.1,995.7,2.2,9,3,5,29.29958158995816,9.0311986863711
2023-10-01,경북,30.280687397708675,13.192504258943782,1.5,17.4,70.6,998.2,11.394455994455992,10,3,6,16.939368061485908,7.3535269709543565
2023-10-02,경북,20.147299509001638,10.80895008605852,0.8,15.3,75.6,1002.7,11.394455994455992,10,3,0,13.192504258943782,7.575107296137339
2023-10-03,경북,21.76967213114754,12.389904264577893,0.7,14.4,88.9,1002.7,11.394455994455992,10,3,1,10.80895008605852,7.182741116751269
2023-10-04,경북,22.966832504145938,14.03122289679098,1.0,15.9,84.0,998.1,1.1,10,3,2,12.389904264577893,9.11176968670618
2023-10-05,경북,30.155371900826445,11.517270429654591,2.2,13.9,58.9,999.3,11.394455994455992,10,3,3,14.03122289679098,15.97907949790795
2023-10-06,경북,27.4467382328654,11.947855340622372,0.7,13.3,73.6,1003.2,11.394455994455992,10,3,4,11.517270429654591,29.29958158995816
2023-10-07,경북,21.885928393005827,11.534612176814012,1.3,15.7,76.1,1006.9,0.0,10,3,5,11.947855340622372,16.939368061485908
2023-10-08,경북,16.76691729323308,8.232053422370617,1.2,16.2,73.6,1007.7,11.394455994455992,10,3,6,11.534612176814012,13.192504258943782
2023-10-09,경북,16.733500417710943,8.626878130217028,0.7,15.6,82.5,1003.9,11.394455994455992,10,3,0,8.232053422370617,10.80895008605852
2023-10-10,경북,22.586846543001688,13.108269394714407,1.2,16.3,74.9,1004.8,11.394455994455992,10,3,1,8.626878130217028,12.389904264577893
2023-10-11,경북,25.486169321039398,13.20786997433704,1.2,14.9,77.1,1009.2,11.394455994455992,10,3,2,13.108269394714407,14.03122289679098
2023-10-12,경북,24.323777403035415,13.35464620630861,1.0,15.0,75.6,1008.7,11.394455994455992,10,3,3,13.20786997433704,11.517270429654591
2023-10-13,경북,28.0,16.43647363872083,0.7,15.9,77.8,1002.3,11.394455994455992,10,3,4,13.35464620630861,11.947855340622372
2023-10-14,경북,30.08585445625511,19.591289782244555,0.9,13.6,86.6,994.8,1.6,10,3,5,16.43647363872083,11.534612176814012
2023-10-15,경북,25.076986076986078,17.411269974768715,1.4,13.8,82.8,994.9,11.394455994455992,10,3,6,19.591289782244555,8.232053422370617
2023-10-16,경북,37.47372810675563,19.845957446808512,1.2,14.0,74.1,999.0,11.394455994455992,10,3,0,17.411269974768715,8.626878130217028
2023-10-17,경북,33.59695173581711,15.703703703703704,0.7,11.7,70.9,1003.3,11.394455994455992,10,3,1,19.845957446808512,13.108269394714407
2023-10-18,경북,31.046257359125317,16.5862660944206,0.9,12.8,78.3,1003.9,11.394455994455992,10,3,2,15.703703703703704,13.20786997433704
2023-10-19,경북,34.080740117746004,20.054794520547944,0.7,14.0,86.4,1000.5,3.1,10,3,3,16.5862660944206,13.35464620630861
2023-10-20,경북,21.080833333333334,9.198466780238501,2.6,12.0,60.6,999.4,2.7,10,3,4,20.054794520547944,16.43647363872083
2023-10-21,경북,22.83722871452421,10.014468085106383,1.2,8.6,64.9,1004.4,0.0,10,3,5,9.198466780238501,19.591289782244555
2023-10-22,경북,22.719298245614034,11.756227758007118,1.3,10.3,69.9,1006.9,11.394455994455992,10,3,6,10.014468085106383,17.411269974768715
2023-10-23,경북,34.02220324508966,18.1651865008881,0.7,12.1,81.0,1007.0,11.394455994455992,10,3,0,11.756227758007118,19.845957446808512
2023-10-24,경북,35.61076787290379,22.106306306306305,0.9,12.4,81.8,1004.6,11.394455994455992,10,3,1,18.1651865008881,15.703703703703704
2023-10-25,경북,37.22251308900523,23.705722070844686,0.7,13.4,83.5,1002.2,11.394455994455992,10,3,2,22.106306306306305,16.5862660944206
2023-10-26,경북,50.763745704467354,33.493273542600896,0.8,14.8,81.1,999.2,11.394455994455992,10,3,3,23.705722070844686,20.054794520547944
2023-10-27,경북,42.97128378378378,24.77413793103448,0.7,12.0,83.5,998.6,0.0,10,3,4,33.493273542600896,9.198466780238501
2023-10-28,경북,28.57495881383855,16.11973018549747,1.0,11.8,81.5,1003.1,11.394455994455992,10,3,5,24.77413793103448,10.014468085106383
2023-10-29,경북,27.528209321340963,16.041350210970464,0.7,11.5,79.9,1006.3,11.394455994455992,10,3,6,16.11973018549747,11.756227758007118
2023-10-30,경북,35.69256474519632,21.13126079447323,0.7,11.6,82.6,1006.6,11.394455994455992,10,3,0,16.041350210970464,18.1651865008881
2023-10-31,경북,45.21470342522974,26.562925170068027,0.8,12.5,75.0,1006.0,11.394455994455992,10,3,1,21.13126079447323,22.106306306306305
2023-11-01,경북,45.2822445561139,26.552699228791774,0.5,13.1,81.5,1003.3,11.394455994455992,11,3,2,26.562925170068027,23.705722070844686
2023-11-02,경북,48.23853989813243,28.869715271786024,0.8,15.8,76.4,1002.0,11.394455994455992,11,3,3,26.552699228791774,33.493273542600896
2023-11-03,경북,38.7489539748954,22.14419795221843,1.1,16.4,74.1,1000.5,11.394455994455992,11,3,4,28.869715271786024,24.77413793103448
2023-11-04,경북,33.287234042553195,20.617220801364024,1.1,16.5,86.1,1005.8,1.7,11,3,5,22.14419795221843,16.11973018549747
2023-11-05,경북,28.92528735632184,17.831191088260496,1.2,18.3,86.0,1002.8,2.3,11,3,6,20.617220801364024,16.041350210970464
2023-11-06,경북,24.20161943319838,11.116357504215852,4.0,16.4,67.6,991.5,13.8,11,3,0,17.831191088260496,21.13126079447323
2023-11-07,경북,25.536312849162012,11.004909983633388,3.9,8.5,52.5,1003.3,11.394455994455992,11,3,1,11.116357504215852,26.562925170068027
2023-11-08,경북,26.178513731825525,13.974273858921162,0.7,7.3,69.5,1007.1,11.394455994455992,11,3,2,11.004909983633388,26.552699228791774
2023-11-09,경북,33.556642216788916,20.119127516778523,0.8,10.9,80.4,1004.4,2.0,11,3,3,13.974273858921162,28.869715271786024
2023-11-10,경북,25.77076677316294,16.862969004893966,2.4,8.3,57.8,1005.9,6.3,11,3,4,20.119127516778523,22.14419795221843
2023-11-11,경북,22.28503937007874,13.612590799031477,1.1,2.8,58.1,1010.9,11.394455994455992,11,3,5,16.862969004893966,20.617220801364024
2023-11-12,경북,20.82663514578408,13.94991789819376,2.0,1.7,55.0,1009.6,11.394455994455992,11,3,6,13.612590799031477,17.831191088260496
2023-11-13,경북,21.39430894308943,13.801501251042536,2.0,2.2,52.3,1010.2,11.394455994455992,11,3,0,13.94991789819376,11.116357504215852
2023-11-14,경북,24.39240506329114,15.431837425910246,1.4,4.2,62.5,1009.8,11.394455994455992,11,3,1,13.801501251042536,11.004909983633388
2023-11-15,경북,37.20353238015139,25.991532599491958,0.9,4.5,72.1,1011.4,11.394455994455992,11,3,2,15.431837425910246,13.974273858921162
2023-11-16,경북,48.519665271966524,37.48299319727891,0.7,3.3,91.4,1004.4,4.8,11,3,3,25.991532599491958,20.119127516778523
2023-11-17,경북,21.99320882852292,14.40391156462585,2.8,3.7,67.0,996.3,0.2,11,3,4,37.48299319727891,16.862969004893966
2023-11-18,경북,23.30050083472454,13.159832635983264,3.8,0.9,53.0,999.8,11.394455994455992,11,3,5,14.40391156462585,13.612590799031477
2023-11-19,경북,32.747491638795985,18.367892976588628,2.0,6.8,68.0,1000.9,11.394455994455992,11,3,6,13.159832635983264,13.94991789819376
2023-11-20,경북,38.42043551088777,22.901680672268906,1.1,5.9,60.5,1006.8,11.394455994455992,11,3,0,18.367892976588628,13.801501251042536
2023-11-21,경북,34.82457627118644,22.167932489451477,0.7,4.6,68.6,1005.7,11.394455994455992,11,3,1,22.901680672268906,15.431837425910246
2023-11-22,경북,35.418546365914786,23.052936311000828,0.8,6.4,70.0,1001.3,11.394455994455992,11,3,2,22.167932489451477,25.991532599491958
2023-11-23,경북,52.39817123857024,28.205661948376353,2.2,10.9,54.4,996.7,0.0,11,3,3,23.052936311000828,37.48299319727891
2023-11-24,경북,20.44891122278057,10.623224728487886,3.6,1.4,39.1,1009.4,11.394455994455992,11,3,4,28.205661948376353,14.40391156462585
2023-11-25,경북,19.739309210526315,11.656666666666666,0.9,-1.5,43.1,1015.1,11.394455994455992,11,3,5,10.623224728487886,13.159832635983264
2023-11-26,경북,25.917213114754098,17.41994970662196,0.6,2.8,51.8,1008.9,0.0,11,3,6,11.656666666666666,18.367892976588628
2023-11-27,경북,33.15025041736227,22.499576629974598,0.4,3.6,91.3,999.0,1.0,11,3,0,17.41994970662196,22.901680672268906
2023-11-28,경북,34.859071729957805,20.218351741716226,3.5,3.8,54.1,1003.5,11.394455994455992,11,3,1,22.499576629974598,22.167932489451477
2023-11-29,경북,27.977739726027398,18.108885017421603,2.3,1.8,63.9,1007.4,0.0,11,3,2,20.218351741716226,23.052936311000828
2023-11-30,경북,19.850921273031826,11.425817267393127,3.2,-2.7,46.6,1010.2,11.394455994455992,11,3,3,18.108885017421603,28.205661948376353
2023-12-01,경북,20.200826446280992,12.216896831844029,2.7,-1.6,49.1,1008.3,11.394455994455992,12,4,4,11.425817267393127,10.623224728487886
2023-12-02,경북,27.415372035977107,17.491961414790996,1.1,0.8,63.6,1008.7,11.394455994455992,12,4,5,12.216896831844029,11.656666666666666
2023-12-03,경북,31.528209321340963,20.46827309236948,1.7,2.7,47.8,1009.1,11.394455994455992,12,4,6,17.491961414790996,17.41994970662196
2023-12-04,경북,33.85218827415359,21.952845528455285,0.7,0.8,60.6,1005.6,11.394455994455992,12,4,0,20.46827309236948,22.499576629974598
2023-12-05,경북,35.22510822510822,22.205387205387204,0.7,2.4,62.6,1001.9,11.394455994455992,12,4,1,21.952845528455285,20.218351741716226
2023-12-06,경북,51.46632566069906,35.79414225941422,0.8,2.9,77.3,995.2,1.1,12,4,2,22.205387205387204,18.108885017421603
2023-12-07,경북,68.90132669983416,24.836601307189543,2.6,5.6,51.5,999.4,11.394455994455992,12,4,3,35.79414225941422,11.425817267393127
2023-12-08,경북,74.14147130153597,26.08649959579628,0.8,5.3,74.6,1000.1,11.394455994455992,12,4,4,24.836601307189543,12.216896831844029
2023-12-09,경북,61.52771084337349,28.249799196787148,0.6,8.2,80.8,1002.6,11.394455994455992,12,4,5,26.08649959579628,17.491961414790996
2023-12-10,경북,65.03125,32.31028938906753,1.2,10.0,77.9,1007.4,11.394455994455992,12,4,6,28.249799196787148,20.46827309236948
2023-12-11,경북,33.6356720202874,16.96964586846543,1.6,11.3,86.0,1001.4,22.2,12,4,0,32.31028938906753,21.952845528455285
2023-12-12,경북,11.701230228471001,6.1646234676007,1.1,7.3,69.8,1004.8,11.394455994455992,12,4,1,16.96964586846543,22.205387205387204
2023-12-13,경북,17.898701298701297,9.80579216354344,0.7,5.2,82.8,1012.7,11.394455994455992,12,4,2,6.1646234676007,35.79414225941422
2023-12-14,경북,22.924786324786325,13.240033927056828,0.9,7.7,88.9,1008.3,16.3,12,4,3,9.80579216354344,24.836601307189543
2023-12-15,경북,11.12351945854484,6.978687127024723,0.9,7.7,95.5,996.3,35.0,12,4,4,13.240033927056828,26.08649959579628
2023-12-16,경북,13.586974443528442,7.7284053156146175,4.7,-0.7,72.4,1002.6,0.5,12,4,5,6.978687127024723,28.249799196787148
2023-12-17,경북,14.08585445625511,9.254590984974959,3.8,-7.4,44.4,1014.8,11.394455994455992,12,4,6,7.7284053156146175,32.31028938906753
2023-12-18,경북,14.557226399331663,9.412162162162161,1.5,-5.6,48.9,1016.9,11.394455994455992,12,4,0,9.254590984974959,16.96964586846543
2023-12-19,경북,20.571428571428573,12.515151515151516,0.9,-2.4,51.8,1011.2,11.394455994455992,12,4,1,9.412162162162161,6.1646234676007
2023-12-20,경북,32.50859950859951,23.276037256562237,3.3,-4.3,54.9,1008.1,11.394455994455992,12,4,2,12.515151515151516,9.80579216354344
2023-12-21,경북,16.991610738255034,10.672603901611534,3.2,-8.7,44.0,1011.2,11.394455994455992,12,4,3,23.276037256562237,13.240033927056828
2023-12-22,경북,18.30441898527005,10.416123778501628,2.9,14.12574737409103,40.9,1017.1,11.394455994455992,12,4,4,10.672603901611534,6.978687127024723
2023-12-23,경북,18.074285714285715,11.97983870967742,1.1,-6.7,53.1,1019.3,11.394455994455992,12,4,5,10.416123778501628,7.7284053156146175
2023-12-24,경북,25.049180327868854,18.797560975609755,0.9,-4.3,69.5,1014.3,0.0,12,4,6,11.97983870967742,9.254590984974959
2023-12-25,경북,34.819148936170215,26.425549227013832,1.3,-2.6,73.9,1012.2,0.0,12,4,0,18.797560975609755,9.412162162162161
2023-12-26,경북,34.02141680395387,23.49633848657445,1.7,1.2,69.1,1012.5,11.394455994455992,12,4,1,26.425549227013832,12.515151515151516
2023-12-27,경북,45.93163097199341,30.35174654752234,0.6,1.1,69.9,1014.2,11.394455994455992,12,4,2,23.49633848657445,23.276037256562237
2023-12-28,경북,57.180868167202576,41.25768321513002,1.3,0.2,72.3,1011.5,11.394455994455992,12,4,3,30.35174654752234,10.672603901611534
2023-12-29,경북,63.33279871692061,48.9224620303757,0.9,-0.3,75.4,1010.3,11.394455994455992,12,4,4,41.25768321513002,10.416123778501628
2023-12-30,경북,67.35445068163592,54.42389525368249,0.6,-0.2,81.6,1002.6,0.0,12,4,5,48.9224620303757,11.97983870967742
2023-12-31,경북,40.39579967689822,32.48090982940698,1.5,2.6,87.5,1000.9,0.9,12,4,6,54.42389525368249,18.797560975609755
2024-10-01,경북,20.27561556791104,9.883147853736089,1.7,18.0,77.0,995.7,11.394455994455992,10,3,1,32.48090982940698,26.425549227013832
2024-10-02,경북,19.64245810055866,8.166268894192521,1.2,14.8,57.4,1002.2,11.394455994455992,10,3,2,9.883147853736089,23.49633848657445
2024-10-03,경북,18.4714859437751,7.939417781274587,1.0,14.3,80.3,1005.9,1.4,10,3,3,8.166268894192521,30.35174654752234
2024-10-04,경북,15.980876494023905,7.806089743589744,1.1,16.0,79.6,1008.4,11.394455994455992,10,3,4,7.939417781274587,41.25768321513002
2024-10-05,경북,16.479527559055118,8.345541401273886,0.9,16.5,77.6,1007.7,11.394455994455992,10,3,5,7.806089743589744,48.9224620303757
2024-10-06,경북,16.336477987421382,8.37814465408805,0.8,16.9,85.8,1004.5,0.0,10,3,6,8.345541401273886,54.42389525368249
2024-10-07,경북,19.48121502797762,11.204163330664532,0.8,16.1,89.0,1001.6,6.6,10,3,0,8.37814465408805,32.48090982940698
2024-10-08,경북,28.416600790513833,16.90506329113924,1.0,16.2,86.3,1001.3,11.394455994455992,10,3,1,11.204163330664532,9.883147853736089
2024-10-09,경북,19.55310778914241,9.029897718332021,1.4,15.8,79.9,1001.6,11.394455994455992,10,3,2,16.90506329113924,8.166268894192521
2024-10-10,경북,20.457234212629896,9.5656,0.7,15.6,79.6,1000.2,11.394455994455992,10,3,3,9.029897718332021,7.939417781274587
2024-10-11,경북,23.976072607260726,12.63014827018122,0.7,16.2,81.8,1002.8,11.394455994455992,10,3,4,9.5656,7.806089743589744
2024-10-12,경북,30.474074074074075,18.26198347107438,0.7,15.7,79.0,1007.5,11.394455994455992,10,3,5,12.63014827018122,8.345541401273886
2024-10-13,경북,25.142156862745097,14.96481178396072,1.3,16.5,78.8,1008.6,11.394455994455992,10,3,6,18.26198347107438,8.37814465408805
2024-10-14,경북,23.32588916459884,11.52317880794702,0.7,17.0,89.8,1004.6,7.1,10,3,0,14.96481178396072,11.204163330664532
2024-10-15,경북,19.196284329563813,11.211290322580645,0.6,17.2,96.6,1002.3,7.3,10,3,1,11.52317880794702,16.90506329113924
2024-10-16,경북,30.523731587561375,14.218623481781377,0.8,18.6,86.3,1006.9,11.394455994455992,10,3,2,11.211290322580645,9.029897718332021
2024-10-17,경북,31.75595727198028,13.841849148418492,0.8,17.5,88.6,1007.5,11.394455994455992,10,3,3,14.218623481781377,9.5656
2024-10-18,경북,29.67960363336086,13.531224655312247,0.8,18.9,90.4,999.4,12.9,10,3,4,13.841849148418492,12.63014827018122
2024-10-19,경북,18.30423940149626,8.554032258064517,2.0,16.3,85.4,1003.3,3.5,10,3,5,13.531224655312247,18.26198347107438
2024-10-20,경북,22.105,7.679549114331723,2.0,12.0,67.5,1015.7,11.394455994455992,10,3,6,8.554032258064517,14.96481178396072
2024-10-21,경북,24.581589958158997,8.594262295081966,0.5,14.6,86.1,1008.9,0.5,10,3,0,7.679549114331723,11.52317880794702
2024-10-22,경북,15.28475147430497,8.708721422523285,0.5,16.7,98.6,999.6,21.6,10,3,1,8.594262295081966,11.211290322580645
2024-10-23,경북,20.0843776106934,8.73428331936295,3.3,14.3,73.4,999.3,0.7,10,3,2,8.708721422523285,14.218623481781377
2024-10-24,경북,24.078688524590163,12.52796052631579,0.8,10.9,83.4,1006.3,11.394455994455992,10,3,3,8.73428331936295,13.841849148418492
2024-10-25,경북,25.848236259228877,12.53820870994248,1.0,13.8,84.5,1010.0,11.394455994455992,10,3,4,12.52796052631579,13.531224655312247
2024-10-26,경북,24.875,11.525451559934318,1.3,16.2,81.6,1006.2,11.394455994455992,10,3,5,12.53820870994248,8.554032258064517
2024-10-27,경북,22.476307189542485,12.120393120393121,0.5,13.5,95.5,999.1,0.9,10,3,6,11.525451559934318,7.679549114331723
2024-10-28,경북,27.122249388753055,16.290375203915172,1.5,13.9,84.6,1000.4,11.394455994455992,10,3,0,12.120393120393121,8.594262295081966
2024-10-29,경북,20.829346092503986,8.65967741935484,0.8,13.1,79.1,1003.9,11.394455994455992,10,3,1,16.290375203915172,8.708721422523285
2024-10-30,경북,25.10168134507606,13.188264058679707,0.6,12.5,85.8,1006.9,11.394455994455992,10,3,2,8.65967741935484,8.73428331936295
2024-10-31,경북,34.59839357429719,18.91867954911433,0.7,13.3,85.9,1007.9,11.394455994455992,10,3,3,13.188264058679707,12.52796052631579
2024-11-01,경북,28.208400646203554,17.374898785425103,0.7,12.5,97.6,1004.4,1.8,11,3,4,18.91867954911433,12.53820870994248
2024-11-02,경북,23.738582677165354,12.066876475216365,0.9,16.0,82.0,1002.3,11.394455994455992,11,3,5,17.374898785425103,11.525451559934318
2024-11-03,경북,26.62735849056604,13.688291139240507,0.7,13.2,86.8,1007.1,11.394455994455992,11,3,6,12.066876475216365,12.120393120393121
2024-11-04,경북,31.3536,17.1429718875502,0.9,12.4,81.4,1004.1,11.394455994455992,11,3,0,13.688291139240507,16.290375203915172
2024-11-05,경북,31.76669348350764,16.755036261079773,1.4,10.6,71.9,1004.3,11.394455994455992,11,3,1,17.1429718875502,8.65967741935484
2024-11-06,경북,25.55700325732899,12.680032733224223,1.3,6.6,54.5,1009.3,11.394455994455992,11,3,2,16.755036261079773,13.188264058679707
2024-11-07,경북,28.99759807846277,15.37892196299276,0.7,7.1,79.6,1013.9,11.394455994455992,11,3,3,12.680032733224223,18.91867954911433
2024-11-08,경북,27.562700964630224,15.028962188254223,1.0,10.8,83.9,1012.5,11.394455994455992,11,3,4,15.37892196299276,17.374898785425103
2024-11-09,경북,23.197262479871174,13.254442649434571,1.1,12.6,82.9,1011.0,11.394455994455992,11,3,5,15.028962188254223,12.066876475216365
2024-11-10,경북,22.452984464431726,12.134316134316133,0.6,12.1,88.5,1006.8,11.394455994455992,11,3,6,13.254442649434571,13.688291139240507
2024-11-11,경북,28.75785123966942,15.618377483443709,0.7,12.4,89.1,1004.5,11.394455994455992,11,3,0,12.134316134316133,17.1429718875502
2024-11-12,경북,33.379819524200165,19.506984387838948,1.1,12.5,73.8,1003.3,11.394455994455992,11,3,1,15.618377483443709,16.755036261079773
2024-11-13,경북,37.72712283594394,18.733990147783253,1.2,12.1,76.5,1007.5,11.394455994455992,11,3,2,19.506984387838948,12.680032733224223
2024-11-14,경북,33.90819672131148,17.706953642384107,0.6,12.5,83.1,1005.6,0.0,11,3,3,18.733990147783253,15.37892196299276
2024-11-15,경북,34.75805119735755,19.71309424520434,0.4,13.3,90.4,1004.2,1.3,11,3,4,17.706953642384107,15.028962188254223
2024-11-16,경북,28.74795417348609,16.322925225965488,0.7,15.7,82.1,1000.9,11.394455994455992,11,3,5,19.71309424520434,13.254442649434571
2024-11-17,경북,23.787581699346404,13.837018837018837,2.5,10.9,64.6,1004.4,0.0,11,3,6,16.322925225965488,12.134316134316133
2024-11-18,경북,22.225247524752476,10.63358147229115,1.5,3.3,49.8,1014.5,11.394455994455992,11,3,0,13.837018837018837,15.618377483443709
2024-11-19,경북,21.354515050167223,11.458123953098827,0.5,4.0,76.8,1014.0,11.394455994455992,11,3,1,10.63358147229115,19.506984387838948
2024-11-20,경북,33.62571662571663,20.210353327855383,0.9,5.3,76.6,1007.6,11.394455994455992,11,3,2,11.458123953098827,18.733990147783253
2024-11-21,경북,49.267616785431514,30.56449044585987,1.2,7.4,78.5,1004.3,0.0,11,3,3,20.210353327855383,17.706953642384107
2024-11-22,경북,38.308858739026334,23.387820512820515,1.7,7.1,58.9,1006.0,0.0,11,3,4,30.56449044585987,19.71309424520434
2024-11-23,경북,24.85308056872038,15.020553359683795,1.2,4.6,72.5,1011.7,11.394455994455992,11,3,5,23.387820512820515,16.322925225965488
2024-11-24,경북,19.657210401891252,11.279493269992082,0.5,4.9,79.4,1013.8,11.394455994455992,11,3,6,15.020553359683795,13.837018837018837
2024-11-25,경북,25.315529991783073,13.731967213114753,1.1,7.8,77.6,1010.2,0.0,11,3,0,11.279493269992082,10.63358147229115
2024-11-26,경북,20.513754045307444,10.089141004862237,2.8,7.7,72.8,995.8,15.7,11,3,1,13.731967213114753,11.458123953098827
2024-11-27,경북,16.206477732793523,8.854943273905997,2.7,2.0,80.6,995.7,4.1,11,3,2,10.089141004862237,20.210353327855383
2024-11-28,경북,19.77004048582996,10.751010509296686,2.9,2.7,75.1,994.6,0.4,11,3,3,8.854943273905997,30.56449044585987
2024-11-29,경북,22.31933438985737,12.847376788553259,2.6,2.1,67.3,995.8,11.394455994455992,11,3,4,10.751010509296686,23.387820512820515
2024-11-30,경북,21.376377952755906,10.090408805031446,2.5,4.6,64.8,999.0,11.394455994455992,11,3,5,12.847376788553259,15.020553359683795
2023-01-08,광주,109.28205128205128,32.94230769230769,0.5,3.2,66.4,1016.7,11.394455994455992,1,4,6,56.03846153846154,36.37096774193548
2023-01-09,광주,74.5673076923077,30.16346153846154,0.7,3.9,68.3,1016.1,11.394455994455992,1,4,0,32.94230769230769,10.237179487179487
2023-01-10,광주,60.73856209150327,29.212418300653596,0.6,3.8,59.6,1019.5,11.394455994455992,1,4,1,30.16346153846154,12.522875816993464
2023-01-11,광주,56.48844884488449,30.80592105263158,0.4,5.5,64.6,1017.5,11.394455994455992,1,4,2,29.212418300653596,23.013157894736842
2023-01-12,광주,39.127450980392155,20.5718954248366,0.6,9.5,70.8,1013.2,0.1,1,4,3,30.80592105263158,54.81639344262295
2023-01-13,광주,13.084690553745927,9.074918566775244,1.5,14.3,95.9,1003.4,24.2,1,4,4,20.5718954248366,87.49679487179488
2023-01-14,광주,18.28525641025641,11.528846153846153,0.8,8.0,94.0,1005.1,0.0,1,4,5,9.074918566775244,56.03846153846154
2023-01-15,광주,23.987179487179485,11.778846153846153,1.7,1.9,74.4,1010.9,0.0,1,4,6,11.528846153846153,32.94230769230769
2023-01-16,광주,21.63907284768212,9.31270358306189,2.1,-1.0,54.0,1016.4,11.394455994455992,1,4,0,11.778846153846153,30.16346153846154
2023-01-17,광주,24.5,12.365131578947368,1.4,-0.4,52.1,1018.2,11.394455994455992,1,4,1,9.31270358306189,29.212418300653596
2023-01-18,광주,53.74086378737542,29.31045751633987,0.5,0.9,68.0,1017.7,11.394455994455992,1,4,2,12.365131578947368,30.80592105263158
2023-01-19,광주,67.75,32.377049180327866,0.8,2.6,63.9,1016.2,11.394455994455992,1,4,3,29.31045751633987,20.5718954248366
2023-01-20,광주,70.23717948717949,20.368589743589745,1.7,0.7,52.9,1019.4,0.0,1,4,4,32.377049180327866,9.074918566775244
2023-01-21,광주,20.564102564102566,8.557692307692308,1.8,-0.9,43.3,1021.0,11.394455994455992,1,4,5,20.368589743589745,11.528846153846153
2023-01-22,광주,24.96153846153846,13.14423076923077,1.2,2.6,38.8,1016.4,11.394455994455992,1,4,6,8.557692307692308,11.778846153846153
2023-01-23,광주,47.006410256410255,25.003205128205128,1.3,3.1,57.6,1014.4,0.0,1,4,0,13.14423076923077,9.31270358306189
2023-01-24,광주,22.09294871794872,10.849358974358974,2.9,-7.7,63.5,1019.5,0.1,1,4,1,25.003205128205128,12.365131578947368
2023-01-25,광주,12.844884488448844,8.029702970297029,1.9,-7.9,42.9,1021.6,11.394455994455992,1,4,2,10.849358974358974,29.31045751633987
2023-01-26,광주,24.70860927152318,17.543046357615893,0.5,-2.7,66.8,1015.2,0.0,1,4,3,8.029702970297029,32.377049180327866
2023-01-27,광주,32.8525641025641,17.496794871794872,2.5,-2.8,56.1,1014.3,0.0,1,4,4,17.543046357615893,20.368589743589745
2023-01-28,광주,28.64423076923077,12.512820512820513,1.5,-2.8,59.0,1014.7,0.0,1,4,5,17.496794871794872,8.557692307692308
2023-01-29,광주,45.18589743589744,15.98397435897436,1.0,1.3,70.0,1012.6,0.0,1,4,6,12.512820512820513,13.14423076923077
2023-01-30,광주,44.92628205128205,13.935897435897436,1.2,1.8,38.6,1015.5,11.394455994455992,1,4,0,15.98397435897436,25.003205128205128
2023-01-31,광주,35.551839464882946,17.20066889632107,1.0,3.7,56.5,1011.2,11.394455994455992,1,4,1,13.935897435897436,10.849358974358974
2023-02-01,광주,50.16065573770492,27.03934426229508,1.4,3.9,58.1,1011.2,11.394455994455992,2,4,2,17.20066889632107,8.029702970297029
2023-02-02,광주,38.50830564784053,14.315614617940199,1.8,0.7,39.8,1017.5,11.394455994455992,2,4,3,27.03934426229508,17.543046357615893
2023-02-03,광주,32.69230769230769,14.990353697749196,1.4,0.9,38.1,1015.0,11.394455994455992,2,4,4,14.315614617940199,17.496794871794872
2023-02-04,광주,44.11254019292605,27.368589743589745,0.9,1.6,54.3,1016.9,11.394455994455992,2,4,5,14.990353697749196,12.512820512820513
2023-02-05,광주,50.62258064516129,35.9903536977492,0.6,2.8,45.9,1016.5,11.394455994455992,2,4,6,27.368589743589745,15.98397435897436
2023-02-06,광주,45.447712418300654,28.61111111111111,0.6,5.2,34.9,1012.8,11.394455994455992,2,4,0,35.9903536977492,13.935897435897436
2023-02-07,광주,61.47157190635451,41.53333333333333,0.7,6.1,41.0,1011.7,11.394455994455992,2,4,1,28.61111111111111,17.20066889632107
2023-02-08,광주,76.98371335504886,56.899022801302934,1.0,4.5,53.3,1017.8,11.394455994455992,2,4,2,41.53333333333333,27.03934426229508
2023-02-09,광주,53.5328947368421,36.14802631578947,1.6,5.9,52.3,1016.6,2.1,2,4,3,56.899022801302934,14.315614617940199
2023-02-10,광주,23.781456953642383,18.0,1.6,4.8,82.0,1011.5,6.6,2,4,4,36.14802631578947,14.990353697749196
2023-02-11,광주,45.054662379421224,35.25961538461539,0.9,4.3,79.3,1014.6,11.394455994455992,2,4,5,18.0,27.368589743589745
2023-02-12,광주,37.3525641025641,28.724358974358974,1.0,5.2,73.4,1011.5,0.8,2,4,6,35.25961538461539,35.9903536977492
2023-02-13,광주,41.625,27.384615384615383,1.1,7.3,70.6,1008.8,11.394455994455992,2,4,0,28.724358974358974,28.61111111111111
2023-02-14,광주,41.36963696369637,25.52159468438538,1.1,3.3,62.4,1013.9,11.394455994455992,2,4,1,27.384615384615383,41.53333333333333
2023-02-15,광주,43.33112582781457,27.155629139072847,0.5,3.0,62.3,1019.7,0.0,2,4,2,25.52159468438538,56.899022801302934
2023-02-16,광주,47.914191419141915,34.18151815181518,0.7,4.4,66.8,1022.1,0.0,2,4,3,27.155629139072847,36.14802631578947
2023-02-17,광주,41.381410256410255,25.82051282051282,0.7,5.2,58.9,1018.5,0.0,2,4,4,34.18151815181518,18.0
2023-02-18,광주,43.39549839228296,29.996794871794872,0.2,8.3,83.8,1011.7,2.1,2,4,5,25.82051282051282,35.25961538461539
2023-02-19,광주,36.21864951768489,25.08974358974359,1.9,4.5,69.8,1012.5,1.4,2,4,6,29.996794871794872,28.724358974358974
2023-02-20,광주,38.29807692307692,11.64951768488746,1.8,1.5,52.4,1018.8,11.394455994455992,2,4,0,25.08974358974359,27.384615384615383
2023-02-21,광주,29.413333333333334,14.891089108910892,1.7,0.4,36.1,1025.2,11.394455994455992,2,4,1,11.64951768488746,25.52159468438538
2023-02-22,광주,39.280936454849495,23.495016611295682,1.0,3.8,54.5,1021.3,0.8,2,4,2,14.891089108910892,27.155629139072847
2023-02-23,광주,37.69407894736842,24.773026315789473,1.3,5.4,58.6,1015.3,1.0,2,4,3,23.495016611295682,34.18151815181518
2023-02-24,광주,57.69155844155844,34.603896103896105,1.5,6.0,44.3,1016.2,11.394455994455992,2,4,4,24.773026315789473,25.82051282051282
2023-02-25,광주,30.30128205128205,13.342948717948717,1.6,1.9,40.4,1023.8,11.394455994455992,2,4,5,34.603896103896105,29.996794871794872
2023-02-26,광주,28.044871794871796,14.596153846153847,1.2,3.0,38.3,1028.0,11.394455994455992,2,4,6,13.342948717948717,25.08974358974359
2023-02-27,광주,42.88852459016393,26.7344262295082,0.8,5.7,41.5,1025.6,11.394455994455992,2,4,0,14.596153846153847,11.64951768488746
2023-02-28,광주,42.23426573426573,26.554098360655736,1.1,8.1,59.3,1019.3,11.394455994455992,2,4,1,26.7344262295082,14.891089108910892
2023-03-01,광주,38.59726962457338,21.256410256410255,1.1,8.3,54.0,1014.1,11.394455994455992,3,1,2,26.554098360655736,23.495016611295682
2023-03-02,광주,40.18771331058021,10.122112211221122,2.2,3.5,32.6,1019.8,11.394455994455992,3,1,3,21.256410256410255,24.773026315789473
2023-03-03,광주,41.91290322580645,15.977419354838709,1.1,5.1,35.6,1019.8,11.394455994455992,3,1,4,10.122112211221122,34.603896103896105
2023-03-04,광주,58.096774193548384,29.529032258064515,0.9,8.5,36.5,1019.5,11.394455994455992,3,1,5,15.977419354838709,13.342948717948717
2023-03-05,광주,66.07096774193549,37.36451612903226,0.7,9.3,46.0,1018.8,11.394455994455992,3,1,6,29.529032258064515,14.596153846153847
2023-03-06,광주,70.00986842105263,39.608552631578945,1.2,9.9,52.5,1015.9,11.394455994455992,3,1,0,37.36451612903226,26.7344262295082
2023-03-07,광주,64.21523178807946,29.844370860927153,1.7,13.1,48.9,1013.7,11.394455994455992,3,1,1,39.608552631578945,26.554098360655736
2023-03-08,광주,55.16,23.52,1.8,14.5,52.3,1011.8,11.394455994455992,3,1,2,29.844370860927153,21.256410256410255
2023-03-09,광주,58.944983818770226,31.867313915857604,1.5,15.6,67.3,1007.9,11.394455994455992,3,1,3,23.52,10.122112211221122
2023-03-10,광주,94.00961538461539,45.3525641025641,1.0,15.3,51.5,1011.5,11.394455994455992,3,1,4,31.867313915857604,15.977419354838709
2023-03-11,광주,100.31089743589743,35.64102564102564,1.0,16.5,37.0,1014.1,11.394455994455992,3,1,5,45.3525641025641,29.529032258064515
2023-03-12,광주,59.64102564102564,26.137820512820515,1.4,8.8,69.6,1013.6,10.7,3,1,6,35.64102564102564,37.36451612903226
2023-03-13,광주,42.18709677419355,10.190938511326861,1.4,5.3,27.5,1015.2,11.394455994455992,3,1,0,26.137820512820515,39.608552631578945
2023-03-14,광주,47.442622950819676,12.460526315789474,1.9,9.9,44.5,1011.3,11.394455994455992,3,1,1,10.190938511326861,29.844370860927153
2023-03-15,광주,28.949640287769785,10.323741007194245,2.3,14.0,61.8,1012.7,11.394455994455992,3,1,2,12.460526315789474,23.52
2023-03-16,광주,65.45525291828794,11.793774319066149,2.5,8.7,22.3,1018.6,11.394455994455992,3,1,3,10.323741007194245,31.867313915857604
2023-03-17,광주,53.652733118971064,17.974276527331188,1.4,9.4,26.0,1013.9,11.394455994455992,3,1,4,11.793774319066149,45.3525641025641
2023-03-18,광주,52.794871794871796,22.439102564102566,1.0,10.3,27.9,1011.0,11.394455994455992,3,1,5,17.974276527331188,35.64102564102564
2023-03-19,광주,72.92307692307692,39.66346153846154,0.8,9.7,45.1,1011.7,11.394455994455992,3,1,6,22.439102564102566,26.137820512820515
2023-03-20,광주,79.64495114006515,44.299674267100976,1.0,11.3,47.9,1007.6,11.394455994455992,3,1,0,39.66346153846154,10.190938511326861
2023-03-21,광주,58.31598513011152,26.541044776119403,1.1,16.3,38.4,1003.1,11.394455994455992,3,1,1,44.299674267100976,12.460526315789474
2023-03-22,광주,33.78326996197718,17.560606060606062,0.9,16.2,75.4,1001.1,1.6,3,1,2,26.541044776119403,10.323741007194245
2023-03-23,광주,50.25,23.753246753246753,0.9,14.7,91.1,998.3,22.5,3,1,3,17.560606060606062,11.793774319066149
2023-03-24,광주,157.34294871794873,30.951923076923077,1.1,10.4,68.3,1007.3,11.394455994455992,3,1,4,23.753246753246753,17.974276527331188
2023-03-25,광주,70.19871794871794,18.243589743589745,0.6,10.7,77.0,1010.2,0.0,3,1,5,30.951923076923077,22.439102564102566
2023-03-26,광주,58.169871794871796,17.662379421221864,1.2,9.9,43.9,1009.6,0.0,3,1,6,18.243589743589745,39.66346153846154
2023-03-27,광주,39.06428571428572,14.207142857142857,1.5,8.1,29.0,1013.8,11.394455994455992,3,1,0,17.662379421221864,44.299674267100976
2023-03-28,광주,90.4015444015444,37.58139534883721,0.8,10.1,40.9,1016.0,11.394455994455992,3,1,1,14.207142857142857,26.541044776119403
2023-03-29,광주,77.1747572815534,32.702265372168284,0.7,12.9,46.3,1013.8,11.394455994455992,3,1,2,37.58139534883721,17.560606060606062
2023-03-30,광주,70.42295081967212,32.68524590163934,0.5,14.7,40.3,1010.9,11.394455994455992,3,1,3,32.702265372168284,23.753246753246753
2023-03-31,광주,63.541935483870965,28.61935483870968,0.7,16.3,28.8,1009.7,11.394455994455992,3,1,4,32.68524590163934,30.951923076923077
2023-04-01,광주,61.23076923076923,30.44736842105263,0.9,16.9,28.1,1007.5,11.394455994455992,4,1,5,28.61935483870968,18.243589743589745
2023-04-02,광주,45.60897435897436,25.455128205128204,1.9,17.5,25.5,1009.5,11.394455994455992,4,1,6,30.44736842105263,17.662379421221864
2023-04-03,광주,46.649180327868855,25.755775577557756,2.1,17.9,25.9,1012.7,11.394455994455992,4,1,0,25.455128205128204,14.207142857142857
2023-04-04,광주,31.02,14.877076411960132,2.1,15.9,62.3,1010.1,12.8,4,1,1,25.755775577557756,37.58139534883721
2023-04-05,광주,17.550335570469798,12.577181208053691,3.2,13.6,94.5,1002.6,34.2,4,1,2,14.877076411960132,32.702265372168284
2023-04-06,광주,82.61538461538461,73.1923076923077,1.4,9.6,94.5,1004.6,6.9,4,1,3,12.577181208053691,32.68524590163934
2023-04-07,광주,73.19032258064516,51.91830065359477,1.3,8.8,77.3,1008.3,0.6,4,1,4,73.1923076923077,28.61935483870968
2023-04-08,광주,44.937282229965156,8.393333333333333,1.4,9.2,47.6,1013.2,11.394455994455992,4,1,5,51.91830065359477,30.44736842105263
2023-04-09,광주,71.30645161290323,14.057877813504824,1.0,11.0,47.5,1012.3,11.394455994455992,4,1,6,8.393333333333333,25.455128205128204
2023-04-10,광주,43.898360655737704,9.990033222591363,1.7,13.5,49.6,1008.6,11.394455994455992,4,1,0,14.057877813504824,25.755775577557756
2023-04-11,광주,35.93333333333333,12.708053691275168,2.5,16.0,77.4,1005.2,0.0,4,1,1,9.990033222591363,14.877076411960132
2023-04-12,광주,269.5192307692308,34.98397435897436,1.6,13.2,19.4,1010.2,11.394455994455992,4,1,2,12.708053691275168,12.577181208053691
2023-04-13,광주,109.44551282051282,18.58653846153846,1.1,15.1,24.9,1009.5,11.394455994455992,4,1,3,34.98397435897436,73.1923076923077
2023-04-14,광주,46.16025641025641,14.89423076923077,0.5,14.0,76.0,1004.7,4.0,4,1,4,18.58653846153846,51.91830065359477
2023-04-15,광주,35.118589743589745,16.115384615384617,1.0,14.3,85.4,997.1,0.5,4,1,5,14.89423076923077,8.393333333333333
2023-04-16,광주,100.9198717948718,31.419871794871796,1.4,12.0,78.1,998.1,11.394455994455992,4,1,6,16.115384615384617,14.057877813504824
2023-04-17,광주,81.03525641025641,24.57371794871795,1.2,14.7,57.9,1007.4,11.394455994455992,4,1,0,31.419871794871796,9.990033222591363
2023-04-18,광주,56.705882352941174,17.745098039215687,2.2,18.2,90.1,1003.1,0.0,4,1,1,24.57371794871795,12.708053691275168
2023-04-19,광주,29.5364238410596,15.754966887417218,1.3,19.9,92.0,1001.5,11.394455994455992,4,1,2,17.745098039215687,34.98397435897436
2023-04-20,광주,29.285714285714285,12.794019933554818,0.7,20.6,79.1,1001.5,11.394455994455992,4,1,3,15.754966887417218,18.58653846153846
2023-04-21,광주,45.217532467532465,16.858064516129033,1.2,18.1,76.0,1002.8,11.394455994455992,4,1,4,12.794019933554818,14.89423076923077
2023-04-22,광주,162.40064102564102,32.85576923076923,1.1,17.5,42.9,1009.8,11.394455994455992,4,1,5,16.858064516129033,16.115384615384617
2023-04-23,광주,91.8974358974359,23.90705128205128,1.0,16.0,41.8,1014.1,11.394455994455992,4,1,6,32.85576923076923,31.419871794871796
2023-04-24,광주,44.07565789473684,13.427631578947368,1.3,15.3,50.2,1014.8,11.394455994455992,4,1,0,23.90705128205128,24.57371794871795
2023-04-25,광주,24.5364238410596,12.2682119205298,1.4,10.9,84.9,1006.9,1.3,4,1,1,13.427631578947368,17.745098039215687
2023-04-26,광주,27.09240924092409,12.25328947368421,1.1,10.2,74.5,1007.5,11.394455994455992,4,1,2,12.2682119205298,15.754966887417218
2023-04-27,광주,30.48709677419355,14.76774193548387,1.0,14.0,67.0,1011.9,11.394455994455992,4,1,3,12.25328947368421,12.794019933554818
2023-04-28,광주,31.78525641025641,14.157051282051283,1.5,16.8,74.9,1008.6,11.394455994455992,4,1,4,14.76774193548387,16.858064516129033
2023-04-29,광주,25.92948717948718,13.173076923076923,1.1,15.0,95.0,1001.0,6.2,4,1,5,14.157051282051283,32.85576923076923
2023-04-30,광주,38.08974358974359,11.544871794871796,1.6,14.3,65.5,1004.5,11.394455994455992,4,1,6,13.173076923076923,23.90705128205128
2023-05-01,광주,45.21967213114754,16.331147540983608,0.9,16.4,47.8,1009.7,11.394455994455992,5,1,0,11.544871794871796,13.427631578947368
2023-05-02,광주,32.56711409395973,12.856666666666667,1.5,18.2,40.4,1014.3,11.394455994455992,5,1,1,16.331147540983608,12.2682119205298
2023-05-03,광주,31.361842105263158,13.898026315789474,1.7,17.9,64.5,1013.2,11.394455994455992,5,1,2,12.856666666666667,12.25328947368421
2023-05-04,광주,13.445512820512821,6.829032258064516,1.7,18.1,89.9,1005.5,19.1,5,1,3,13.898026315789474,14.76774193548387
2023-05-05,광주,3.730769230769231,2.2211538461538463,1.9,19.9,99.0,995.3,95.7,5,1,4,6.829032258064516,14.157051282051283
2023-05-06,광주,9.474358974358974,4.836538461538462,1.7,17.2,99.0,995.6,5.7,5,1,5,2.2211538461538463,13.173076923076923
2023-05-07,광주,13.663461538461538,9.070512820512821,2.2,12.2,97.0,1002.1,1.4,5,1,6,4.836538461538462,11.544871794871796
2023-05-08,광주,27.307692307692307,15.923076923076923,0.9,15.4,57.8,1008.2,11.394455994455992,5,1,0,9.070512820512821,16.331147540983608
2023-05-09,광주,35.31438127090301,17.87043189368771,0.6,17.0,55.8,1009.1,11.394455994455992,5,1,1,15.923076923076923,12.856666666666667
2023-05-10,광주,39.570945945945944,19.488524590163934,0.7,18.8,49.4,1008.5,11.394455994455992,5,1,2,17.87043189368771,13.898026315789474
2023-05-11,광주,42.83720930232558,22.248344370860927,0.8,19.6,54.6,1010.1,11.394455994455992,5,1,3,19.488524590163934,6.829032258064516
2023-05-12,광주,41.31475409836066,22.87012987012987,1.2,18.6,70.0,1009.0,0.0,5,1,4,22.248344370860927,2.2211538461538463
2023-05-13,광주,27.862179487179485,15.092948717948717,1.0,18.7,72.0,1004.6,11.394455994455992,5,1,5,22.87012987012987,4.836538461538462
2023-05-14,광주,26.32371794871795,15.301282051282051,0.6,19.3,63.4,1001.5,11.394455994455992,5,1,6,15.092948717948717,9.070512820512821
2023-05-15,광주,34.73076923076923,19.32371794871795,1.2,20.9,63.4,1001.2,11.394455994455992,5,1,0,15.301282051282051,15.923076923076923
2023-05-16,광주,43.652317880794705,22.019867549668874,1.4,23.2,62.8,1004.2,11.394455994455992,5,1,1,19.32371794871795,17.87043189368771
2023-05-17,광주,33.151315789473685,15.673267326732674,1.9,23.4,69.3,1005.9,11.394455994455992,5,1,2,22.019867549668874,19.488524590163934
2023-05-18,광주,18.45394736842105,10.667763157894736,1.9,18.2,96.0,1001.2,17.8,5,1,3,15.673267326732674,22.248344370860927
2023-05-19,광주,13.944983818770227,6.7540453074433655,1.3,20.4,81.1,1000.3,11.394455994455992,5,1,4,10.667763157894736,22.87012987012987
2023-05-20,광주,20.317307692307693,11.503205128205128,0.8,20.6,82.0,1003.5,11.394455994455992,5,1,5,6.7540453074433655,15.092948717948717
2023-05-21,광주,15.573717948717949,7.326923076923077,1.0,18.7,86.6,1002.5,11.394455994455992,5,1,6,11.503205128205128,15.301282051282051
2023-05-22,광주,101.70192307692308,25.838187702265373,0.6,17.0,80.4,1000.6,0.0,5,1,0,7.326923076923077,19.32371794871795
2023-05-23,광주,92.44805194805195,26.961038961038962,0.7,19.0,65.1,1002.7,11.394455994455992,5,1,1,25.838187702265373,22.019867549668874
2023-05-24,광주,50.56026058631922,19.46732026143791,0.7,20.0,61.5,1006.9,11.394455994455992,5,1,2,26.961038961038962,15.673267326732674
2023-05-25,광주,41.12786885245902,15.878688524590164,0.9,21.2,53.4,1008.2,11.394455994455992,5,1,3,19.46732026143791,10.667763157894736
2023-05-26,광주,31.294871794871796,12.961538461538462,0.6,21.4,69.6,1010.3,0.0,5,1,4,15.878688524590164,6.7540453074433655
2023-05-27,광주,27.512820512820515,11.192307692307692,2.4,22.7,81.9,1009.2,0.0,5,1,5,12.961538461538462,11.503205128205128
2023-05-28,광주,12.301282051282051,4.70096463022508,1.8,22.7,97.1,1005.3,1.3,5,1,6,11.192307692307692,7.326923076923077
2023-05-29,광주,4.608974358974359,1.8745644599303135,1.5,21.2,99.0,1002.3,43.7,5,1,0,4.70096463022508,25.838187702265373
2023-05-30,광주,12.976973684210526,7.60200668896321,0.7,21.4,98.1,1001.7,4.1,5,1,1,1.8745644599303135,26.961038961038962
2023-05-31,광주,22.782894736842106,13.052805280528053,1.2,22.9,70.6,1002.2,1.3,5,1,2,7.60200668896321,19.46732026143791
2023-06-01,광주,23.74418604651163,13.862876254180602,0.5,19.0,91.4,998.6,10.4,6,2,3,13.052805280528053,15.878688524590164
2023-06-02,광주,25.606451612903225,12.987096774193548,1.3,22.2,84.1,994.8,3.5,6,2,4,13.862876254180602,12.961538461538462
2023-06-03,광주,33.93527508090615,16.336569579288025,1.1,22.0,63.6,1001.1,11.394455994455992,6,2,5,12.987096774193548,11.192307692307692
2023-06-04,광주,27.55128205128205,15.012820512820513,0.9,22.4,57.8,1004.1,11.394455994455992,6,2,6,16.336569579288025,4.70096463022508
2023-06-05,광주,30.630718954248366,17.408496732026144,0.9,21.2,75.3,1004.3,11.394455994455992,6,2,0,15.012820512820513,1.8745644599303135
2023-06-06,광주,24.310897435897434,14.352564102564102,0.9,21.6,75.8,999.7,11.394455994455992,6,2,1,17.408496732026144,7.60200668896321
2023-06-07,광주,25.30263157894737,13.9375,1.3,21.7,79.4,1001.6,11.394455994455992,6,2,2,14.352564102564102,13.052805280528053
2023-06-08,광주,17.13157894736842,9.365131578947368,1.7,22.5,79.6,997.4,11.394455994455992,6,2,3,13.9375,13.862876254180602
2023-06-09,광주,25.783171521035598,15.196774193548388,1.4,24.2,71.4,996.6,0.0,6,2,4,9.365131578947368,12.987096774193548
2023-06-10,광주,26.08974358974359,13.865384615384615,1.8,24.1,78.8,997.3,11.394455994455992,6,2,5,15.196774193548388,16.336569579288025
2023-06-11,광주,14.621794871794872,8.721153846153847,1.0,24.5,82.0,997.3,0.0,6,2,6,13.865384615384615,15.012820512820513
2023-06-12,광주,23.05128205128205,12.099358974358974,0.7,23.8,78.8,997.6,0.0,6,2,0,8.721153846153847,17.408496732026144
2023-06-13,광주,25.43708609271523,14.390728476821192,0.7,23.4,72.4,996.7,11.394455994455992,6,2,1,12.099358974358974,14.352564102564102
2023-06-14,광주,25.764900662251655,14.143812709030101,0.8,22.8,69.8,998.3,0.0,6,2,2,14.390728476821192,13.9375
2023-06-15,광주,24.102990033222593,12.592715231788079,0.7,22.8,66.9,1000.9,11.394455994455992,6,2,3,14.143812709030101,9.365131578947368
2023-06-16,광주,28.316129032258065,15.401294498381876,0.8,24.3,69.9,1005.3,11.394455994455992,6,2,4,12.592715231788079,15.196774193548388
2023-06-17,광주,30.42948717948718,17.525641025641026,0.7,24.8,68.9,1005.0,11.394455994455992,6,2,5,15.401294498381876,13.865384615384615
2023-06-18,광주,25.17628205128205,14.625,0.6,25.8,60.1,999.6,11.394455994455992,6,2,6,17.525641025641026,8.721153846153847
2023-06-19,광주,35.92953020134228,20.040268456375838,0.9,26.6,70.1,998.3,11.394455994455992,6,2,0,14.625,12.099358974358974
2023-06-20,광주,28.80141843971631,15.106382978723405,1.1,24.3,73.9,996.0,8.9,6,2,1,20.040268456375838,14.390728476821192
2023-06-21,광주,10.894927536231885,5.670289855072464,0.7,22.2,98.4,994.0,0.5,6,2,2,15.106382978723405,14.143812709030101
2023-06-22,광주,17.60431654676259,8.06115107913669,0.6,22.8,85.6,997.4,11.394455994455992,6,2,3,5.670289855072464,12.592715231788079
2023-06-23,광주,25.74496644295302,13.986486486486486,1.0,25.0,78.0,1001.7,11.394455994455992,6,2,4,8.06115107913669,15.401294498381876
2023-06-24,광주,20.65705128205128,11.384615384615385,1.1,25.6,75.8,1006.1,11.394455994455992,6,2,5,13.986486486486486,17.525641025641026
2023-06-25,광주,15.951923076923077,9.532051282051283,0.7,22.7,91.1,1004.1,7.1,6,2,6,11.384615384615385,14.625
2023-06-26,광주,8.28052805280528,3.6567656765676566,2.2,24.0,99.0,1000.2,74.3,6,2,0,9.532051282051283,20.040268456375838
2023-06-27,광주,18.488448844884488,10.26072607260726,1.9,25.0,94.6,1002.2,130.2,6,2,1,3.6567656765676566,15.106382978723405
2023-06-28,광주,11.561688311688311,5.298701298701299,0.8,22.7,99.0,1001.5,153.3,6,2,2,10.26072607260726,5.670289855072464
2023-06-29,광주,18.845394736842106,8.701639344262295,1.8,24.6,99.0,995.5,38.3,6,2,3,5.298701298701299,8.06115107913669
2023-06-30,광주,8.15210355987055,3.540453074433657,1.5,24.1,99.0,993.4,14.7,6,2,4,8.701639344262295,13.986486486486486
2023-07-01,광주,13.76923076923077,8.291666666666666,0.7,25.3,96.1,998.2,1.6,7,2,5,3.540453074433657,11.384615384615385
2023-07-02,광주,19.707395498392284,12.323717948717949,0.9,26.8,91.0,1000.6,11.394455994455992,7,2,6,8.291666666666666,9.532051282051283
2023-07-03,광주,14.657051282051283,8.416666666666666,1.2,27.1,94.5,997.8,11.394455994455992,7,2,0,12.323717948717949,3.6567656765676566
2023-07-04,광주,7.551724137931035,3.462068965517241,1.2,24.7,98.9,993.6,27.0,7,2,1,8.416666666666666,10.26072607260726
2023-07-05,광주,20.579470198675498,11.890728476821192,1.6,25.6,88.4,990.5,32.0,7,2,2,3.462068965517241,5.298701298701299
2023-07-06,광주,33.943894389438945,15.723684210526315,0.8,26.3,81.0,995.4,11.394455994455992,7,2,3,11.890728476821192,8.701639344262295
2023-07-07,광주,19.761290322580646,11.919354838709678,1.0,23.7,98.6,994.1,60.0,7,2,4,15.723684210526315,3.540453074433657
2023-07-08,광주,15.09967845659164,7.378205128205129,1.1,26.5,97.1,995.0,11.394455994455992,7,2,5,11.919354838709678,8.291666666666666
2023-07-09,광주,25.291666666666668,15.192926045016078,1.5,27.2,98.1,996.1,0.0,7,2,6,7.378205128205129,12.323717948717949
2023-07-10,광주,24.67948717948718,14.59866220735786,1.7,27.4,94.4,997.7,6.4,7,2,0,15.192926045016078,8.416666666666666
2023-07-11,광주,19.033222591362126,10.049833887043189,1.0,24.8,99.0,999.0,87.6,7,2,1,14.59866220735786,3.462068965517241
2023-07-12,광주,19.496666666666666,8.973333333333333,1.5,25.8,99.0,998.4,2.8,7,2,2,10.049833887043189,11.890728476821192
2023-07-13,광주,18.614864864864863,7.993243243243243,1.7,26.1,99.0,997.5,4.4,7,2,3,8.973333333333333,15.723684210526315
2023-07-14,광주,20.308474576271188,7.51864406779661,3.9,25.4,99.0,994.3,51.6,7,2,4,7.993243243243243,11.919354838709678
2023-07-15,광주,10.724358974358974,4.044871794871795,3.7,24.7,99.0,995.8,56.3,7,2,5,7.51864406779661,7.378205128205129
2023-07-16,광주,9.89102564102564,4.522435897435898,1.1,24.2,98.0,1000.7,54.2,7,2,6,4.044871794871795,15.192926045016078
2023-07-17,광주,6.17,2.7133333333333334,0.9,25.0,98.4,1004.7,66.6,7,2,0,4.522435897435898,14.59866220735786
2023-07-18,광주,5.7898550724637685,2.6557971014492754,1.1,24.5,99.0,1001.3,64.7,7,2,1,2.7133333333333334,10.049833887043189
2023-07-19,광주,14.941818181818181,7.316363636363636,0.8,26.2,94.0,999.6,2.9,7,2,2,2.6557971014492754,8.973333333333333
2023-07-20,광주,38.325,23.103571428571428,0.5,26.9,89.5,1001.5,3.7,7,2,3,7.316363636363636,7.993243243243243
2023-07-21,광주,31.886666666666667,22.326666666666668,1.3,27.1,80.9,1004.1,11.394455994455992,7,2,4,23.103571428571428,7.51864406779661
2023-07-22,광주,11.967948717948717,6.663398692810458,1.2,24.5,97.3,1004.8,13.9,7,2,5,22.326666666666668,4.044871794871795
2023-07-23,광주,10.112179487179487,4.708333333333333,2.2,25.9,98.8,1001.5,48.0,7,2,6,6.663398692810458,4.522435897435898
2023-07-24,광주,8.124590163934426,4.003289473684211,1.0,25.2,98.9,1001.9,100.3,7,2,0,4.708333333333333,2.7133333333333334
2023-07-25,광주,9.048275862068966,3.5620689655172413,1.3,27.1,94.3,1005.6,0.0,7,2,1,4.003289473684211,2.6557971014492754
2023-07-26,광주,14.958620689655172,8.39655172413793,1.3,27.4,92.8,1007.1,0.6,7,2,2,3.5620689655172413,7.316363636363636
2023-07-27,광주,21.055737704918034,14.029508196721311,1.3,28.2,88.6,1006.4,11.394455994455992,7,2,3,8.39655172413793,23.103571428571428
2023-07-28,광주,25.265372168284788,17.74247491638796,0.7,28.0,91.6,1006.4,11.394455994455992,7,2,4,14.029508196721311,22.326666666666668
2023-07-29,광주,21.34294871794872,14.201923076923077,0.6,29.6,82.4,1006.3,11.394455994455992,7,2,5,17.74247491638796,6.663398692810458
2023-07-30,광주,21.26923076923077,14.798076923076923,1.1,28.5,85.1,1005.6,11.394455994455992,7,2,6,14.201923076923077,4.708333333333333
2023-07-31,광주,19.826923076923077,12.576923076923077,0.5,28.6,86.8,1004.5,0.0,7,2,0,14.798076923076923,4.003289473684211
2023-08-01,광주,22.81788079470199,14.550161812297734,0.9,29.9,82.1,1002.5,11.394455994455992,8,2,1,12.576923076923077,3.5620689655172413
2023-08-02,광주,23.098591549295776,14.492957746478874,0.5,29.3,89.1,1000.3,3.4,8,2,2,14.550161812297734,8.39655172413793
2023-08-03,광주,17.845890410958905,10.938356164383562,0.9,29.4,84.1,998.5,11.394455994455992,8,2,3,14.492957746478874,14.029508196721311
2023-08-04,광주,14.599348534201955,8.289902280130294,0.7,29.6,84.0,996.6,11.394455994455992,8,2,4,10.938356164383562,17.74247491638796
2023-08-05,광주,19.71794871794872,12.490384615384615,0.8,30.2,82.6,992.7,11.394455994455992,8,2,5,8.289902280130294,14.201923076923077
2023-08-06,광주,19.682692307692307,13.429487179487179,0.8,29.9,87.9,990.0,0.0,8,2,6,12.490384615384615,14.798076923076923
2023-08-07,광주,16.80066445182724,9.215946843853821,0.7,29.1,90.3,991.0,8.4,8,2,0,13.429487179487179,12.576923076923077
2023-08-08,광주,12.954225352112676,6.197183098591549,0.9,28.8,89.3,993.1,5.5,8,2,1,9.215946843853821,14.550161812297734
2023-08-09,광주,10.668989547038327,5.376306620209059,2.2,26.2,98.1,992.2,1.0,8,2,2,6.197183098591549,14.492957746478874
2023-08-10,광주,5.569536423841059,2.990033222591362,2.2,23.3,99.0,988.0,92.4,8,2,3,5.376306620209059,10.938356164383562
2023-08-11,광주,20.8,9.403225806451612,2.0,26.8,88.4,994.1,0.0,8,2,4,2.990033222591362,8.289902280130294
2023-08-12,광주,28.721153846153847,15.961538461538462,0.5,26.6,90.4,996.4,0.2,8,2,5,9.403225806451612,12.490384615384615
2023-08-13,광주,30.51923076923077,20.55448717948718,0.2,27.7,88.4,996.8,11.394455994455992,8,2,6,15.961538461538462,13.429487179487179
2023-08-14,광주,31.302931596091206,21.58631921824104,0.5,28.5,90.3,997.6,3.7,8,2,0,20.55448717948718,9.215946843853821
2023-08-15,광주,28.826923076923077,19.53846153846154,0.4,28.1,89.4,996.7,11.394455994455992,8,2,1,21.58631921824104,6.197183098591549
2023-08-16,광주,22.16,13.336666666666666,0.5,27.7,87.0,996.5,11.394455994455992,8,2,2,19.53846153846154,5.376306620209059
2023-08-17,광주,16.21967213114754,9.3672131147541,0.5,27.5,88.1,997.2,0.0,8,2,3,13.336666666666666,2.990033222591362
2023-08-18,광주,16.51290322580645,10.448387096774194,0.7,27.3,90.1,999.0,74.5,8,2,4,9.3672131147541,9.403225806451612
2023-08-19,광주,22.21794871794872,14.153846153846153,0.3,28.3,89.3,1002.0,11.394455994455992,8,2,5,10.448387096774194,15.961538461538462
2023-08-20,광주,22.05128205128205,14.39423076923077,1.0,28.6,86.5,1003.4,11.394455994455992,8,2,6,14.153846153846153,20.55448717948718
2023-08-21,광주,17.644599303135887,10.573426573426573,2.1,28.8,86.9,1000.6,11.394455994455992,8,2,0,14.39423076923077,21.58631921824104
2023-08-22,광주,15.552346570397113,9.296028880866427,2.6,28.4,90.0,997.3,0.3,8,2,1,10.573426573426573,19.53846153846154
2023-08-23,광주,8.143835616438356,4.041095890410959,1.0,25.4,99.0,997.3,58.9,8,2,2,9.296028880866427,13.336666666666666
2023-08-24,광주,10.927007299270073,4.557553956834532,0.6,25.2,99.0,998.4,34.9,8,2,3,4.041095890410959,9.3672131147541
2023-08-25,광주,17.80066445182724,8.694352159468439,0.8,26.2,88.9,1000.9,11.394455994455992,8,2,4,4.557553956834532,10.448387096774194
2023-08-26,광주,23.060897435897434,12.865384615384615,1.2,26.0,83.4,1001.3,11.394455994455992,8,2,5,8.694352159468439,14.153846153846153
2023-08-27,광주,24.80128205128205,16.628205128205128,1.1,27.0,87.8,1000.0,11.394455994455992,8,2,6,12.865384615384615,14.39423076923077
2023-08-28,광주,17.411371237458194,11.046822742474916,1.7,26.9,93.4,998.3,6.4,8,2,0,16.628205128205128,10.573426573426573
2023-08-29,광주,9.041811846689896,3.965156794425087,1.7,25.5,99.0,998.6,37.5,8,2,1,11.046822742474916,9.296028880866427
2023-08-30,광주,10.732394366197184,4.859154929577465,0.8,21.9,99.0,1001.6,14.0,8,2,2,3.965156794425087,4.041095890410959
2023-08-31,광주,16.270967741935483,8.225806451612904,0.9,23.6,90.3,1002.4,0.1,8,2,3,4.859154929577465,4.557553956834532
2023-09-01,광주,22.294871794871796,13.35576923076923,1.5,24.6,83.5,1003.2,11.394455994455992,9,3,4,8.225806451612904,8.694352159468439
2023-09-02,광주,17.75,10.301282051282051,0.7,24.3,98.1,1003.4,2.5,9,3,5,13.35576923076923,12.865384615384615
2023-09-03,광주,17.996794871794872,10.147435897435898,1.1,27.1,91.5,1004.0,11.394455994455992,9,3,6,10.301282051282051,16.628205128205128
2023-09-04,광주,22.401337792642142,12.993311036789297,0.7,26.6,90.1,1003.7,8.0,9,3,0,10.147435897435898,11.046822742474916
2023-09-05,광주,17.513793103448275,8.844827586206897,0.8,27.0,83.1,1002.9,11.394455994455992,9,3,1,12.993311036789297,3.965156794425087
2023-09-06,광주,19.176258992805757,10.057553956834532,0.9,27.0,82.3,1003.3,0.0,9,3,2,8.844827586206897,4.859154929577465
2023-09-07,광주,18.162454873646208,9.866425992779783,1.3,25.7,68.5,1005.6,11.394455994455992,9,3,3,10.057553956834532,8.225806451612904
2023-09-08,광주,18.241935483870968,9.383870967741936,0.9,24.7,71.5,1004.8,11.394455994455992,9,3,4,9.866425992779783,13.35576923076923
2023-09-09,광주,23.564102564102566,12.926282051282051,0.6,25.1,80.9,1003.3,11.394455994455992,9,3,5,9.383870967741936,10.301282051282051
2023-09-10,광주,25.201923076923077,15.429487179487179,0.5,25.3,86.3,1002.5,11.394455994455992,9,3,6,12.926282051282051,10.147435897435898
2023-09-11,광주,25.673076923076923,15.939102564102564,0.5,25.4,79.9,1001.8,11.394455994455992,9,3,0,15.429487179487179,12.993311036789297
2023-09-12,광주,26.01967213114754,14.704918032786885,0.4,25.1,80.1,1003.0,11.394455994455992,9,3,1,15.939102564102564,8.844827586206897
2023-09-13,광주,21.285714285714285,13.847682119205299,1.2,22.5,98.9,1002.8,30.1,9,3,2,14.704918032786885,10.057553956834532
2023-09-14,광주,9.822368421052632,5.3519736842105265,0.8,22.2,98.5,1004.0,14.1,9,3,3,13.847682119205299,9.866425992779783
2023-09-15,광주,10.72258064516129,6.296774193548387,1.4,23.9,98.8,1004.8,42.8,9,3,4,5.3519736842105265,9.383870967741936
2023-09-16,광주,14.803858520900322,7.560897435897436,0.6,23.7,99.0,1004.0,34.0,9,3,5,6.296774193548387,12.926282051282051
2023-09-17,광주,10.689102564102564,4.503205128205129,0.7,24.7,95.4,1002.9,3.2,9,3,6,7.560897435897436,15.429487179487179
2023-09-18,광주,11.390879478827362,4.93485342019544,0.6,25.3,90.0,1005.1,11.394455994455992,9,3,0,4.503205128205129,15.939102564102564
2023-09-19,광주,19.304498269896193,10.944636678200691,0.5,24.5,86.9,1006.6,11.394455994455992,9,3,1,4.93485342019544,14.704918032786885
2023-09-20,광주,20.812286689419796,11.764505119453926,1.8,23.6,99.0,1000.0,11.0,9,3,2,10.944636678200691,13.847682119205299
2023-09-21,광주,10.769736842105264,5.1743421052631575,0.9,21.3,98.1,1002.2,3.0,9,3,3,11.764505119453926,5.3519736842105265
2023-09-22,광주,18.46925566343042,10.527508090614887,1.0,20.9,85.1,1007.5,11.394455994455992,9,3,4,5.1743421052631575,6.296774193548387
2023-09-23,광주,18.509615384615383,10.397435897435898,1.2,20.5,80.5,1010.7,11.394455994455992,9,3,5,10.527508090614887,7.560897435897436
2023-09-24,광주,14.554487179487179,7.544871794871795,2.0,21.5,75.0,1009.9,11.394455994455992,9,3,6,10.397435897435898,4.503205128205129
2023-09-25,광주,18.548494983277592,7.926421404682274,1.7,22.6,83.0,1007.3,0.0,9,3,0,7.544871794871795,4.93485342019544
2023-09-26,광주,18.513157894736842,9.361842105263158,1.4,23.2,96.1,1005.0,0.3,9,3,1,7.926421404682274,10.944636678200691
2023-09-27,광주,10.563517915309447,5.302931596091205,0.8,22.5,97.1,1004.8,0.9,9,3,2,9.361842105263158,11.764505119453926
2023-09-28,광주,23.78205128205128,15.64423076923077,0.7,22.9,89.9,1006.6,11.394455994455992,9,3,3,5.302931596091205,5.1743421052631575
2023-09-29,광주,43.743589743589745,28.567307692307693,0.5,21.7,81.4,1006.2,0.0,9,3,4,15.64423076923077,10.527508090614887
2023-09-30,광주,20.423076923076923,12.580128205128204,0.8,19.2,87.6,1004.5,2.6,9,3,5,28.567307692307693,10.397435897435898
2023-10-01,광주,22.41346153846154,9.291666666666666,1.4,19.6,66.0,1007.0,11.394455994455992,10,3,6,12.580128205128204,7.544871794871795
2023-10-02,광주,15.576923076923077,8.865384615384615,1.1,18.9,66.3,1009.8,11.394455994455992,10,3,0,9.291666666666666,7.926421404682274
2023-10-03,광주,16.844155844155843,10.133116883116884,1.0,16.9,87.5,1009.3,1.4,10,3,1,8.865384615384615,9.361842105263158
2023-10-04,광주,17.482876712328768,9.712328767123287,0.7,18.3,84.4,1006.7,0.9,10,3,2,10.133116883116884,5.302931596091205
2023-10-05,광주,32.55052264808362,8.32752613240418,2.0,16.7,51.6,1008.5,11.394455994455992,10,3,3,9.712328767123287,15.64423076923077
2023-10-06,광주,19.813725490196077,8.522875816993464,1.3,16.7,56.6,1011.1,11.394455994455992,10,3,4,8.32752613240418,28.567307692307693
2023-10-07,광주,28.326923076923077,15.679487179487179,0.8,17.5,75.6,1013.2,0.1,10,3,5,8.522875816993464,12.580128205128204
2023-10-08,광주,15.314102564102564,9.89423076923077,1.8,17.9,84.0,1012.9,1.4,10,3,6,15.679487179487179,9.291666666666666
2023-10-09,광주,15.092948717948717,8.461538461538462,0.9,18.7,80.0,1011.6,11.394455994455992,10,3,0,9.89423076923077,8.865384615384615
2023-10-10,광주,21.894389438943893,12.855263157894736,1.1,18.0,79.8,1012.7,11.394455994455992,10,3,1,8.461538461538462,10.133116883116884
2023-10-11,광주,23.542763157894736,14.00328947368421,0.8,18.6,72.9,1015.5,11.394455994455992,10,3,2,12.855263157894736,9.712328767123287
2023-10-12,광주,23.541254125412543,12.838283828382838,1.0,18.4,65.3,1015.5,11.394455994455992,10,3,3,14.00328947368421,8.32752613240418
2023-10-13,광주,29.519354838709678,16.490322580645163,0.5,18.1,70.5,1009.7,11.394455994455992,10,3,4,12.838283828382838,8.522875816993464
2023-10-14,광주,30.967845659163988,19.321543408360128,1.1,17.5,82.1,1003.0,0.0,10,3,5,16.490322580645163,15.679487179487179
2023-10-15,광주,24.766025641025642,16.03525641025641,1.0,17.1,83.1,1004.2,0.0,10,3,6,19.321543408360128,9.89423076923077
2023-10-16,광주,35.52842809364549,15.53924914675768,0.9,15.8,77.8,1008.3,11.394455994455992,10,3,0,16.03525641025641,8.461538461538462
2023-10-17,광주,28.12686567164179,10.597014925373134,0.6,14.9,75.1,1011.6,11.394455994455992,10,3,1,15.53924914675768,12.855263157894736
2023-10-18,광주,29.16725978647687,13.871886120996441,0.9,16.3,71.1,1012.2,11.394455994455992,10,3,2,10.597014925373134,14.00328947368421
2023-10-19,광주,30.94809688581315,16.480968858131487,1.0,17.2,89.4,1008.8,5.4,10,3,3,13.871886120996441,12.838283828382838
2023-10-20,광주,16.369127516778523,6.087248322147651,1.7,13.3,69.5,1010.2,1.9,10,3,4,16.480968858131487,16.490322580645163
2023-10-21,광주,18.147435897435898,6.794871794871795,1.1,12.5,70.6,1014.2,0.4,10,3,5,6.087248322147651,19.321543408360128
2023-10-22,광주,23.003205128205128,9.98076923076923,0.3,12.9,82.8,1016.0,11.394455994455992,10,3,6,6.794871794871795,16.03525641025641
2023-10-23,광주,29.09771986970684,15.01628664495114,0.5,14.9,80.4,1015.2,11.394455994455992,10,3,0,9.98076923076923,15.53924914675768
2023-10-24,광주,32.636065573770495,18.229508196721312,0.5,15.0,78.3,1012.6,11.394455994455992,10,3,1,15.01628664495114,10.597014925373134
2023-10-25,광주,34.86622073578595,19.705685618729095,0.5,17.2,85.3,1010.3,11.394455994455992,10,3,2,18.229508196721312,13.871886120996441
2023-10-26,광주,42.062913907284766,27.079470198675498,0.9,17.8,88.0,1007.9,0.0,10,3,3,19.705685618729095,16.480968858131487
2023-10-27,광주,51.11290322580645,24.306451612903224,0.8,15.6,73.3,1007.4,11.394455994455992,10,3,4,27.079470198675498,6.087248322147651
2023-10-28,광주,37.381410256410255,17.169871794871796,0.6,14.9,81.6,1010.7,11.394455994455992,10,3,5,24.306451612903224,6.794871794871795
2023-10-29,광주,32.07371794871795,18.688102893890676,0.5,16.0,81.0,1013.2,11.394455994455992,10,3,6,17.169871794871796,9.98076923076923
2023-10-30,광주,35.68167202572347,19.583333333333332,0.5,16.1,82.1,1014.5,11.394455994455992,10,3,0,18.688102893890676,15.01628664495114
2023-10-31,광주,43.87128712871287,24.68211920529801,0.7,15.7,75.1,1014.6,11.394455994455992,10,3,1,19.583333333333332,18.229508196721312
2023-11-01,광주,40.458781362007166,20.716783216783217,1.2,18.6,85.0,1012.1,11.394455994455992,11,3,2,24.68211920529801,19.705685618729095
2023-11-02,광주,28.9222972972973,14.45945945945946,1.1,19.7,74.9,1010.7,11.394455994455992,11,3,3,20.716783216783217,27.079470198675498
2023-11-03,광주,29.325806451612902,15.567741935483872,1.0,19.4,85.1,1008.7,11.394455994455992,11,3,4,14.45945945945946,24.306451612903224
2023-11-04,광주,26.743589743589745,16.650641025641026,0.7,20.0,93.3,1011.4,0.4,11,3,5,15.567741935483872,17.169871794871796
2023-11-05,광주,23.044871794871796,15.778846153846153,1.8,20.7,93.3,1008.1,1.8,11,3,6,16.650641025641026,18.688102893890676
2023-11-06,광주,23.648208469055376,8.7557003257329,3.1,16.2,77.8,1003.7,26.8,11,3,0,15.778846153846153,19.583333333333332
2023-11-07,광주,26.99013157894737,10.884868421052632,1.7,10.8,65.3,1013.4,0.0,11,3,1,8.7557003257329,24.68211920529801
2023-11-08,광주,22.82236842105263,12.493421052631579,0.8,11.4,62.8,1013.8,11.394455994455992,11,3,2,10.884868421052632,20.716783216783217
2023-11-09,광주,28.149350649350648,16.558441558441558,0.7,15.4,85.8,1011.7,14.7,11,3,3,12.493421052631579,14.45945945945946
2023-11-10,광주,18.253205128205128,10.41025641025641,2.4,8.5,65.4,1015.7,3.5,11,3,4,16.558441558441558,15.567741935483872
2023-11-11,광주,14.756410256410257,8.83974358974359,1.7,5.5,56.5,1019.5,11.394455994455992,11,3,5,10.41025641025641,16.650641025641026
2023-11-12,광주,14.028846153846153,8.073717948717949,1.8,5.7,64.6,1018.9,11.394455994455992,11,3,6,8.83974358974359,15.778846153846153
2023-11-13,광주,16.782178217821784,9.049504950495049,1.9,5.4,68.4,1019.8,11.394455994455992,11,3,0,8.073717948717949,8.7557003257329
2023-11-14,광주,22.351724137931033,12.03448275862069,0.9,8.2,74.0,1018.5,11.394455994455992,11,3,1,9.049504950495049,10.884868421052632
2023-11-15,광주,32.83223684210526,20.893687707641195,0.7,8.7,79.1,1019.4,11.394455994455992,11,3,2,12.03448275862069,12.493421052631579
2023-11-16,광주,32.19736842105263,24.162790697674417,0.7,7.2,96.3,1012.4,12.7,11,3,3,20.893687707641195,16.558441558441558
2023-11-17,광주,17.164516129032258,9.64983164983165,1.2,4.9,87.5,1007.1,9.3,11,3,4,24.162790697674417,10.41025641025641
2023-11-18,광주,18.34294871794872,9.743589743589743,1.4,4.6,78.8,1011.5,1.5,11,3,5,9.64983164983165,8.83974358974359
2023-11-19,광주,32.80128205128205,15.615384615384615,1.0,9.2,85.4,1011.3,11.394455994455992,11,3,6,9.743589743589743,8.073717948717949
2023-11-20,광주,31.858585858585858,16.956228956228955,1.1,9.0,61.9,1015.2,11.394455994455992,11,3,0,15.615384615384615,9.049504950495049
2023-11-21,광주,30.986842105263158,17.63486842105263,0.6,8.8,80.4,1013.7,11.394455994455992,11,3,1,16.956228956228955,12.03448275862069
2023-11-22,광주,30.17377049180328,18.688524590163933,0.9,11.3,87.4,1009.2,11.394455994455992,11,3,2,17.63486842105263,20.893687707641195
2023-11-23,광주,65.05228758169935,35.58496732026144,1.5,13.3,84.4,1007.2,0.0,11,3,3,18.688524590163933,24.162790697674417
2023-11-24,광주,16.509677419354837,7.754838709677419,3.0,4.0,58.1,1019.8,0.0,11,3,4,35.58496732026144,9.64983164983165
2023-11-25,광주,13.185897435897436,7.705128205128205,1.8,1.9,42.8,1023.1,11.394455994455992,11,3,5,7.754838709677419,9.743589743589743
2023-11-26,광주,22.76923076923077,14.830128205128204,0.7,5.3,52.9,1016.2,0.0,11,3,6,7.705128205128205,15.615384615384615
2023-11-27,광주,34.46103896103896,21.70945945945946,0.5,8.9,82.0,1007.8,0.9,11,3,0,14.830128205128204,16.956228956228955
2023-11-28,광주,32.713815789473685,17.98355263157895,1.0,6.4,70.6,1013.5,0.3,11,3,1,21.70945945945946,17.63486842105263
2023-11-29,광주,27.914191419141915,16.56105610561056,0.8,5.5,75.6,1016.6,0.0,11,3,2,17.98355263157895,18.688524590163933
2023-11-30,광주,16.898026315789473,9.427631578947368,2.1,1.2,64.3,1019.8,11.394455994455992,11,3,3,16.56105610561056,35.58496732026144
2023-12-01,광주,18.245954692556634,11.605177993527509,1.3,1.7,72.4,1018.0,0.0,12,4,4,9.427631578947368,7.754838709677419
2023-12-02,광주,29.596153846153847,18.705128205128204,0.6,4.1,74.4,1018.2,0.0,12,4,5,11.605177993527509,7.705128205128205
2023-12-03,광주,36.82371794871795,22.307692307692307,0.9,5.5,72.0,1018.0,0.0,12,4,6,18.705128205128204,14.830128205128204
2023-12-04,광주,30.131410256410255,18.474358974358974,0.4,4.4,71.8,1013.8,11.394455994455992,12,4,0,22.307692307692307,21.70945945945946
2023-12-05,광주,34.10702341137124,21.270903010033443,0.5,7.6,68.8,1009.1,11.394455994455992,12,4,1,18.474358974358974,17.98355263157895
2023-12-06,광주,71.11525423728814,49.473509933774835,1.2,8.7,85.5,1004.4,0.4,12,4,2,21.270903010033443,16.56105610561056
2023-12-07,광주,60.62251655629139,16.897350993377483,1.2,8.7,54.8,1008.9,11.394455994455992,12,4,3,49.473509933774835,9.427631578947368
2023-12-08,광주,76.69354838709677,23.47741935483871,2.1,14.1,75.6,1007.9,11.394455994455992,12,4,4,16.897350993377483,11.605177993527509
2023-12-09,광주,50.006410256410255,21.096153846153847,1.3,15.9,89.1,1010.2,11.394455994455992,12,4,5,23.47741935483871,18.705128205128204
2023-12-10,광주,40.993527508090615,22.540453074433657,0.6,15.3,89.0,1012.9,1.4,12,4,6,21.096153846153847,22.307692307692307
2023-12-11,광주,24.62091503267974,16.08169934640523,1.3,13.3,99.0,1005.2,21.4,12,4,0,22.540453074433657,18.474358974358974
2023-12-12,광주,8.168874172185431,5.225165562913907,1.2,9.4,99.0,1011.0,0.2,12,4,1,16.08169934640523,21.270903010033443
2023-12-13,광주,14.353135313531354,8.343234323432343,0.9,10.8,86.6,1018.4,11.394455994455992,12,4,2,5.225165562913907,49.473509933774835
2023-12-14,광주,14.481967213114753,8.59672131147541,0.9,11.4,93.1,1011.9,19.4,12,4,3,8.343234323432343,16.897350993377483
2023-12-15,광주,7.160771704180064,4.559485530546624,1.5,11.0,99.0,1005.4,27.1,12,4,4,8.59672131147541,23.47741935483871
2023-12-16,광주,10.467948717948717,7.387820512820513,1.5,0.3,98.8,1015.4,7.5,12,4,5,4.559485530546624,21.096153846153847
2023-12-17,광주,11.282051282051283,8.48397435897436,2.2,-4.3,76.5,1024.2,0.0,12,4,6,7.387820512820513,22.540453074433657
2023-12-18,광주,13.5359477124183,9.124183006535947,2.1,-2.3,68.8,1024.8,11.394455994455992,12,4,0,8.48397435897436,16.08169934640523
2023-12-19,광주,19.547540983606556,11.144262295081967,1.5,1.7,65.5,1019.1,11.394455994455992,12,4,1,9.124183006535947,5.225165562913907
2023-12-20,광주,20.6523178807947,14.827814569536423,1.5,-1.6,92.4,1018.4,0.9,12,4,2,11.144262295081967,8.343234323432343
2023-12-21,광주,13.128712871287128,10.209302325581396,1.9,-6.4,83.9,1021.4,0.5,12,4,3,14.827814569536423,8.59672131147541
2023-12-22,광주,15.412903225806451,11.351612903225806,2.2,-5.8,73.5,1026.9,0.0,12,4,4,10.209302325581396,4.559485530546624
2023-12-23,광주,19.814102564102566,14.28525641025641,1.2,-2.1,73.6,1027.7,11.394455994455992,12,4,5,11.351612903225806,7.387820512820513
2023-12-24,광주,28.371794871794872,20.41025641025641,0.5,0.3,88.3,1022.6,0.1,12,4,6,14.28525641025641,8.48397435897436
2023-12-25,광주,38.84935897435897,28.490384615384617,0.7,1.2,84.9,1021.6,0.0,12,4,0,20.41025641025641,9.124183006535947
2023-12-26,광주,36.29372937293729,25.914191419141915,0.7,3.5,83.3,1022.0,11.394455994455992,12,4,1,28.490384615384617,11.144262295081967
2023-12-27,광주,39.98679867986799,27.620462046204622,0.6,4.9,85.5,1021.8,11.394455994455992,12,4,2,25.914191419141915,14.827814569536423
2023-12-28,광주,50.57425742574257,37.67326732673267,1.0,3.5,87.4,1020.2,11.394455994455992,12,4,3,27.620462046204622,10.209302325581396
2023-12-29,광주,62.44516129032258,47.89677419354839,0.8,3.2,84.3,1018.4,11.394455994455992,12,4,4,37.67326732673267,11.351612903225806
2023-12-30,광주,61.59090909090909,48.26298701298701,0.6,3.9,90.3,1009.5,0.5,12,4,5,47.89677419354839,14.28525641025641
2023-12-31,광주,46.43910256410256,35.05128205128205,1.6,5.9,89.6,1010.9,0.8,12,4,6,48.26298701298701,20.41025641025641
2024-10-01,광주,17.67241379310345,9.186666666666667,1.5,19.8,69.4,1004.8,0.0,10,3,1,35.05128205128205,28.490384615384617
2024-10-02,광주,17.711038961038962,8.645901639344263,2.5,16.4,51.3,1009.8,11.394455994455992,10,3,2,9.186666666666667,25.914191419141915
2024-10-03,광주,13.736842105263158,9.096666666666666,1.4,14.2,78.6,1012.8,2.7,10,3,3,8.645901639344263,27.620462046204622
2024-10-04,광주,11.446254071661238,6.641693811074918,1.0,17.4,70.5,1015.2,11.394455994455992,10,3,4,9.096666666666666,37.67326732673267
2024-10-05,광주,15.684887459807074,8.967845659163988,0.6,18.5,69.5,1014.2,11.394455994455992,10,3,5,6.641693811074918,47.89677419354839
2024-10-06,광주,14.471153846153847,9.112179487179487,0.8,16.9,82.1,1012.2,4.2,10,3,6,8.967845659163988,48.26298701298701
2024-10-07,광주,22.95049504950495,15.02,0.7,16.7,80.9,1009.8,2.4,10,3,0,9.112179487179487,35.05128205128205
2024-10-08,광주,38.700325732899024,26.30743243243243,0.8,17.8,76.8,1008.5,11.394455994455992,10,3,1,15.02,9.186666666666667
2024-10-09,광주,31.19736842105263,20.62828947368421,0.7,18.9,73.5,1007.6,2.9,10,3,2,26.30743243243243,8.645901639344263
2024-10-10,광주,17.986842105263158,11.473684210526315,0.9,19.0,77.9,1007.3,3.4,10,3,3,20.62828947368421,9.096666666666666
2024-10-11,광주,22.990163934426228,14.304918032786885,0.7,18.9,68.9,1010.2,11.394455994455992,10,3,4,11.473684210526315,6.641693811074918
2024-10-12,광주,31.701923076923077,20.55448717948718,0.7,19.1,66.6,1014.5,11.394455994455992,10,3,5,14.304918032786885,8.967845659163988
2024-10-13,광주,28.205128205128204,19.919871794871796,0.7,18.7,70.8,1014.4,11.394455994455992,10,3,6,20.55448717948718,9.112179487179487
2024-10-14,광주,19.714754098360658,11.960655737704919,1.6,18.7,83.0,1010.6,29.9,10,3,0,19.919871794871796,15.02
2024-10-15,광주,17.408496732026144,10.339869281045752,0.4,20.1,91.9,1009.6,0.7,10,3,1,11.960655737704919,26.30743243243243
2024-10-16,광주,34.1056105610561,20.237623762376238,1.2,20.8,76.9,1013.6,11.394455994455992,10,3,2,10.339869281045752,20.62828947368421
2024-10-17,광주,35.25082508250825,20.752475247524753,1.0,20.1,75.8,1013.2,11.394455994455992,10,3,3,20.237623762376238,11.473684210526315
2024-10-18,광주,22.185667752442995,10.944625407166123,1.9,22.5,84.6,1005.7,3.4,10,3,4,20.752475247524753,14.304918032786885
2024-10-19,광주,16.487179487179485,9.512820512820513,1.8,19.4,85.1,1009.1,0.4,10,3,5,10.944625407166123,20.55448717948718
2024-10-20,광주,14.455128205128204,6.759615384615385,3.2,15.0,63.3,1019.3,11.394455994455992,10,3,6,9.512820512820513,19.919871794871796
2024-10-21,광주,20.477124183006534,8.843137254901961,1.5,16.1,77.6,1014.6,14.2,10,3,0,6.759615384615385,11.960655737704919
2024-10-22,광주,8.310231023102311,4.867986798679868,1.2,18.3,94.6,1006.8,33.3,10,3,1,8.843137254901961,10.339869281045752
2024-10-23,광주,17.89902280130293,7.543973941368078,1.5,15.0,70.9,1010.4,0.1,10,3,2,4.867986798679868,20.237623762376238
2024-10-24,광주,20.750830564784053,10.581395348837209,2.0,14.1,63.5,1013.3,11.394455994455992,10,3,3,7.543973941368078,20.752475247524753
2024-10-25,광주,23.022875816993466,12.169934640522875,0.8,15.1,74.9,1015.5,11.394455994455992,10,3,4,10.581395348837209,10.944625407166123
2024-10-26,광주,21.92628205128205,12.086538461538462,0.7,17.7,74.8,1012.0,11.394455994455992,10,3,5,12.169934640522875,9.512820512820513
2024-10-27,광주,23.08653846153846,14.868589743589743,0.5,16.3,83.0,1006.8,0.6,10,3,6,12.086538461538462,6.759615384615385
2024-10-28,광주,35.37293729372937,22.745874587458747,0.5,16.3,77.9,1006.5,0.0,10,3,0,14.868589743589743,8.843137254901961
2024-10-29,광주,24.462046204620464,14.907590759075907,1.1,17.1,71.8,1009.9,11.394455994455992,10,3,1,22.745874587458747,4.867986798679868
2024-10-30,광주,29.160655737704918,17.82295081967213,1.0,16.4,72.6,1013.8,11.394455994455992,10,3,2,14.907590759075907,7.543973941368078
2024-10-31,광주,31.990066225165563,20.38943894389439,1.1,17.2,68.9,1014.3,11.394455994455992,10,3,3,17.82295081967213,10.581395348837209
2024-11-01,광주,18.377850162866448,13.586319218241043,1.3,14.6,92.3,1009.6,18.3,11,3,4,20.38943894389439,12.169934640522875
2024-11-02,광주,12.169871794871796,7.128205128205129,1.3,17.6,83.9,1008.6,8.0,11,3,5,13.586319218241043,12.086538461538462
2024-11-03,광주,19.89423076923077,12.368589743589743,0.6,17.1,73.9,1014.2,11.394455994455992,11,3,6,7.128205128205129,14.868589743589743
2024-11-04,광주,27.81639344262295,16.85573770491803,0.9,15.0,75.0,1013.4,0.2,11,3,0,12.368589743589743,22.745874587458747
2024-11-05,광주,21.223684210526315,8.766447368421053,1.9,11.6,55.4,1014.2,11.394455994455992,11,3,1,16.85573770491803,14.907590759075907
2024-11-06,광주,20.516666666666666,9.396666666666667,2.3,9.8,51.1,1018.2,11.394455994455992,11,3,2,8.766447368421053,17.82295081967213
2024-11-07,광주,26.082508250825082,15.947194719471947,0.6,10.3,61.0,1021.0,11.394455994455992,11,3,3,9.396666666666667,20.38943894389439
2024-11-08,광주,32.16181229773463,19.886731391585762,0.5,13.3,72.4,1019.4,11.394455994455992,11,3,4,15.947194719471947,13.586319218241043
2024-11-09,광주,27.887820512820515,17.84294871794872,0.5,14.2,73.9,1017.5,11.394455994455992,11,3,5,19.886731391585762,7.128205128205129
2024-11-10,광주,18.876288659793815,12.935897435897436,0.6,14.4,77.8,1013.8,0.0,11,3,6,17.84294871794872,12.368589743589743
2024-11-11,광주,29.901060070671377,19.940199335548172,0.6,14.8,72.4,1011.9,11.394455994455992,11,3,0,12.935897435897436,16.85573770491803
2024-11-12,광주,39.59661016949153,26.35855263157895,0.8,14.0,75.6,1012.0,11.394455994455992,11,3,1,19.940199335548172,8.766447368421053
2024-11-13,광주,33.36423841059602,18.576158940397352,0.9,14.9,69.8,1013.8,11.394455994455992,11,3,2,26.35855263157895,9.396666666666667
2024-11-14,광주,33.776315789473685,18.773026315789473,0.9,14.9,74.8,1012.4,11.394455994455992,11,3,3,18.576158940397352,15.947194719471947
2024-11-15,광주,33.77993527508091,19.990291262135923,0.8,16.2,75.5,1009.7,0.0,11,3,4,18.773026315789473,19.886731391585762
2024-11-16,광주,27.727564102564102,17.509615384615383,0.8,17.5,74.3,1008.6,0.3,11,3,5,19.990291262135923,17.84294871794872
2024-11-17,광주,20.983974358974358,10.548076923076923,2.7,11.8,53.8,1014.5,11.394455994455992,11,3,6,17.509615384615383,12.935897435897436
2024-11-18,광주,17.856209150326798,7.415032679738562,3.3,5.5,33.1,1022.6,11.394455994455992,11,3,0,10.548076923076923,19.940199335548172
2024-11-19,광주,24.281456953642383,13.142384105960264,0.5,7.7,51.0,1020.7,11.394455994455992,11,3,1,7.415032679738562,26.35855263157895
2024-11-20,광주,34.93485342019544,21.622149837133552,1.7,9.4,59.6,1015.9,11.394455994455992,11,3,2,13.142384105960264,18.576158940397352
2024-11-21,광주,48.21543408360129,31.00662251655629,0.7,9.9,69.3,1013.5,11.394455994455992,11,3,3,21.622149837133552,18.773026315789473
2024-11-22,광주,34.7275641025641,21.272435897435898,1.3,9.0,62.9,1015.0,11.394455994455992,11,3,4,31.00662251655629,19.990291262135923
2024-11-23,광주,30.96474358974359,20.16025641025641,0.6,6.9,56.1,1018.6,11.394455994455992,11,3,5,21.272435897435898,17.509615384615383
2024-11-24,광주,35.27884615384615,25.48076923076923,0.5,9.3,64.8,1020.4,11.394455994455992,11,3,6,20.16025641025641,10.548076923076923
2024-11-25,광주,24.97377049180328,14.38360655737705,1.5,12.2,67.8,1014.7,2.3,11,3,0,25.48076923076923,7.415032679738562
2024-11-26,광주,19.906354515050168,8.592833876221498,3.2,9.6,65.5,1007.5,10.5,11,3,1,14.38360655737705,13.142384105960264
2024-11-27,광주,17.156351791530945,9.136807817589576,2.6,4.6,70.8,1006.9,4.7,11,3,2,8.592833876221498,21.622149837133552
2024-11-28,광주,19.537216828478964,11.042071197411003,2.2,6.2,68.5,1005.3,3.8,11,3,3,9.136807817589576,31.00662251655629
2024-11-29,광주,10.266233766233766,7.086666666666667,1.2,4.6,88.8,1005.8,18.3,11,3,4,11.042071197411003,21.272435897435898
2024-11-30,광주,18.78846153846154,9.587662337662337,0.9,7.4,75.1,1008.9,0.1,11,3,5,7.086666666666667,20.16025641025641
2023-01-08,대구,74.82254697286012,37.65833333333333,1.0,2.4,66.1,1018.4,11.394455994455992,1,4,6,56.71875,31.744234800838573
2023-01-09,대구,80.06183368869937,37.95948827292111,1.3,3.2,70.1,1017.0,11.394455994455992,1,4,0,37.65833333333333,7.861111111111111
2023-01-10,대구,65.01902748414376,33.61603375527426,0.7,2.8,71.5,1021.9,11.394455994455992,1,4,1,37.95948827292111,10.203023758099352
2023-01-11,대구,52.473794549266245,30.207112970711297,1.1,4.2,67.5,1019.1,11.394455994455992,1,4,2,33.61603375527426,15.710021321961621
2023-01-12,대구,70.83507306889352,40.95010395010395,0.9,6.0,56.9,1016.7,0.0,1,4,3,30.207112970711297,54.20675105485232
2023-01-13,대구,53.0167714884696,39.98329853862213,1.0,11.0,97.9,1005.5,10.1,1,4,4,40.95010395010395,66.54008438818565
2023-01-14,대구,17.884,11.076612903225806,3.1,9.0,97.6,1006.9,0.0,1,4,5,39.98329853862213,56.71875
2023-01-15,대구,11.11111111111111,6.378968253968254,2.6,3.9,92.4,1010.0,1.4,1,4,6,11.076612903225806,37.65833333333333
2023-01-16,대구,20.146090534979425,13.380952380952381,3.6,-0.7,67.1,1016.5,11.394455994455992,1,4,0,6.378968253968254,37.95948827292111
2023-01-17,대구,26.03869653767821,16.102040816326532,2.7,-0.3,56.9,1019.0,11.394455994455992,1,4,1,13.380952380952381,33.61603375527426
2023-01-18,대구,52.75714285714286,27.78527607361963,1.7,0.6,72.3,1019.0,11.394455994455992,1,4,2,16.102040816326532,30.207112970711297
2023-01-19,대구,57.806060606060605,29.830303030303032,1.1,0.5,72.8,1017.5,11.394455994455992,1,4,3,27.78527607361963,40.95010395010395
2023-01-20,대구,56.61553784860558,19.76388888888889,3.5,0.4,56.3,1019.0,11.394455994455992,1,4,4,29.830303030303032,39.98329853862213
2023-01-21,대구,18.940357852882705,7.772908366533865,2.1,-2.1,50.8,1023.3,11.394455994455992,1,4,5,19.76388888888889,11.076612903225806
2023-01-22,대구,26.542914171656687,16.406,0.8,-0.5,59.0,1019.9,11.394455994455992,1,4,6,7.772908366533865,6.378968253968254
2023-01-23,대구,41.88095238095238,23.327380952380953,2.0,2.9,63.1,1014.9,11.394455994455992,1,4,0,16.406,13.380952380952381
2023-01-24,대구,26.474206349206348,11.662698412698413,6.1,-8.3,50.6,1018.3,11.394455994455992,1,4,1,23.327380952380953,16.102040816326532
2023-01-25,대구,11.926829268292684,6.050607287449393,3.4,-8.9,45.8,1022.6,11.394455994455992,1,4,2,11.662698412698413,27.78527607361963
2023-01-26,대구,31.050505050505052,17.313765182186234,1.4,-4.1,57.8,1017.3,0.0,1,4,3,6.050607287449393,29.830303030303032
2023-01-27,대구,33.02910602910603,16.105263157894736,4.9,-3.0,40.4,1013.8,0.0,1,4,4,17.313765182186234,19.76388888888889
2023-01-28,대구,29.821428571428573,11.766932270916335,3.9,-3.6,40.0,1015.0,11.394455994455992,1,4,5,16.105263157894736,7.772908366533865
2023-01-29,대구,39.279761904761905,13.238095238095237,2.4,0.8,50.9,1013.1,0.0,1,4,6,11.766932270916335,16.406
2023-01-30,대구,34.90485829959514,12.886409736308316,3.4,1.3,31.9,1015.8,11.394455994455992,1,4,0,13.238095238095237,23.327380952380953
2023-01-31,대구,38.024096385542165,19.100401606425702,1.1,1.7,39.0,1012.8,11.394455994455992,1,4,1,12.886409736308316,11.662698412698413
2023-02-01,대구,50.206896551724135,26.062753036437247,2.7,3.8,43.8,1010.8,11.394455994455992,2,4,2,19.100401606425702,6.050607287449393
2023-02-02,대구,36.0061099796334,18.59552845528455,2.1,1.3,39.0,1018.5,11.394455994455992,2,4,3,26.062753036437247,17.313765182186234
2023-02-03,대구,38.985915492957744,22.58350100603622,1.9,2.4,32.4,1015.2,11.394455994455992,2,4,4,18.59552845528455,16.105263157894736
2023-02-04,대구,40.80318091451292,26.13320079522863,3.2,1.6,41.4,1017.6,11.394455994455992,2,4,5,22.58350100603622,11.766932270916335
2023-02-05,대구,48.783300198807154,35.65009940357853,1.3,1.6,46.0,1018.1,11.394455994455992,2,4,6,26.13320079522863,13.238095238095237
2023-02-06,대구,60.66734279918864,41.3630831643002,1.0,4.2,40.6,1015.1,11.394455994455992,2,4,0,35.65009940357853,12.886409736308316
2023-02-07,대구,62.085539714867615,41.78411405295316,1.7,5.3,57.3,1013.6,11.394455994455992,2,4,1,41.3630831643002,19.100401606425702
2023-02-08,대구,56.638,40.7314629258517,2.0,4.9,51.3,1018.4,11.394455994455992,2,4,2,41.78411405295316,26.062753036437247
2023-02-09,대구,48.578629032258064,31.507070707070707,2.7,3.9,57.0,1020.9,0.4,2,4,3,40.7314629258517,18.59552845528455
2023-02-10,대구,17.418181818181818,13.038854805725972,2.2,4.6,80.8,1013.3,10.3,2,4,4,31.507070707070707,22.58350100603622
2023-02-11,대구,56.10909090909091,44.79032258064516,1.2,3.6,79.5,1016.7,11.394455994455992,2,4,5,13.038854805725972,26.13320079522863
2023-02-12,대구,58.67935871743487,47.10843373493976,1.7,4.8,75.1,1014.7,11.394455994455992,2,4,6,44.79032258064516,35.65009940357853
2023-02-13,대구,38.05567010309279,25.014227642276424,2.0,6.1,73.5,1011.2,0.5,2,4,0,47.10843373493976,41.3630831643002
2023-02-14,대구,22.551020408163264,14.118609406952965,2.5,4.6,64.0,1015.0,11.394455994455992,2,4,1,25.014227642276424,41.78411405295316
2023-02-15,대구,12.214723926380367,7.485537190082645,3.4,2.8,71.0,1023.1,0.0,2,4,2,14.118609406952965,40.7314629258517
2023-02-16,대구,24.572301425661916,15.821946169772257,1.7,4.7,66.3,1023.6,11.394455994455992,2,4,3,7.485537190082645,31.507070707070707
2023-02-17,대구,53.650698602794414,36.282,1.0,4.4,62.3,1020.8,11.394455994455992,2,4,4,15.821946169772257,13.038854805725972
2023-02-18,대구,69.67992047713717,47.50497017892644,1.2,6.9,66.6,1013.6,0.0,2,4,5,36.282,44.79032258064516
2023-02-19,대구,39.02794411177645,28.894211576846306,4.1,7.2,50.3,1010.7,0.0,2,4,6,47.50497017892644,47.10843373493976
2023-02-20,대구,32.238193018480494,8.686475409836065,4.0,2.6,34.1,1018.1,11.394455994455992,2,4,0,28.894211576846306,25.014227642276424
2023-02-21,대구,27.521384928716905,12.877800407331975,2.5,1.3,38.4,1026.8,11.394455994455992,2,4,1,8.686475409836065,14.118609406952965
2023-02-22,대구,34.97585513078471,20.07615230460922,1.5,3.8,52.9,1022.9,11.394455994455992,2,4,2,12.877800407331975,7.485537190082645
2023-02-23,대구,45.08829568788501,28.93877551020408,2.8,7.8,39.3,1015.8,0.0,2,4,3,20.07615230460922,15.821946169772257
2023-02-24,대구,65.77955911823648,43.907630522088354,3.4,7.4,34.0,1016.1,11.394455994455992,2,4,4,28.93877551020408,36.282
2023-02-25,대구,33.286852589641434,17.4203187250996,3.5,3.8,33.5,1023.4,11.394455994455992,2,4,5,43.907630522088354,47.50497017892644
2023-02-26,대구,31.418650793650794,17.165338645418327,1.5,3.7,33.6,1028.8,11.394455994455992,2,4,6,17.4203187250996,28.894211576846306
2023-02-27,대구,40.783400809716596,24.701461377870565,1.1,6.2,34.8,1026.6,11.394455994455992,2,4,0,17.165338645418327,8.686475409836065
2023-02-28,대구,41.25050505050505,27.11871227364185,1.7,8.8,40.9,1019.4,11.394455994455992,2,4,1,24.701461377870565,12.877800407331975
2023-03-01,대구,43.94234592445328,25.851190476190474,2.7,8.4,52.5,1013.9,11.394455994455992,3,1,2,27.11871227364185,20.07615230460922
2023-03-02,대구,43.08383233532934,11.986027944111777,4.0,4.6,22.6,1019.4,11.394455994455992,3,1,3,25.851190476190474,28.93877551020408
2023-03-03,대구,49.638888888888886,20.275793650793652,2.9,7.5,26.9,1020.1,11.394455994455992,3,1,4,11.986027944111777,43.907630522088354
2023-03-04,대구,68.09145129224652,35.74007936507937,1.8,8.0,51.1,1021.5,11.394455994455992,3,1,5,20.275793650793652,17.4203187250996
2023-03-05,대구,51.198412698412696,29.424603174603174,1.5,8.9,56.1,1020.5,11.394455994455992,3,1,6,35.74007936507937,17.165338645418327
2023-03-06,대구,55.48155737704918,30.817622950819672,1.2,10.5,43.8,1016.4,11.394455994455992,3,1,0,29.424603174603174,24.701461377870565
2023-03-07,대구,70.01394422310757,36.75249500998004,1.9,13.2,38.8,1014.1,11.394455994455992,3,1,1,30.817622950819672,27.11871227364185
2023-03-08,대구,62.13319672131148,29.991769547325102,1.3,14.0,40.4,1012.9,11.394455994455992,3,1,2,36.75249500998004,25.851190476190474
2023-03-09,대구,63.193548387096776,25.76161616161616,2.0,16.0,47.5,1008.5,0.0,3,1,3,29.991769547325102,11.986027944111777
2023-03-10,대구,91.73852295409182,32.352589641434264,1.6,14.9,47.4,1013.2,11.394455994455992,3,1,4,25.76161616161616,20.275793650793652
2023-03-11,대구,96.16071428571429,37.625,1.2,16.7,44.6,1015.4,11.394455994455992,3,1,5,32.352589641434264,35.74007936507937
2023-03-12,대구,59.80357142857143,25.61904761904762,3.3,9.9,63.5,1012.3,6.7,3,1,6,37.625,29.424603174603174
2023-03-13,대구,46.02195608782435,17.850597609561753,4.0,5.2,29.3,1015.2,11.394455994455992,3,1,0,25.61904761904762,30.817622950819672
2023-03-14,대구,53.78260869565217,15.902691511387163,1.6,9.7,40.1,1013.2,11.394455994455992,3,1,1,17.850597609561753,36.75249500998004
2023-03-15,대구,33.32567849686848,11.312629399585921,1.9,13.8,53.6,1013.3,11.394455994455992,3,1,2,15.902691511387163,29.991769547325102
2023-03-16,대구,47.41547861507129,12.14867617107943,3.1,10.5,25.1,1019.4,11.394455994455992,3,1,3,11.312629399585921,25.76161616161616
2023-03-17,대구,48.519114688128774,16.780684104627767,2.7,9.5,45.3,1016.5,11.394455994455992,3,1,4,12.14867617107943,32.352589641434264
2023-03-18,대구,42.51190476190476,16.248015873015873,2.0,11.8,38.0,1011.1,11.394455994455992,3,1,5,16.780684104627767,37.625
2023-03-19,대구,54.464285714285715,27.548707753479125,2.1,11.4,31.1,1012.5,11.394455994455992,3,1,6,16.248015873015873,25.61904761904762
2023-03-20,대구,61.19836400817996,30.276639344262296,1.6,12.3,39.5,1008.8,11.394455994455992,3,1,0,27.548707753479125,17.850597609561753
2023-03-21,대구,63.13131313131313,28.333333333333332,1.9,15.3,43.1,1005.8,11.394455994455992,3,1,1,30.276639344262296,15.902691511387163
2023-03-22,대구,48.445378151260506,27.758403361344538,1.5,15.9,70.0,1004.4,1.3,3,1,2,28.333333333333332,11.312629399585921
2023-03-23,대구,15.579741379310345,10.572043010752688,1.1,15.2,95.4,999.9,19.3,3,1,3,27.758403361344538,12.14867617107943
2023-03-24,대구,107.64627151051626,25.60496183206107,4.4,12.6,71.8,1009.5,11.394455994455992,3,1,4,10.572043010752688,16.780684104627767
2023-03-25,대구,108.07590132827325,18.33712121212121,3.2,10.4,65.0,1012.9,11.394455994455992,3,1,5,25.60496183206107,16.248015873015873
2023-03-26,대구,75.24621212121212,17.880681818181817,1.7,11.7,67.392168755897,1009.6,0.0,3,1,6,18.33712121212121,27.548707753479125
2023-03-27,대구,38.77582846003899,12.361867704280156,2.3,9.7,30.1,1014.3,11.394455994455992,3,1,0,17.880681818181817,30.276639344262296
2023-03-28,대구,75.77626459143968,35.36116504854369,1.5,11.4,44.1,1016.9,11.394455994455992,3,1,1,12.361867704280156,28.333333333333332
2023-03-29,대구,96.68101761252446,45.80821917808219,1.2,13.3,45.0,1015.4,11.394455994455992,3,1,2,35.36116504854369,27.758403361344538
2023-03-30,대구,79.30321285140562,38.921843687374746,1.1,15.6,38.0,1012.4,11.394455994455992,3,1,3,45.80821917808219,10.572043010752688
2023-03-31,대구,69.06333973128599,33.57389635316699,1.7,16.4,36.9,1011.1,11.394455994455992,3,1,4,38.921843687374746,25.60496183206107
2023-04-01,대구,66.24621212121212,33.40719696969697,3.3,15.0,54.5,1010.6,11.394455994455992,4,1,5,33.57389635316699,18.33712121212121
2023-04-02,대구,41.34090909090909,23.482954545454547,3.4,13.6,58.4,1014.2,11.394455994455992,4,1,6,33.40719696969697,17.880681818181817
2023-04-03,대구,35.45029239766082,17.735922330097086,3.4,13.3,57.0,1017.5,11.394455994455992,4,1,0,23.482954545454547,12.361867704280156
2023-04-04,대구,26.367704280155642,12.253411306042885,2.4,15.1,65.4,1014.4,2.0,4,1,1,17.735922330097086,35.36116504854369
2023-04-05,대구,13.751937984496124,8.064327485380117,2.3,15.6,86.6,1004.9,6.4,4,1,2,12.253411306042885,45.80821917808219
2023-04-06,대구,20.113725490196078,13.49802371541502,3.5,14.0,68.1,1003.7,2.6,4,1,3,8.064327485380117,38.921843687374746
2023-04-07,대구,57.854651162790695,34.664739884393065,4.5,12.4,47.4,1006.4,3.2,4,1,4,13.49802371541502,33.57389635316699
2023-04-08,대구,34.67992424242424,6.931818181818182,4.4,10.7,28.8,1012.0,11.394455994455992,4,1,5,34.664739884393065,33.40719696969697
2023-04-09,대구,48.294117647058826,9.250474383301707,2.2,13.7,28.9,1012.1,11.394455994455992,4,1,6,6.931818181818182,23.482954545454547
2023-04-10,대구,43.40508806262231,11.166340508806263,1.9,14.5,41.4,1009.5,11.394455994455992,4,1,0,9.250474383301707,17.735922330097086
2023-04-11,대구,38.22090729783037,10.843137254901961,2.2,17.1,58.1,1005.4,0.0,4,1,1,11.166340508806263,12.253411306042885
2023-04-12,대구,254.73477406679766,32.20432220039293,4.1,14.9,18.1,1010.1,11.394455994455992,4,1,2,10.843137254901961,8.064327485380117
2023-04-13,대구,121.26862745098039,24.50588235294118,1.6,15.8,25.9,1010.7,11.394455994455992,4,1,3,32.20432220039293,13.49802371541502
2023-04-14,대구,63.98403193612774,22.189620758483034,1.2,15.8,50.9,1007.1,0.1,4,1,4,24.50588235294118,34.664739884393065
2023-04-15,대구,32.47537878787879,16.783269961977187,1.5,13.2,79.3,998.3,0.2,4,1,5,22.189620758483034,6.931818181818182
2023-04-16,대구,91.06060606060606,25.142045454545453,1.8,12.3,62.3,998.9,0.0,4,1,6,16.783269961977187,9.250474383301707
2023-04-17,대구,85.74168297455968,25.56420233463035,1.5,14.3,47.4,1009.1,11.394455994455992,4,1,0,25.142045454545453,11.166340508806263
2023-04-18,대구,68.86336633663366,22.821782178217823,1.4,16.6,72.1,1005.4,1.6,4,1,1,25.56420233463035,10.843137254901961
2023-04-19,대구,48.33867735470942,25.624750499001998,2.0,19.3,70.5,1004.1,11.394455994455992,4,1,2,22.821782178217823,32.20432220039293
2023-04-20,대구,43.0233918128655,22.580896686159843,2.2,23.1,60.8,1002.2,11.394455994455992,4,1,3,25.624750499001998,24.50588235294118
2023-04-21,대구,181.86590038314176,28.833333333333332,4.7,16.5,48.9,1006.3,11.394455994455992,4,1,4,22.580896686159843,22.189620758483034
2023-04-22,대구,271.5483870967742,41.51704545454545,3.6,13.7,46.0,1014.2,11.394455994455992,4,1,5,28.833333333333332,16.783269961977187
2023-04-23,대구,81.77083333333333,16.8125,3.2,13.5,52.8,1017.5,11.394455994455992,4,1,6,41.51704545454545,25.142045454545453
2023-04-24,대구,32.267056530214425,10.0682261208577,3.4,13.0,53.5,1018.1,11.394455994455992,4,1,0,16.8125,25.56420233463035
2023-04-25,대구,25.43975903614458,14.909274193548388,1.3,9.4,84.0,1009.5,6.0,4,1,1,10.0682261208577,22.821782178217823
2023-04-26,대구,33.3739837398374,16.70875763747454,2.9,12.8,57.6,1006.8,11.394455994455992,4,1,2,14.909274193548388,25.624750499001998
2023-04-27,대구,34.273972602739725,17.487279843444227,1.4,14.8,56.9,1013.7,11.394455994455992,4,1,3,16.70875763747454,22.580896686159843
2023-04-28,대구,32.62948207171315,13.937875751503006,2.0,17.7,54.3,1010.3,11.394455994455992,4,1,4,17.487279843444227,28.833333333333332
2023-04-29,대구,32.06653992395437,13.890151515151516,2.3,16.9,78.8,1000.5,8.7,4,1,5,13.937875751503006,41.51704545454545
2023-04-30,대구,39.09469696969697,11.299810246679318,3.5,16.7,38.0,1003.6,11.394455994455992,4,1,6,13.890151515151516,16.8125
2023-05-01,대구,41.31749049429658,14.566287878787879,3.1,16.5,39.1,1010.2,11.394455994455992,5,1,0,11.299810246679318,10.0682261208577
2023-05-02,대구,36.17933723196881,16.59375,1.5,17.1,46.6,1016.6,11.394455994455992,5,1,1,14.566287878787879,14.909274193548388
2023-05-03,대구,37.421157684630735,17.61676646706587,1.8,18.5,50.5,1015.2,11.394455994455992,5,1,2,16.59375,16.70875763747454
2023-05-04,대구,26.504016064257026,13.57344064386318,2.1,18.8,68.0,1009.5,0.5,5,1,3,17.61676646706587,17.487279843444227
2023-05-05,대구,6.416666666666667,3.4092664092664093,2.4,19.0,93.8,999.4,44.5,5,1,4,13.57344064386318,13.937875751503006
2023-05-06,대구,6.166666666666667,3.665399239543726,4.0,13.7,93.4,1001.6,33.9,5,1,5,3.4092664092664093,13.890151515151516
2023-05-07,대구,28.22753346080306,20.457854406130267,1.6,11.4,81.8,1006.2,3.1,5,1,6,3.665399239543726,11.299810246679318
2023-05-08,대구,27.137254901960784,17.401174168297455,1.6,13.7,55.9,1010.1,11.394455994455992,5,1,0,20.457854406130267,14.566287878787879
2023-05-09,대구,35.524752475247524,20.389328063241106,2.0,18.5,44.8,1009.3,11.394455994455992,5,1,1,17.401174168297455,16.59375
2023-05-10,대구,42.28486055776892,22.239520958083833,1.9,19.2,44.3,1009.7,11.394455994455992,5,1,2,20.389328063241106,17.61676646706587
2023-05-11,대구,38.42315369261477,19.001988071570576,3.7,18.1,57.8,1012.7,11.394455994455992,5,1,3,22.239520958083833,13.57344064386318
2023-05-12,대구,32.613861386138616,14.996047430830039,1.9,18.8,48.4,1010.7,11.394455994455992,5,1,4,19.001988071570576,3.4092664092664093
2023-05-13,대구,26.645714285714284,15.56,1.5,19.4,62.1,1006.2,11.394455994455992,5,1,5,14.996047430830039,3.665399239543726
2023-05-14,대구,27.642857142857142,18.353053435114504,1.6,20.4,55.6,1002.4,0.0,5,1,6,15.56,20.457854406130267
2023-05-15,대구,39.78515625,24.623046875,1.7,21.8,53.3,1002.4,11.394455994455992,5,1,0,18.353053435114504,17.401174168297455
2023-05-16,대구,60.8986083499006,37.48015873015873,1.8,24.6,52.0,1004.6,11.394455994455992,5,1,1,24.623046875,20.389328063241106
2023-05-17,대구,50.812375249500995,25.643584521384927,1.7,24.4,49.5,1007.1,11.394455994455992,5,1,2,37.48015873015873,22.239520958083833
2023-05-18,대구,33.52652259332024,22.88645418326693,1.7,18.6,81.6,1005.0,5.9,5,1,3,25.643584521384927,19.001988071570576
2023-05-19,대구,16.114285714285714,8.278095238095238,2.2,18.3,78.6,1003.4,0.0,5,1,4,22.88645418326693,14.996047430830039
2023-05-20,대구,26.14857142857143,13.96958174904943,1.9,20.9,63.5,1004.3,11.394455994455992,5,1,5,8.278095238095238,15.56
2023-05-21,대구,44.741444866920155,18.90684410646388,2.6,22.7,55.0,1001.8,11.394455994455992,5,1,6,13.96958174904943,18.353053435114504
2023-05-22,대구,124.48479087452472,31.690248565965582,1.8,17.0,67.0,1002.2,0.5,5,1,0,18.90684410646388,24.623046875
2023-05-23,대구,71.96640316205534,22.724950884086443,1.9,18.4,56.0,1004.2,11.394455994455992,5,1,1,31.690248565965582,37.48015873015873
2023-05-24,대구,48.097804391217565,19.59880239520958,1.9,19.6,52.4,1008.5,11.394455994455992,5,1,2,22.724950884086443,25.643584521384927
2023-05-25,대구,33.80434782608695,16.48915187376726,2.1,21.3,46.6,1009.9,11.394455994455992,5,1,3,19.59880239520958,22.88645418326693
2023-05-26,대구,29.792899408284022,13.9251968503937,1.7,22.0,49.8,1012.2,0.0,5,1,4,16.48915187376726,8.278095238095238
2023-05-27,대구,28.296015180265655,14.48956356736243,1.6,23.2,64.8,1011.7,0.2,5,1,5,13.9251968503937,13.96958174904943
2023-05-28,대구,15.191938579654511,7.448940269749518,1.1,21.7,86.6,1007.2,10.6,5,1,6,14.48956356736243,18.90684410646388
2023-05-29,대구,5.776091081593928,3.3636363636363638,1.7,20.1,97.3,1004.6,100.8,5,1,0,7.448940269749518,31.690248565965582
2023-05-30,대구,12.100580270793037,5.443359375,2.9,19.5,81.5,1005.4,11.394455994455992,5,1,1,3.3636363636363638,22.724950884086443
2023-05-31,대구,23.149425287356323,10.430799220272904,2.8,20.5,60.3,1005.4,11.394455994455992,5,1,2,5.443359375,19.59880239520958
2023-06-01,대구,27.157170923379176,15.675834970530452,1.5,18.6,77.0,1001.0,0.2,6,2,3,10.430799220272904,16.48915187376726
2023-06-02,대구,31.49601593625498,14.840954274353876,2.8,23.7,60.9,995.2,0.3,6,2,4,15.675834970530452,13.9251968503937
2023-06-03,대구,32.41904761904762,16.216318785578746,2.5,23.1,50.1,1001.1,11.394455994455992,6,2,5,14.840954274353876,14.48956356736243
2023-06-04,대구,23.68371212121212,11.2561669829222,2.4,23.9,40.5,1003.9,11.394455994455992,6,2,6,16.216318785578746,7.448940269749518
2023-06-05,대구,28.73879142300195,14.210526315789474,2.3,23.8,48.1,1004.1,11.394455994455992,6,2,0,11.2561669829222,3.3636363636363638
2023-06-06,대구,26.523809523809526,14.685009487666035,2.4,24.3,50.4,1000.2,11.394455994455992,6,2,1,14.210526315789474,5.443359375
2023-06-07,대구,33.85629921259842,19.3248031496063,1.7,24.1,58.1,1002.2,11.394455994455992,6,2,2,14.685009487666035,10.430799220272904
2023-06-08,대구,27.32101167315175,15.127906976744185,1.7,24.1,57.8,998.6,11.394455994455992,6,2,3,19.3248031496063,15.675834970530452
2023-06-09,대구,26.0019801980198,14.925851703406813,1.9,24.6,50.4,997.8,11.394455994455992,6,2,4,15.127906976744185,14.840954274353876
2023-06-10,대구,35.48571428571429,21.966990291262135,1.8,24.5,61.0,999.4,11.394455994455992,6,2,5,14.925851703406813,16.216318785578746
2023-06-11,대구,20.92528735632184,13.295801526717558,2.4,24.6,66.5,999.0,11.394455994455992,6,2,6,21.966990291262135,11.2561669829222
2023-06-12,대구,20.12156862745098,11.49706457925636,2.2,23.3,73.4,999.0,0.7,6,2,0,13.295801526717558,14.210526315789474
2023-06-13,대구,25.164,15.300796812749004,1.6,23.8,68.1,997.9,11.394455994455992,6,2,1,11.49706457925636,14.685009487666035
2023-06-14,대구,25.099593495934958,15.689516129032258,1.8,21.2,73.8,999.7,17.5,6,2,2,15.300796812749004,19.3248031496063
2023-06-15,대구,22.552419354838708,13.92,1.8,20.9,74.0,1002.6,11.394455994455992,6,2,3,15.689516129032258,15.127906976744185
2023-06-16,대구,31.33130081300813,19.67864271457086,1.5,25.3,60.9,1006.1,11.394455994455992,6,2,4,13.92,14.925851703406813
2023-06-17,대구,33.22709923664122,21.673624288425046,2.2,27.6,53.5,1005.3,11.394455994455992,6,2,5,19.67864271457086,21.966990291262135
2023-06-18,대구,33.01330798479088,19.813688212927758,2.6,26.9,52.6,1000.7,11.394455994455992,6,2,6,21.673624288425046,13.295801526717558
2023-06-19,대구,34.86032388663968,17.638,3.6,24.4,62.1,1001.6,11.394455994455992,6,2,0,19.813688212927758,11.49706457925636
2023-06-20,대구,25.896551724137932,9.511066398390343,3.9,23.0,66.4,1000.0,11.394455994455992,6,2,1,17.638,15.300796812749004
2023-06-21,대구,19.341897233201582,10.584313725490196,1.7,21.4,89.9,995.8,4.6,6,2,2,9.511066398390343,15.689516129032258
2023-06-22,대구,23.72156862745098,13.538011695906432,2.3,24.6,65.8,997.0,0.0,6,2,3,10.584313725490196,13.92
2023-06-23,대구,21.508637236084454,11.854932301740812,2.2,24.8,64.9,1003.3,11.394455994455992,6,2,4,13.538011695906432,19.67864271457086
2023-06-24,대구,21.25631067961165,11.4,2.8,24.5,66.0,1008.4,11.394455994455992,6,2,5,11.854932301740812,21.673624288425046
2023-06-25,대구,22.158396946564885,13.851992409867172,1.9,24.2,73.9,1007.0,2.2,6,2,6,11.4,19.813688212927758
2023-06-26,대구,11.537109375,5.702544031311154,1.9,24.1,89.5,1002.7,33.2,6,2,0,13.851992409867172,17.638
2023-06-27,대구,15.398809523809524,8.744047619047619,2.6,27.8,71.3,1002.6,48.0,6,2,1,5.702544031311154,9.511066398390343
2023-06-28,대구,14.947265625,7.828740157480315,2.3,24.5,78.4,1002.6,24.7,6,2,2,8.744047619047619,10.584313725490196
2023-06-29,대구,23.046242774566473,14.438223938223938,1.4,25.4,86.1,997.1,8.3,6,2,3,7.828740157480315,13.538011695906432
2023-06-30,대구,13.189292543021033,6.609942638623327,1.5,24.0,92.4,995.2,39.0,6,2,4,14.438223938223938,11.854932301740812
2023-07-01,대구,22.672348484848484,13.856060606060606,2.4,25.8,76.1,999.8,11.394455994455992,7,2,5,6.609942638623327,11.4
2023-07-02,대구,32.26704545454545,21.755681818181817,1.9,28.1,69.0,1002.0,11.394455994455992,7,2,6,13.856060606060606,13.851992409867172
2023-07-03,대구,37.59922928709056,24.18568665377176,2.1,27.1,71.5,1000.2,11.394455994455992,7,2,0,21.755681818181817,5.702544031311154
2023-07-04,대구,18.048780487804876,11.325925925925926,2.0,24.9,84.8,996.4,6.8,7,2,1,24.18568665377176,8.744047619047619
2023-07-05,대구,19.174573055028464,7.633828996282528,3.0,27.5,67.9,989.7,16.1,7,2,2,11.325925925925926,7.828740157480315
2023-07-06,대구,46.33768656716418,20.432835820895523,1.2,27.5,62.3,996.7,11.394455994455992,7,2,3,7.633828996282528,14.438223938223938
2023-07-07,대구,30.419708029197082,17.89071038251366,1.8,21.9,86.8,997.8,43.9,7,2,4,20.432835820895523,6.609942638623327
2023-07-08,대구,27.367346938775512,15.953183520599252,1.7,23.1,84.5,997.5,0.0,7,2,5,17.89071038251366,13.856060606060606
2023-07-09,대구,33.11090573012939,21.970425138632162,1.5,26.6,78.0,997.7,11.394455994455992,7,2,6,15.953183520599252,21.755681818181817
2023-07-10,대구,33.55223880597015,22.28358208955224,1.6,28.3,74.6,998.6,0.0,7,2,0,21.970425138632162,24.18568665377176
2023-07-11,대구,22.805194805194805,13.755555555555556,1.2,24.8,89.5,1000.4,46.5,7,2,1,22.28358208955224,11.325925925925926
2023-07-12,대구,19.34264432029795,10.17910447761194,1.3,27.3,79.8,999.5,0.2,7,2,2,13.755555555555556,7.633828996282528
2023-07-13,대구,25.65735567970205,13.98336414048059,1.3,26.5,85.9,999.9,2.0,7,2,3,10.17910447761194,20.432835820895523
2023-07-14,대구,11.343065693430656,4.437956204379562,1.4,25.6,88.9,995.6,47.7,7,2,4,13.98336414048059,17.89071038251366
2023-07-15,대구,12.330275229357799,4.760948905109489,1.7,27.0,81.3,996.5,23.7,7,2,5,4.437956204379562,15.953183520599252
2023-07-16,대구,15.56159420289855,6.782608695652174,0.8,24.4,91.6,1002.6,9.7,7,2,6,4.760948905109489,21.970425138632162
2023-07-17,대구,9.537037037037036,3.390740740740741,1.3,26.7,84.6,1006.4,13.2,7,2,0,6.782608695652174,22.28358208955224
2023-07-18,대구,7.992565055762082,2.962686567164179,1.2,23.7,96.4,1004.7,74.2,7,2,1,3.390740740740741,13.755555555555556
2023-07-19,대구,10.406015037593985,4.812615955473098,2.0,25.7,78.5,1001.4,0.1,7,2,2,2.962686567164179,10.17910447761194
2023-07-20,대구,34.514177693761816,22.09647495361781,1.4,27.6,73.6,1002.7,11.394455994455992,7,2,3,4.812615955473098,13.98336414048059
2023-07-21,대구,43.37294332723949,30.818681318681318,2.3,26.7,78.5,1006.7,11.394455994455992,7,2,4,22.09647495361781,4.437956204379562
2023-07-22,대구,17.99818181818182,10.807971014492754,2.7,25.4,77.3,1008.2,0.0,7,2,5,30.818681318681318,4.760948905109489
2023-07-23,대구,9.77536231884058,4.41016333938294,2.1,27.5,75.9,1003.8,0.1,7,2,6,10.807971014492754,6.782608695652174
2023-07-24,대구,8.815939278937382,3.2637571157495255,1.3,26.6,85.4,1003.6,14.5,7,2,0,4.41016333938294,3.390740740740741
2023-07-25,대구,14.235976789168278,6.214700193423598,1.3,27.3,78.1,1007.4,0.0,7,2,1,3.2637571157495255,2.962686567164179
2023-07-26,대구,18.72552783109405,9.32567049808429,1.4,27.2,78.3,1009.2,0.0,7,2,2,6.214700193423598,4.812615955473098
2023-07-27,대구,25.843100189035916,15.742911153119092,1.3,27.9,76.0,1008.5,0.0,7,2,3,9.32567049808429,22.09647495361781
2023-07-28,대구,33.545112781954884,22.75797373358349,1.1,29.4,71.5,1008.1,11.394455994455992,7,2,4,15.742911153119092,30.818681318681318
2023-07-29,대구,32.27041742286752,22.80072463768116,1.1,30.1,65.5,1008.1,11.394455994455992,7,2,5,22.75797373358349,10.807971014492754
2023-07-30,대구,28.35326086956522,20.37749546279492,1.5,29.8,65.4,1007.1,11.394455994455992,7,2,6,22.80072463768116,4.41016333938294
2023-07-31,대구,28.101633393829403,19.14963503649635,1.5,29.6,65.9,1006.1,11.394455994455992,7,2,0,20.37749546279492,3.2637571157495255
2023-08-01,대구,26.09576427255985,16.34195933456562,1.9,29.7,64.8,1004.6,11.394455994455992,8,2,1,19.14963503649635,6.214700193423598
2023-08-02,대구,20.612962962962964,11.222634508348794,1.5,30.0,64.1,1001.7,11.394455994455992,8,2,2,16.34195933456562,9.32567049808429
2023-08-03,대구,21.320964749536177,12.546961325966851,1.8,31.5,62.1,999.8,11.394455994455992,8,2,3,11.222634508348794,15.742911153119092
2023-08-04,대구,20.29074074074074,11.981481481481481,1.1,30.5,66.0,998.2,11.394455994455992,8,2,4,12.546961325966851,22.75797373358349
2023-08-05,대구,20.558983666061707,13.350272232304901,1.5,31.5,64.3,994.0,11.394455994455992,8,2,5,11.981481481481481,22.80072463768116
2023-08-06,대구,16.019963702359348,9.374545454545455,3.0,30.4,67.5,992.4,11.394455994455992,8,2,6,13.350272232304901,20.37749546279492
2023-08-07,대구,11.657992565055762,4.627777777777778,2.9,29.5,69.6,993.7,11.394455994455992,8,2,0,9.374545454545455,19.14963503649635
2023-08-08,대구,10.96103896103896,3.862708719851577,3.7,28.4,72.8,996.6,11.394455994455992,8,2,1,4.627777777777778,16.34195933456562
2023-08-09,대구,8.042513863216266,3.4440298507462686,2.2,25.4,89.4,996.2,41.0,8,2,2,3.862708719851577,11.222634508348794
2023-08-10,대구,3.6139359698681734,1.7988505747126438,2.8,25.1,83.5,986.1,93.4,8,2,3,3.4440298507462686,12.546961325966851
2023-08-11,대구,16.277358490566037,8.42803738317757,1.9,27.5,66.8,995.5,11.394455994455992,8,2,4,1.7988505747126438,11.981481481481481
2023-08-12,대구,24.744565217391305,13.719202898550725,1.6,27.1,71.8,997.9,11.394455994455992,8,2,5,8.42803738317757,13.350272232304901
2023-08-13,대구,28.030852994555353,17.847826086956523,2.0,27.2,73.4,999.0,11.394455994455992,8,2,6,13.719202898550725,9.374545454545455
2023-08-14,대구,20.144736842105264,11.705992509363297,2.7,26.8,74.3,1000.1,11.394455994455992,8,2,0,17.847826086956523,4.627777777777778
2023-08-15,대구,14.903985507246377,7.320652173913044,2.0,27.5,70.8,998.2,11.394455994455992,8,2,1,11.705992509363297,3.862708719851577
2023-08-16,대구,27.009225092250922,15.365313653136532,2.0,27.0,74.6,997.8,3.1,8,2,2,7.320652173913044,3.4440298507462686
2023-08-17,대구,20.54259259259259,11.438202247191011,2.8,25.9,78.6,999.7,0.0,8,2,3,15.365313653136532,1.7988505747126438
2023-08-18,대구,10.102611940298507,5.455223880597015,2.2,25.7,84.0,1001.4,1.6,8,2,4,11.438202247191011,8.42803738317757
2023-08-19,대구,20.08514492753623,13.749084249084248,1.5,27.3,82.0,1003.9,0.1,8,2,5,5.455223880597015,13.719202898550725
2023-08-20,대구,19.731397459165155,12.990583804143126,1.2,27.3,84.9,1005.1,6.3,8,2,6,13.749084249084248,17.847826086956523
2023-08-21,대구,24.520833333333332,16.709302325581394,1.5,28.9,74.4,1002.7,11.394455994455992,8,2,0,12.990583804143126,11.705992509363297
2023-08-22,대구,26.879852125693162,19.70188679245283,2.0,28.8,72.3,999.8,11.394455994455992,8,2,1,16.709302325581394,7.320652173913044
2023-08-23,대구,20.56851851851852,14.05524861878453,2.4,28.6,72.3,999.9,15.9,8,2,2,19.70188679245283,15.365313653136532
2023-08-24,대구,8.15925925925926,4.352504638218924,2.9,25.0,91.5,1000.6,36.4,8,2,3,14.05524861878453,11.438202247191011
2023-08-25,대구,12.4348623853211,5.514652014652015,1.9,27.4,70.5,1001.4,0.7,8,2,4,4.352504638218924,5.455223880597015
2023-08-26,대구,23.537477148080438,12.519927536231885,1.6,26.6,68.4,1003.0,11.394455994455992,8,2,5,5.514652014652015,13.749084249084248
2023-08-27,대구,19.809782608695652,11.503623188405797,2.6,25.5,78.6,1002.9,4.7,8,2,6,12.519927536231885,12.990583804143126
2023-08-28,대구,17.873161764705884,8.919561243144424,3.4,25.5,80.5,1002.3,11.394455994455992,8,2,0,11.503623188405797,16.709302325581394
2023-08-29,대구,13.476190476190476,6.5366300366300365,2.2,25.7,88.6,1001.1,3.3,8,2,1,8.919561243144424,19.70188679245283
2023-08-30,대구,8.627522935779817,3.597069597069597,1.4,24.7,95.0,1002.7,54.9,8,2,2,6.5366300366300365,14.05524861878453
2023-08-31,대구,9.554730983302411,5.222014925373134,1.5,23.3,89.8,1004.2,51.4,8,2,3,3.597069597069597,4.352504638218924
2023-09-01,대구,21.601518026565465,11.478664192949907,1.6,25.8,76.6,1005.1,11.394455994455992,9,3,4,5.222014925373134,5.514652014652015
2023-09-02,대구,21.58703703703704,12.092727272727272,2.1,24.9,79.8,1006.0,1.1,9,3,5,11.478664192949907,12.519927536231885
2023-09-03,대구,15.457038391224863,7.36231884057971,1.9,26.6,76.4,1006.5,11.394455994455992,9,3,6,12.092727272727272,11.503623188405797
2023-09-04,대구,12.671726755218216,4.571157495256167,2.7,26.4,76.8,1006.1,0.0,9,3,0,7.36231884057971,8.919561243144424
2023-09-05,대구,14.354207436399218,5.216374269005848,2.1,26.1,65.5,1005.5,11.394455994455992,9,3,1,4.571157495256167,6.5366300366300365
2023-09-06,대구,15.909090909090908,6.954545454545454,1.9,25.2,69.3,1005.9,11.394455994455992,9,3,2,5.216374269005848,3.597069597069597
2023-09-07,대구,17.90392156862745,7.492156862745098,2.3,23.6,67.3,1008.6,11.394455994455992,9,3,3,6.954545454545454,5.222014925373134
2023-09-08,대구,15.35576923076923,5.673704414587332,1.9,23.3,67.5,1007.0,11.394455994455992,9,3,4,7.492156862745098,11.478664192949907
2023-09-09,대구,15.77988614800759,6.863636363636363,2.2,23.4,68.1,1005.6,11.394455994455992,9,3,5,5.673704414587332,12.092727272727272
2023-09-10,대구,13.623574144486692,6.825426944971537,2.0,24.0,69.8,1004.8,11.394455994455992,9,3,6,6.863636363636363,7.36231884057971
2023-09-11,대구,18.335282651072124,9.431906614785992,1.6,25.6,68.9,1003.3,11.394455994455992,9,3,0,6.825426944971537,4.571157495256167
2023-09-12,대구,27.036821705426355,15.930501930501931,1.3,26.1,74.6,1004.6,11.394455994455992,9,3,1,9.431906614785992,5.216374269005848
2023-09-13,대구,26.098837209302324,16.56614785992218,2.0,24.7,84.1,1004.7,4.0,9,3,2,15.930501930501931,6.954545454545454
2023-09-14,대구,8.404990403071018,3.558541266794626,2.4,22.6,89.5,1006.7,6.7,9,3,3,16.56614785992218,7.492156862745098
2023-09-15,대구,9.036328871892925,3.5678776290630974,1.4,22.8,92.3,1008.0,11.2,9,3,4,3.558541266794626,5.673704414587332
2023-09-16,대구,16.8125,9.567362428842504,1.5,23.1,94.6,1006.8,25.1,9,3,5,3.5678776290630974,6.863636363636363
2023-09-17,대구,9.948473282442748,4.577651515151516,1.2,24.6,87.0,1004.8,13.2,9,3,6,9.567362428842504,6.825426944971537
2023-09-18,대구,15.418650793650794,5.887596899224806,1.4,26.1,76.8,1006.1,0.0,9,3,0,4.577651515151516,9.431906614785992
2023-09-19,대구,25.53191489361702,14.158301158301159,1.6,25.2,71.4,1007.7,0.0,9,3,1,5.887596899224806,15.930501930501931
2023-09-20,대구,32.56831683168317,19.524752475247524,2.1,22.0,89.4,1003.9,36.6,9,3,2,14.158301158301159,16.56614785992218
2023-09-21,대구,7.434782608695652,2.727272727272727,2.3,19.5,91.0,1004.6,3.4,9,3,3,19.524752475247524,3.558541266794626
2023-09-22,대구,16.589941972920695,6.02868068833652,1.5,21.1,73.1,1009.5,11.394455994455992,9,3,4,2.727272727272727,3.5678776290630974
2023-09-23,대구,15.580459770114942,6.428030303030303,2.0,19.9,74.0,1013.6,11.394455994455992,9,3,5,6.02868068833652,9.567362428842504
2023-09-24,대구,13.25189393939394,4.514231499051234,2.5,20.4,66.3,1014.0,11.394455994455992,9,3,6,6.428030303030303,4.577651515151516
2023-09-25,대구,15.884990253411306,4.525390625,2.0,21.1,78.4,1010.6,0.9,9,3,0,4.514231499051234,5.887596899224806
2023-09-26,대구,12.934108527131784,6.899029126213592,1.3,20.8,95.0,1007.4,17.9,9,3,1,4.525390625,14.158301158301159
2023-09-27,대구,17.17221135029354,8.947470817120623,1.3,23.8,79.6,1005.2,11.394455994455992,9,3,2,6.899029126213592,19.524752475247524
2023-09-28,대구,21.877394636015325,11.732954545454545,2.3,23.6,69.8,1007.0,11.394455994455992,9,3,3,8.947470817120623,2.727272727272727
2023-09-29,대구,41.27272727272727,26.704545454545453,1.1,21.8,74.6,1007.7,11.394455994455992,9,3,4,11.732954545454545,6.02868068833652
2023-09-30,대구,22.276515151515152,13.225378787878787,2.2,20.0,71.6,1005.1,3.5,9,3,5,26.704545454545453,6.428030303030303
2023-10-01,대구,24.652439024390244,9.242063492063492,2.2,19.2,59.1,1007.6,11.394455994455992,10,3,6,13.225378787878787,4.514231499051234
2023-10-02,대구,16.799603174603174,7.729622266401591,1.4,17.6,62.3,1011.8,11.394455994455992,10,3,0,9.242063492063492,4.525390625
2023-10-03,대구,22.202380952380953,11.88888888888889,1.0,16.1,81.6,1011.9,0.5,10,3,1,7.729622266401591,6.899029126213592
2023-10-04,대구,23.959016393442624,14.21676891615542,1.9,19.1,69.8,1007.4,11.394455994455992,10,3,2,11.88888888888889,8.947470817120623
2023-10-05,대구,30.71747967479675,8.304878048780488,3.6,16.7,38.6,1008.7,11.394455994455992,10,3,3,14.21676891615542,11.732954545454545
2023-10-06,대구,24.957537154989385,9.600405679513184,1.3,16.5,53.5,1012.2,11.394455994455992,10,3,4,8.304878048780488,26.704545454545453
2023-10-07,대구,22.0,10.944444444444445,1.9,17.1,68.5,1015.9,11.394455994455992,10,3,5,9.600405679513184,13.225378787878787
2023-10-08,대구,13.77579365079365,5.888667992047714,1.7,17.3,70.8,1016.5,0.0,10,3,6,10.944444444444445,9.242063492063492
2023-10-09,대구,15.197979797979798,6.662698412698413,0.9,18.3,73.1,1013.1,1.0,10,3,0,5.888667992047714,7.729622266401591
2023-10-10,대구,18.03607214428858,10.092,1.8,17.6,69.0,1014.1,11.394455994455992,10,3,1,6.662698412698413,11.88888888888889
2023-10-11,대구,22.626923076923077,10.986512524084779,1.7,16.2,67.9,1018.3,11.394455994455992,10,3,2,10.092,14.21676891615542
2023-10-12,대구,22.70622568093385,11.616731517509727,1.4,16.0,66.4,1018.0,11.394455994455992,10,3,3,10.986512524084779,8.304878048780488
2023-10-13,대구,28.464980544747082,16.103112840466927,1.1,17.7,68.0,1011.6,11.394455994455992,10,3,4,11.616731517509727,9.600405679513184
2023-10-14,대구,30.90340909090909,19.44128787878788,1.3,17.1,76.3,1003.9,0.2,10,3,5,16.103112840466927,10.944444444444445
2023-10-15,대구,22.60037878787879,14.981060606060606,2.2,16.6,68.5,1004.3,11.394455994455992,10,3,6,19.44128787878788,5.888667992047714
2023-10-16,대구,33.124752475247526,15.542574257425743,1.7,16.0,64.0,1008.4,11.394455994455992,10,3,0,14.981060606060606,6.662698412698413
2023-10-17,대구,27.392638036809817,10.044897959183674,2.0,15.0,52.5,1012.5,11.394455994455992,10,3,1,15.542574257425743,10.092
2023-10-18,대구,31.741869918699187,15.937246963562753,1.0,15.1,63.8,1013.5,11.394455994455992,10,3,2,10.044897959183674,10.986512524084779
2023-10-19,대구,35.83298969072165,20.849484536082475,1.2,16.4,71.0,1009.8,0.8,10,3,3,15.937246963562753,11.616731517509727
2023-10-20,대구,16.50793650793651,5.898238747553816,3.9,13.8,54.3,1009.4,3.2,10,3,4,20.849484536082475,16.103112840466927
2023-10-21,대구,19.52671755725191,6.961832061068702,2.5,12.1,53.3,1014.0,11.394455994455992,10,3,5,5.898238747553816,19.44128787878788
2023-10-22,대구,18.615238095238094,8.676136363636363,1.9,12.6,60.4,1016.7,11.394455994455992,10,3,6,6.961832061068702,14.981060606060606
2023-10-23,대구,32.560928433268856,16.317214700193425,1.1,14.2,70.1,1016.4,11.394455994455992,10,3,0,8.676136363636363,15.542574257425743
2023-10-24,대구,36.46470588235294,21.852140077821012,1.2,14.7,69.0,1013.9,11.394455994455992,10,3,1,16.317214700193425,10.044897959183674
2023-10-25,대구,37.20309477756286,22.576402321083172,1.2,15.9,71.4,1011.5,11.394455994455992,10,3,2,21.852140077821012,15.937246963562753
2023-10-26,대구,48.88,30.697813121272365,1.1,16.2,75.3,1008.6,11.394455994455992,10,3,3,22.576402321083172,20.849484536082475
2023-10-27,대구,39.11067193675889,22.0019801980198,1.6,14.7,73.4,1007.8,0.0,10,3,4,30.697813121272365,5.898238747553816
2023-10-28,대구,27.698863636363637,14.68939393939394,1.6,13.9,69.9,1012.3,11.394455994455992,10,3,5,22.0019801980198,6.961832061068702
2023-10-29,대구,26.272727272727273,14.634469696969697,1.5,13.7,70.4,1015.7,11.394455994455992,10,3,6,14.68939393939394,8.676136363636363
2023-10-30,대구,36.04816955684008,19.911368015414258,1.2,14.5,70.0,1016.0,11.394455994455992,10,3,0,14.634469696969697,16.317214700193425
2023-10-31,대구,47.154142581888244,27.454720616570327,1.2,14.9,64.1,1015.4,11.394455994455992,10,3,1,19.911368015414258,21.852140077821012
2023-11-01,대구,49.90239043824701,29.005893909626717,0.8,15.7,68.1,1012.8,11.394455994455992,11,3,2,27.454720616570327,22.576402321083172
2023-11-02,대구,50.91783567134269,30.972495088408646,0.8,17.7,72.1,1011.5,11.394455994455992,11,3,3,29.005893909626717,30.697813121272365
2023-11-03,대구,35.456273764258555,19.128155339805826,1.3,18.6,65.4,1009.8,11.394455994455992,11,3,4,30.972495088408646,22.0019801980198
2023-11-04,대구,33.0625,19.1875,2.7,18.4,75.8,1014.6,0.1,11,3,5,19.128155339805826,14.68939393939394
2023-11-05,대구,27.964015151515152,17.986742424242426,2.4,19.8,77.9,1012.3,1.6,11,3,6,19.1875,14.634469696969697
2023-11-06,대구,18.70485436893204,5.970986460348162,4.0,18.4,59.5,1001.9,8.2,11,3,0,17.986742424242426,19.911368015414258
2023-11-07,대구,21.592,7.813229571984436,4.8,11.4,41.1,1012.8,11.394455994455992,11,3,1,5.970986460348162,27.454720616570327
2023-11-08,대구,31.49407114624506,16.779092702169624,1.2,9.5,58.5,1016.4,11.394455994455992,11,3,2,7.813229571984436,29.005893909626717
2023-11-09,대구,40.041916167664674,23.504,1.2,13.7,71.0,1013.8,0.1,11,3,3,16.779092702169624,30.972495088408646
2023-11-10,대구,19.96153846153846,12.042389210019268,3.7,10.3,49.9,1015.4,10.9,11,3,4,23.504,19.128155339805826
2023-11-11,대구,19.231060606060606,10.643263757115749,2.4,5.9,44.8,1020.4,11.394455994455992,11,3,5,12.042389210019268,19.1875
2023-11-12,대구,17.96780303030303,11.10246679316888,4.0,4.8,48.3,1019.5,11.394455994455992,11,3,6,10.643263757115749,17.986742424242426
2023-11-13,대구,18.96124031007752,11.075728155339807,3.4,5.3,41.1,1020.0,11.394455994455992,11,3,0,11.10246679316888,5.970986460348162
2023-11-14,대구,22.961089494163424,12.721789883268482,2.7,7.3,55.1,1019.7,11.394455994455992,11,3,1,11.075728155339807,7.813229571984436
2023-11-15,대구,39.067326732673266,25.11023622047244,1.5,7.4,63.6,1021.0,11.394455994455992,11,3,2,12.721789883268482,16.779092702169624
2023-11-16,대구,54.51950718685831,41.4238683127572,1.4,5.5,85.5,1014.2,9.9,11,3,3,25.11023622047244,23.504
2023-11-17,대구,20.22682445759369,12.756916996047432,3.3,6.0,59.0,1006.7,0.0,11,3,4,41.4238683127572,12.042389210019268
2023-11-18,대구,18.231499051233396,10.67490494296578,5.6,3.4,57.9,1010.1,0.7,11,3,5,12.756916996047432,10.643263757115749
2023-11-19,대구,28.802656546489562,14.49146110056926,2.5,8.7,57.3,1011.0,11.394455994455992,11,3,6,10.67490494296578,11.10246679316888
2023-11-20,대구,31.738336713995942,16.5,2.2,8.5,45.9,1016.5,11.394455994455992,11,3,0,14.49146110056926,11.075728155339807
2023-11-21,대구,41.18036072144289,24.14629258517034,1.1,7.3,59.1,1015.2,11.394455994455992,11,3,1,16.5,12.721789883268482
2023-11-22,대구,45.644,27.486,1.2,9.0,67.4,1010.8,11.394455994455992,11,3,2,24.14629258517034,25.11023622047244
2023-11-23,대구,55.125748502994014,27.293413173652695,2.7,13.6,54.1,1006.2,11.394455994455992,11,3,3,27.486,41.4238683127572
2023-11-24,대구,17.94499017681729,7.844488188976378,5.2,3.9,36.6,1019.5,11.394455994455992,11,3,4,27.293413173652695,12.756916996047432
2023-11-25,대구,17.117424242424242,8.982954545454545,2.1,1.3,31.0,1024.8,11.394455994455992,11,3,5,7.844488188976378,10.67490494296578
2023-11-26,대구,24.946969696969695,15.441287878787879,1.1,4.8,45.3,1018.5,0.0,11,3,6,8.982954545454545,14.49146110056926
2023-11-27,대구,37.845703125,21.576470588235296,1.2,8.2,71.4,1008.5,0.1,11,3,0,15.441287878787879,16.5
2023-11-28,대구,32.737769080234834,17.16374269005848,3.6,6.2,46.5,1013.5,11.394455994455992,11,3,1,21.576470588235296,24.14629258517034
2023-11-29,대구,31.8568665377176,18.9284332688588,2.5,5.0,57.4,1017.2,11.394455994455992,11,3,2,17.16374269005848,27.486
2023-11-30,대구,18.273764258555133,8.933460076045627,4.1,0.2,41.8,1020.3,11.394455994455992,11,3,3,18.9284332688588,27.293413173652695
2023-12-01,대구,20.261036468330133,11.114722753346081,4.1,1.2,47.4,1018.5,11.394455994455992,12,4,4,8.933460076045627,7.844488188976378
2023-12-02,대구,29.482954545454547,17.357954545454547,1.8,3.9,55.5,1018.8,11.394455994455992,12,4,5,11.114722753346081,8.982954545454545
2023-12-03,대구,30.265151515151516,18.460227272727273,1.9,4.5,47.3,1018.8,11.394455994455992,12,4,6,17.357954545454547,15.441287878787879
2023-12-04,대구,40.57864077669903,24.11844660194175,1.0,3.8,51.9,1015.1,11.394455994455992,12,4,0,18.460227272727273,21.576470588235296
2023-12-05,대구,44.904296875,27.158512720156555,0.9,5.5,51.5,1011.1,11.394455994455992,12,4,1,24.11844660194175,17.16374269005848
2023-12-06,대구,65.63813229571984,43.65,1.4,5.7,68.1,1004.9,0.9,12,4,2,27.158512720156555,18.9284332688588
2023-12-07,대구,60.328155339805825,20.386138613861387,2.7,7.6,40.4,1009.4,11.394455994455992,12,4,3,43.65,8.933460076045627
2023-12-08,대구,75.16098484848484,24.884469696969695,1.4,9.2,64.5,1009.9,11.394455994455992,12,4,4,20.386138613861387,11.114722753346081
2023-12-09,대구,60.666666666666664,24.263257575757574,0.8,12.1,76.4,1011.9,11.394455994455992,12,4,5,24.884469696969695,17.357954545454547
2023-12-10,대구,66.20075757575758,31.952651515151516,2.6,11.2,76.6,1016.7,11.394455994455992,12,4,6,24.263257575757574,18.460227272727273
2023-12-11,대구,32.33204633204633,16.49227799227799,2.3,12.4,88.6,1009.5,31.2,12,4,0,31.952651515151516,24.11844660194175
2023-12-12,대구,7.883495145631068,3.348249027237354,2.7,9.2,72.0,1014.0,0.9,12,4,1,16.49227799227799,27.158512720156555
2023-12-13,대구,17.764932562620423,8.681467181467182,1.4,8.0,76.4,1022.0,11.394455994455992,12,4,2,3.348249027237354,43.65
2023-12-14,대구,22.32943469785575,13.354775828460038,1.9,9.2,88.5,1017.4,23.3,12,4,3,8.681467181467182,20.386138613861387
2023-12-15,대구,8.46360153256705,5.685114503816794,2.8,8.6,94.3,1005.9,31.5,12,4,4,13.354775828460038,24.884469696969695
2023-12-16,대구,11.628787878787879,6.367424242424242,5.5,2.4,59.0,1012.8,0.1,12,4,5,5.685114503816794,24.263257575757574
2023-12-17,대구,12.403409090909092,8.306818181818182,4.6,-5.1,43.8,1025.5,11.394455994455992,12,4,6,6.367424242424242,31.952651515151516
2023-12-18,대구,14.281007751937985,8.760154738878143,3.5,-2.8,43.1,1027.1,11.394455994455992,12,4,0,8.306818181818182,16.49227799227799
2023-12-19,대구,20.748502994011975,11.504970178926442,1.6,0.3,39.4,1021.0,11.394455994455992,12,4,1,8.760154738878143,3.348249027237354
2023-12-20,대구,30.913894324853228,22.634050880626223,3.8,-2.3,59.9,1018.3,0.1,12,4,2,11.504970178926442,8.681467181467182
2023-12-21,대구,16.070588235294117,10.28125,4.1,-6.4,46.5,1022.2,11.394455994455992,12,4,3,22.634050880626223,13.354775828460038
2023-12-22,대구,17.8160469667319,10.318359375,4.4,-6.4,44.4,1027.8,11.394455994455992,12,4,4,10.28125,5.685114503816794
2023-12-23,대구,19.772,12.5,2.6,-3.1,51.3,1029.5,11.394455994455992,12,4,5,10.318359375,6.367424242424242
2023-12-24,대구,28.192460317460316,20.28968253968254,1.4,-1.3,65.4,1024.1,11.394455994455992,12,4,6,12.5,8.306818181818182
2023-12-25,대구,36.654761904761905,25.77777777777778,1.7,0.2,64.9,1022.3,11.394455994455992,12,4,0,20.28968253968254,8.760154738878143
2023-12-26,대구,41.0398406374502,27.34592445328032,1.3,1.8,67.4,1022.7,11.394455994455992,12,4,1,25.77777777777778,11.504970178926442
2023-12-27,대구,54.26937984496124,34.7747572815534,1.0,3.8,63.1,1023.7,11.394455994455992,12,4,2,27.34592445328032,22.634050880626223
2023-12-28,대구,63.04854368932039,44.357833655705996,1.7,3.5,63.1,1021.1,11.394455994455992,12,4,3,34.7747572815534,10.28125
2023-12-29,대구,70.73552123552123,52.77307692307692,1.6,3.1,65.8,1019.8,11.394455994455992,12,4,4,44.357833655705996,10.318359375
2023-12-30,대구,82.86174242424242,64.99431818181819,1.2,2.9,75.8,1011.8,0.7,12,4,5,52.77307692307692,12.5
2023-12-31,대구,48.72537878787879,40.59848484848485,2.4,4.6,80.1,1010.6,1.2,12,4,6,64.99431818181819,20.28968253968254
2024-10-01,대구,18.94648829431438,8.946488294314381,2.4,21.1,65.4,1004.9,11.394455994455992,10,3,1,40.59848484848485,25.77777777777778
2024-10-02,대구,13.975986277873071,5.121783876500857,2.9,17.3,43.3,1011.1,11.394455994455992,10,3,2,8.946488294314381,27.34592445328032
2024-10-03,대구,12.11390284757119,4.65,1.9,16.6,70.4,1014.4,9.9,10,3,3,5.121783876500857,34.7747572815534
2024-10-04,대구,11.534804753820033,4.9358108108108105,1.7,17.3,72.8,1017.5,11.394455994455992,10,3,4,4.65,44.357833655705996
2024-10-05,대구,14.28135593220339,6.888333333333334,1.5,17.2,75.3,1016.7,11.394455994455992,10,3,5,4.9358108108108105,52.77307692307692
2024-10-06,대구,12.368421052631579,6.709515859766277,1.2,18.1,82.4,1013.5,3.2,10,3,6,6.888333333333334,64.99431818181819
2024-10-07,대구,16.82383419689119,9.963917525773196,1.6,17.4,78.8,1010.9,0.9,10,3,0,6.709515859766277,40.59848484848485
2024-10-08,대구,34.235897435897435,23.186851211072664,1.3,17.9,79.8,1010.1,5.8,10,3,1,9.963917525773196,8.946488294314381
2024-10-09,대구,14.26923076923077,5.963272120200334,1.8,17.2,75.3,1010.6,11.394455994455992,10,3,2,23.186851211072664,5.121783876500857
2024-10-10,대구,16.272727272727273,7.738013698630137,1.2,17.5,71.5,1009.1,11.394455994455992,10,3,3,5.963272120200334,4.65
2024-10-11,대구,21.308474576271188,12.003389830508475,1.2,18.1,70.9,1011.9,11.394455994455992,10,3,4,7.738013698630137,4.9358108108108105
2024-10-12,대구,26.67953020134228,16.784641068447414,1.1,17.8,68.9,1016.5,11.394455994455992,10,3,5,12.003389830508475,6.888333333333334
2024-10-13,대구,20.4,12.599332220367279,2.1,17.9,73.3,1017.3,11.394455994455992,10,3,6,16.784641068447414,6.709515859766277
2024-10-14,대구,18.472602739726028,9.239316239316238,0.9,18.7,85.6,1013.5,14.1,10,3,0,12.599332220367279,9.963917525773196
2024-10-15,대구,20.177391304347825,13.605217391304349,1.0,19.1,93.4,1011.4,7.5,10,3,1,9.239316239316238,23.186851211072664
2024-10-16,대구,27.03202846975089,12.790408525754884,1.6,19.4,80.9,1015.9,11.394455994455992,10,3,2,13.605217391304349,5.963272120200334
2024-10-17,대구,30.297682709447415,13.010398613518198,1.6,18.7,81.9,1016.3,11.394455994455992,10,3,3,12.790408525754884,7.738013698630137
2024-10-18,대구,26.4864406779661,13.096774193548388,1.5,20.5,87.8,1008.5,16.1,10,3,4,13.010398613518198,12.003389830508475
2024-10-19,대구,12.710702341137123,6.168614357262103,2.9,17.8,84.1,1011.9,5.4,10,3,5,13.096774193548388,16.784641068447414
2024-10-20,대구,16.513333333333332,4.413333333333333,3.3,14.4,57.5,1024.1,11.394455994455992,10,3,6,6.168614357262103,12.599332220367279
2024-10-21,대구,20.356282271944924,7.450171821305842,1.1,15.2,77.0,1017.9,5.3,10,3,0,4.413333333333333,9.239316239316238
2024-10-22,대구,14.958928571428572,9.812937062937063,1.0,17.1,95.3,1008.9,23.0,10,3,1,7.450171821305842,13.605217391304349
2024-10-23,대구,14.98066783831283,6.1335676625659055,4.1,16.8,60.4,1009.0,0.0,10,3,2,9.812937062937063,12.790408525754884
2024-10-24,대구,20.972173913043477,10.284467713787086,1.8,13.8,66.1,1015.2,11.394455994455992,10,3,3,6.1335676625659055,13.010398613518198
2024-10-25,대구,22.866551126516466,11.493827160493828,1.8,15.0,78.6,1018.9,11.394455994455992,10,3,4,10.284467713787086,13.096774193548388
2024-10-26,대구,21.211666666666666,10.19,1.8,16.6,77.4,1015.2,11.394455994455992,10,3,5,11.493827160493828,6.168614357262103
2024-10-27,대구,17.061769616026712,9.711666666666666,1.0,14.5,89.0,1008.4,2.8,10,3,6,10.19,4.413333333333333
2024-10-28,대구,23.813675213675214,15.31740614334471,1.6,14.6,88.0,1009.3,0.9,10,3,0,9.711666666666666,7.450171821305842
2024-10-29,대구,17.965870307167236,7.07495741056218,1.3,14.5,76.4,1012.9,11.394455994455992,10,3,1,15.31740614334471,9.812937062937063
2024-10-30,대구,23.058319039451113,12.604095563139932,1.2,14.7,76.1,1016.0,11.394455994455992,10,3,2,7.07495741056218,6.1335676625659055
2024-10-31,대구,31.96252129471891,18.670068027210885,1.1,15.0,80.3,1016.9,11.394455994455992,10,3,3,12.604095563139932,10.284467713787086
2024-11-01,대구,27.23205342237062,19.065108514190317,1.2,14.0,94.5,1013.4,13.0,11,3,4,18.670068027210885,11.493827160493828
2024-11-02,대구,15.539655172413793,8.332775919732441,1.6,16.2,83.4,1011.1,18.9,11,3,5,19.065108514190317,10.19
2024-11-03,대구,22.731218697829718,12.55,1.1,14.6,82.5,1016.4,11.394455994455992,11,3,6,8.332775919732441,9.711666666666666
2024-11-04,대구,25.662477558348293,15.035906642728905,1.9,15.2,70.1,1013.6,11.394455994455992,11,3,0,12.55,15.31740614334471
2024-11-05,대구,27.805454545454545,13.797794117647058,2.3,12.4,57.6,1013.7,11.394455994455992,11,3,1,15.035906642728905,7.07495741056218
2024-11-06,대구,21.362676056338028,9.921052631578947,3.0,9.4,39.5,1018.8,11.394455994455992,11,3,2,13.797794117647058,12.604095563139932
2024-11-07,대구,31.978571428571428,17.86583184257603,0.8,9.3,68.9,1023.0,11.394455994455992,11,3,3,9.921052631578947,18.670068027210885
2024-11-08,대구,30.21201413427562,16.615929203539824,1.2,12.4,77.8,1021.7,11.394455994455992,11,3,4,17.86583184257603,19.065108514190317
2024-11-09,대구,20.89799331103679,12.066666666666666,1.7,12.7,82.4,1020.3,11.394455994455992,11,3,5,16.615929203539824,8.332775919732441
2024-11-10,대구,21.798333333333332,12.656093489148581,0.6,12.6,88.1,1016.1,11.394455994455992,11,3,6,12.066666666666666,12.55
2024-11-11,대구,26.87713310580205,15.100511073253832,1.4,13.9,81.6,1013.6,11.394455994455992,11,3,0,12.656093489148581,15.035906642728905
2024-11-12,대구,30.385416666666668,17.875,1.5,13.8,69.6,1012.6,11.394455994455992,11,3,1,15.100511073253832,13.797794117647058
2024-11-13,대구,34.2276707530648,17.477272727272727,1.9,13.1,71.5,1016.6,11.394455994455992,11,3,2,17.875,9.921052631578947
2024-11-14,대구,34.60314685314685,17.82897033158813,1.0,12.8,80.4,1015.0,0.0,11,3,3,17.477272727272727,17.86583184257603
2024-11-15,대구,40.53103448275862,23.58203799654577,0.9,14.6,84.0,1013.1,0.0,11,3,4,17.82897033158813,16.615929203539824
2024-11-16,대구,30.776666666666667,18.6,0.9,16.4,75.5,1010.2,11.394455994455992,11,3,5,23.58203799654577,12.066666666666666
2024-11-17,대구,20.125,11.33,3.0,12.5,50.6,1013.9,0.0,11,3,6,18.6,12.656093489148581
2024-11-18,대구,17.245704467353953,7.470790378006873,2.9,5.0,38.0,1023.9,11.394455994455992,11,3,0,11.33,15.100511073253832
2024-11-19,대구,24.372413793103448,11.994845360824742,0.9,6.6,67.5,1023.3,11.394455994455992,11,3,1,7.470790378006873,17.875
2024-11-20,대구,35.22146507666099,20.51794871794872,1.9,8.6,65.9,1017.1,11.394455994455992,11,3,2,11.994845360824742,17.477272727272727
2024-11-21,대구,48.05892547660312,28.555938037865747,1.2,8.9,71.8,1013.9,11.394455994455992,11,3,3,20.51794871794872,17.82897033158813
2024-11-22,대구,33.045138888888886,19.650434782608695,2.1,8.2,52.8,1015.4,11.394455994455992,11,3,4,28.555938037865747,23.58203799654577
2024-11-23,대구,24.735,14.311666666666667,1.9,5.9,71.5,1021.1,11.394455994455992,11,3,5,19.650434782608695,18.6
2024-11-24,대구,15.69449081803005,8.415692821368948,1.0,8.0,74.5,1023.0,11.394455994455992,11,3,6,14.311666666666667,11.33
2024-11-25,대구,23.61328790459966,13.131175468483816,1.7,9.2,73.5,1019.5,0.2,11,3,0,8.415692821368948,7.470790378006873
2024-11-26,대구,17.49298245614035,8.536971830985916,3.4,9.3,64.5,1005.9,18.3,11,3,1,13.131175468483816,11.994845360824742
2024-11-27,대구,11.541300527240773,5.292253521126761,3.7,5.1,60.9,1006.1,0.0,11,3,2,8.536971830985916,20.51794871794872
2024-11-28,대구,16.15753424657534,7.776831345826235,3.7,6.0,57.8,1004.7,0.0,11,3,3,5.292253521126761,28.555938037865747
2024-11-29,대구,18.349072512647556,9.961214165261383,3.8,5.3,57.0,1005.8,0.0,11,3,4,7.776831345826235,19.650434782608695
2024-11-30,대구,17.528716216216218,7.238983050847458,3.3,7.5,53.9,1008.9,11.394455994455992,11,3,5,9.961214165261383,14.311666666666667
2023-01-08,대전,82.96153846153847,28.233974358974358,0.8,1.2,62.4,1016.7,11.394455994455992,1,4,6,79.12861736334405,25.32051282051282
2023-01-09,대전,70.5448717948718,28.580128205128204,1.4,1.9,62.5,1016.2,0.0,1,4,0,28.233974358974358,10.729372937293729
2023-01-10,대전,55.05573770491803,27.700657894736842,0.9,1.2,55.8,1020.3,11.394455994455992,1,4,1,28.580128205128204,14.411184210526315
2023-01-11,대전,58.31372549019608,34.02333333333333,1.0,2.2,55.0,1018.0,11.394455994455992,1,4,2,27.700657894736842,18.537704918032787
2023-01-12,대전,60.06270627062706,31.225255972696246,0.9,5.1,52.6,1014.0,0.0,1,4,3,34.02333333333333,43.473684210526315
2023-01-13,대전,25.514657980456025,18.681967213114753,1.7,9.0,94.4,1003.3,21.6,1,4,4,31.225255972696246,80.68709677419355
2023-01-14,대전,11.10897435897436,8.893548387096773,1.3,7.3,93.0,1005.3,2.6,1,4,5,18.681967213114753,79.12861736334405
2023-01-15,대전,12.14102564102564,8.035369774919614,2.3,0.4,81.0,1010.3,0.5,1,4,6,8.893548387096773,28.233974358974358
2023-01-16,대전,22.68027210884354,12.990131578947368,2.1,-3.1,58.5,1016.8,0.0,1,4,0,8.035369774919614,28.580128205128204
2023-01-17,대전,30.278145695364238,16.6523178807947,1.2,-2.4,55.1,1018.6,11.394455994455992,1,4,1,12.990131578947368,27.700657894736842
2023-01-18,대전,51.04276315789474,22.17763157894737,1.3,-0.8,61.6,1017.9,0.0,1,4,2,16.6523178807947,34.02333333333333
2023-01-19,대전,59.08974358974359,23.233974358974358,1.5,0.6,56.3,1015.8,0.0,1,4,3,22.17763157894737,31.225255972696246
2023-01-20,대전,76.06774193548387,18.983922829581992,3.4,-1.0,43.1,1019.3,0.2,1,4,4,23.233974358974358,18.681967213114753
2023-01-21,대전,25.772435897435898,11.336538461538462,1.3,-3.3,51.0,1022.2,11.394455994455992,1,4,5,18.983922829581992,8.893548387096773
2023-01-22,대전,30.92948717948718,16.96794871794872,1.0,-0.5,58.1,1017.8,11.394455994455992,1,4,6,11.336538461538462,8.035369774919614
2023-01-23,대전,51.368589743589745,28.602564102564102,2.1,0.6,61.5,1014.7,11.394455994455992,1,4,0,16.96794871794872,12.990131578947368
2023-01-24,대전,26.46794871794872,10.445512820512821,4.4,-10.9,50.8,1020.4,0.0,1,4,1,28.602564102564102,16.6523178807947
2023-01-25,대전,23.5,9.194630872483222,1.4,-11.4,42.9,1022.4,0.0,1,4,2,10.445512820512821,22.17763157894737
2023-01-26,대전,26.91883116883117,16.66883116883117,0.9,-5.8,70.1,1015.7,0.7,1,4,3,9.194630872483222,23.233974358974358
2023-01-27,대전,30.706270627062707,17.099009900990097,2.9,-6.0,55.1,1014.6,0.0,1,4,4,16.66883116883117,18.983922829581992
2023-01-28,대전,28.974358974358974,14.64423076923077,1.4,-5.8,60.4,1014.5,0.0,1,4,5,17.099009900990097,11.336538461538462
2023-01-29,대전,46.31730769230769,15.653846153846153,1.9,-1.1,63.4,1011.8,0.0,1,4,6,14.64423076923077,16.96794871794872
2023-01-30,대전,42.74025974025974,13.9640522875817,1.7,-0.4,42.8,1015.3,11.394455994455992,1,4,0,15.653846153846153,28.602564102564102
2023-01-31,대전,35.34323432343234,15.283828382838283,1.5,2.3,54.8,1010.6,11.394455994455992,1,4,1,13.9640522875817,10.445512820512821
2023-02-01,대전,47.09646302250804,20.397435897435898,3.0,3.1,53.9,1011.2,11.394455994455992,2,4,2,15.283828382838283,9.194630872483222
2023-02-02,대전,46.64473684210526,15.862179487179487,1.5,-1.5,42.8,1018.4,11.394455994455992,2,4,3,20.397435897435898,16.66883116883117
2023-02-03,대전,41.51282051282051,18.26923076923077,1.2,-0.8,41.4,1015.3,11.394455994455992,2,4,4,15.862179487179487,17.099009900990097
2023-02-04,대전,43.0,27.506410256410255,1.2,-0.6,53.8,1017.0,11.394455994455992,2,4,5,18.26923076923077,14.64423076923077
2023-02-05,대전,58.56089743589744,41.08653846153846,0.9,0.7,57.6,1017.0,11.394455994455992,2,4,6,27.506410256410255,15.653846153846153
2023-02-06,대전,72.9311475409836,50.588235294117645,0.8,2.1,52.8,1014.0,11.394455994455992,2,4,0,41.08653846153846,13.9640522875817
2023-02-07,대전,92.64495114006515,66.98064516129033,0.9,2.9,52.5,1012.9,11.394455994455992,2,4,1,50.588235294117645,15.283828382838283
2023-02-08,대전,87.60064935064935,63.74038461538461,1.5,1.8,53.4,1018.4,11.394455994455992,2,4,2,66.98064516129033,20.397435897435898
2023-02-09,대전,46.672077922077925,30.863192182410423,2.8,3.5,54.4,1018.3,1.1,2,4,3,63.74038461538461,15.862179487179487
2023-02-10,대전,23.587662337662337,19.22801302931596,1.2,2.9,83.1,1012.4,3.0,2,4,4,30.863192182410423,18.26923076923077
2023-02-11,대전,48.21739130434783,37.47115384615385,1.0,0.9,83.6,1015.5,11.394455994455992,2,4,5,19.22801302931596,27.506410256410255
2023-02-12,대전,58.645270270270274,44.72990353697749,0.7,1.9,79.3,1013.3,11.394455994455992,2,4,6,37.47115384615385,41.08653846153846
2023-02-13,대전,43.784511784511785,27.362745098039216,1.0,6.3,62.3,1009.6,11.394455994455992,2,4,0,44.72990353697749,50.588235294117645
2023-02-14,대전,51.00327868852459,32.99672131147541,1.3,2.4,53.0,1014.2,11.394455994455992,2,4,1,27.362745098039216,66.98064516129033
2023-02-15,대전,22.359477124183005,13.31270358306189,2.7,3.4,55.6,1020.2,11.394455994455992,2,4,2,32.99672131147541,63.74038461538461
2023-02-16,대전,29.125806451612902,20.187702265372167,2.0,2.7,63.6,1022.3,0.0,2,4,3,13.31270358306189,30.863192182410423
2023-02-17,대전,44.18006430868167,30.678456591639872,0.9,4.2,51.0,1019.1,11.394455994455992,2,4,4,20.187702265372167,19.22801302931596
2023-02-18,대전,57.03583061889251,38.03333333333333,0.6,6.4,55.6,1011.7,0.8,2,4,5,30.678456591639872,37.47115384615385
2023-02-19,대전,39.73615635179153,29.09722222222222,2.5,3.6,59.6,1011.7,0.5,2,4,6,38.03333333333333,44.72990353697749
2023-02-20,대전,38.842443729903536,13.601941747572816,2.5,-0.1,43.4,1018.4,11.394455994455992,2,4,0,29.09722222222222,27.362745098039216
2023-02-21,대전,33.964516129032255,18.096774193548388,1.3,-1.1,35.6,1025.9,11.394455994455992,2,4,1,13.601941747572816,32.99672131147541
2023-02-22,대전,35.291666666666664,21.971153846153847,1.3,2.1,48.9,1021.8,11.394455994455992,2,4,2,18.096774193548388,13.31270358306189
2023-02-23,대전,45.29449838187702,29.141935483870967,1.3,3.4,48.4,1016.1,11.394455994455992,2,4,3,21.971153846153847,20.187702265372167
2023-02-24,대전,64.06711409395973,43.55806451612903,2.1,2.9,49.3,1016.6,11.394455994455992,2,4,4,29.141935483870967,30.678456591639872
2023-02-25,대전,33.63782051282051,16.90705128205128,1.9,0.7,41.5,1023.7,11.394455994455992,2,4,5,43.55806451612903,38.03333333333333
2023-02-26,대전,31.871794871794872,18.977564102564102,1.2,1.9,37.0,1028.3,11.394455994455992,2,4,6,16.90705128205128,29.09722222222222
2023-02-27,대전,40.68300653594771,27.31168831168831,0.9,4.4,38.5,1025.7,11.394455994455992,2,4,0,18.977564102564102,13.601941747572816
2023-02-28,대전,38.66885245901639,25.626623376623378,1.2,5.8,54.3,1019.1,11.394455994455992,2,4,1,27.31168831168831,18.096774193548388
2023-03-01,대전,37.362459546925564,23.42628205128205,2.1,6.6,52.5,1013.9,11.394455994455992,3,1,2,25.626623376623378,21.971153846153847
2023-03-02,대전,49.0224358974359,10.357142857142858,2.8,2.3,25.9,1019.6,11.394455994455992,3,1,3,23.42628205128205,29.141935483870967
2023-03-03,대전,42.3974358974359,15.858064516129032,1.5,4.2,45.9,1020.0,11.394455994455992,3,1,4,10.357142857142858,43.55806451612903
2023-03-04,대전,62.62820512820513,34.955128205128204,1.0,6.4,53.3,1020.5,11.394455994455992,3,1,5,15.858064516129032,16.90705128205128
2023-03-05,대전,76.95114006514657,50.01282051282051,1.0,7.9,41.0,1019.0,11.394455994455992,3,1,6,34.955128205128204,18.977564102564102
2023-03-06,대전,65.75083056478405,39.827922077922075,1.5,8.3,38.6,1015.5,11.394455994455992,3,1,0,50.01282051282051,27.31168831168831
2023-03-07,대전,67.87908496732027,34.58032786885246,1.9,11.9,41.6,1012.5,11.394455994455992,3,1,1,39.827922077922075,25.626623376623378
2023-03-08,대전,58.922077922077925,28.016233766233768,1.7,14.5,34.9,1011.0,11.394455994455992,3,1,2,34.58032786885246,23.42628205128205
2023-03-09,대전,56.76315789473684,31.584158415841586,1.8,13.9,57.3,1007.4,11.394455994455992,3,1,3,28.016233766233768,10.357142857142858
2023-03-10,대전,85.94771241830065,45.29235880398671,1.0,14.3,48.4,1011.1,11.394455994455992,3,1,4,31.584158415841586,15.858064516129032
2023-03-11,대전,88.9326923076923,41.26602564102564,1.1,16.4,33.0,1013.7,11.394455994455992,3,1,5,45.29235880398671,34.955128205128204
2023-03-12,대전,59.75806451612903,21.69551282051282,2.3,6.8,62.1,1012.5,12.4,3,1,6,41.26602564102564,50.01282051282051
2023-03-13,대전,36.85897435897436,9.980707395498392,2.5,3.5,31.6,1014.8,11.394455994455992,3,1,0,21.69551282051282,39.827922077922075
2023-03-14,대전,47.11254019292605,15.782467532467532,1.6,9.4,38.4,1010.5,11.394455994455992,3,1,1,9.980707395498392,34.58032786885246
2023-03-15,대전,37.770967741935486,15.830065359477125,2.4,11.5,56.4,1012.4,11.394455994455992,3,1,2,15.782467532467532,28.016233766233768
2023-03-16,대전,69.39102564102564,13.663461538461538,2.4,6.1,24.4,1020.2,11.394455994455992,3,1,3,15.830065359477125,31.584158415841586
2023-03-17,대전,55.45954692556634,18.099358974358974,0.9,7.3,35.4,1015.1,11.394455994455992,3,1,4,13.663461538461538,45.29235880398671
2023-03-18,대전,56.092948717948715,27.798076923076923,1.9,9.3,32.0,1011.1,11.394455994455992,3,1,5,18.099358974358974,41.26602564102564
2023-03-19,대전,70.64308681672026,43.10897435897436,1.2,8.7,41.4,1012.0,11.394455994455992,3,1,6,27.798076923076923,21.69551282051282
2023-03-20,대전,70.75986842105263,44.59163987138264,1.5,10.6,37.8,1007.8,11.394455994455992,3,1,0,43.10897435897436,9.980707395498392
2023-03-21,대전,57.89423076923077,22.826923076923077,1.1,14.0,32.5,1003.6,11.394455994455992,3,1,1,44.59163987138264,15.782467532467532
2023-03-22,대전,48.72435897435897,23.33974358974359,1.2,17.0,44.9,1001.4,11.394455994455992,3,1,2,22.826923076923077,15.830065359477125
2023-03-23,대전,76.51623376623377,39.91029900332226,1.3,15.0,77.0,998.8,11.4,3,1,3,23.33974358974359,13.663461538461538
2023-03-24,대전,169.82051282051282,32.506410256410255,1.7,12.4,55.0,1007.2,11.394455994455992,3,1,4,39.91029900332226,18.099358974358974
2023-03-25,대전,75.47115384615384,16.53846153846154,2.5,10.8,65.5,1010.4,11.394455994455992,3,1,5,32.506410256410255,27.798076923076923
2023-03-26,대전,54.72435897435897,16.759615384615383,2.2,9.7,36.0,1009.6,11.394455994455992,3,1,6,16.53846153846154,43.10897435897436
2023-03-27,대전,38.90614886731392,17.56774193548387,1.3,7.4,35.5,1014.0,11.394455994455992,3,1,0,16.759615384615383,44.59163987138264
2023-03-28,대전,87.08090614886731,38.241157556270096,1.1,8.7,47.1,1016.0,11.394455994455992,3,1,1,17.56774193548387,22.826923076923077
2023-03-29,대전,75.6025641025641,33.30944625407166,1.3,11.8,43.5,1014.4,11.394455994455992,3,1,2,38.241157556270096,23.33974358974359
2023-03-30,대전,61.98397435897436,27.049668874172184,1.2,14.2,30.3,1011.4,11.394455994455992,3,1,3,33.30944625407166,39.91029900332226
2023-03-31,대전,69.72668810289389,35.506410256410255,1.1,14.7,31.0,1010.2,11.394455994455992,3,1,4,27.049668874172184,32.506410256410255
2023-04-01,대전,66.3301282051282,37.61538461538461,1.3,16.8,30.9,1008.1,11.394455994455992,4,1,5,35.506410256410255,16.53846153846154
2023-04-02,대전,42.271844660194176,27.372990353697748,3.8,16.9,26.8,1011.3,11.394455994455992,4,1,6,37.61538461538461,16.759615384615383
2023-04-03,대전,49.765273311897104,33.561461794019934,3.7,16.8,25.8,1014.2,11.394455994455992,4,1,0,27.372990353697748,17.56774193548387
2023-04-04,대전,21.887459807073956,11.951923076923077,3.0,15.2,50.9,1010.9,7.6,4,1,1,33.561461794019934,38.241157556270096
2023-04-05,대전,16.805194805194805,11.407766990291263,2.5,12.1,91.0,1001.8,18.5,4,1,2,11.951923076923077,33.30944625407166
2023-04-06,대전,63.330798479087456,65.50847457627118,2.0,8.7,88.5,1003.7,4.2,4,1,3,11.407766990291263,27.049668874172184
2023-04-07,대전,75.2062937062937,53.381410256410255,2.4,9.0,60.0,1007.1,0.3,4,1,4,65.50847457627118,35.506410256410255
2023-04-08,대전,41.01923076923077,7.262820512820513,2.8,8.6,44.4,1011.9,11.394455994455992,4,1,5,53.381410256410255,37.61538461538461
2023-04-09,대전,65.60576923076923,13.26923076923077,1.5,10.1,47.0,1011.7,11.394455994455992,4,1,6,7.262820512820513,27.372990353697748
2023-04-10,대전,40.895081967213116,11.770491803278688,1.2,12.6,45.1,1007.7,11.394455994455992,4,1,0,13.26923076923077,33.561461794019934
2023-04-11,대전,41.52442996742671,15.01602564102564,2.6,14.7,65.5,1003.9,0.0,4,1,1,11.770491803278688,11.951923076923077
2023-04-12,대전,251.1290322580645,29.541666666666668,2.0,10.9,30.1,1010.1,11.394455994455992,4,1,2,15.01602564102564,11.407766990291263
2023-04-13,대전,170.29807692307693,27.57328990228013,0.6,13.5,28.8,1009.4,11.394455994455992,4,1,3,29.541666666666668,65.50847457627118
2023-04-14,대전,64.61311475409836,17.15737704918033,0.5,15.1,35.8,1005.1,11.394455994455992,4,1,4,27.57328990228013,53.381410256410255
2023-04-15,대전,46.42628205128205,18.689102564102566,1.0,12.5,74.5,997.2,13.2,4,1,5,17.15737704918033,7.262820512820513
2023-04-16,대전,102.24358974358974,29.09294871794872,1.8,10.9,64.5,998.1,0.0,4,1,6,18.689102564102566,13.26923076923077
2023-04-17,대전,85.4198717948718,25.487179487179485,1.1,13.6,51.3,1007.1,11.394455994455992,4,1,0,29.09294871794872,11.770491803278688
2023-04-18,대전,48.705128205128204,18.673076923076923,0.8,13.8,78.3,1003.3,1.3,4,1,1,25.487179487179485,15.01602564102564
2023-04-19,대전,36.36423841059602,16.17377049180328,1.4,20.2,65.0,1001.6,11.394455994455992,4,1,2,18.673076923076923,29.541666666666668
2023-04-20,대전,33.215017064846414,14.893548387096773,1.3,19.9,69.5,1001.9,11.394455994455992,4,1,3,16.17377049180328,27.57328990228013
2023-04-21,대전,66.875,20.809677419354838,1.8,17.5,61.0,1003.8,0.0,4,1,4,14.893548387096773,17.15737704918033
2023-04-22,대전,231.11858974358975,31.400641025641026,3.5,16.2,30.4,1011.3,11.394455994455992,4,1,5,20.809677419354838,18.689102564102566
2023-04-23,대전,139.87179487179486,24.310897435897434,2.0,15.9,36.4,1014.7,11.394455994455992,4,1,6,31.400641025641026,29.09294871794872
2023-04-24,대전,46.06774193548387,14.310897435897436,3.3,15.0,41.9,1014.8,11.394455994455992,4,1,0,24.310897435897434,25.487179487179485
2023-04-25,대전,23.106451612903225,11.88961038961039,1.4,9.3,74.6,1008.0,1.8,4,1,1,14.310897435897436,18.673076923076923
2023-04-26,대전,30.27062706270627,15.712418300653594,2.4,9.5,66.8,1006.6,11.394455994455992,4,1,2,11.88961038961039,16.17377049180328
2023-04-27,대전,27.354098360655737,14.98360655737705,1.4,12.7,51.5,1012.1,11.394455994455992,4,1,3,15.712418300653594,14.893548387096773
2023-04-28,대전,32.035369774919616,15.53525641025641,1.5,16.2,53.6,1008.3,11.394455994455992,4,1,4,14.98360655737705,20.809677419354838
2023-04-29,대전,32.846905537459286,13.520900321543408,1.9,14.0,81.0,1000.0,7.6,4,1,5,15.53525641025641,31.400641025641026
2023-04-30,대전,44.257234726688104,13.320512820512821,2.8,13.5,57.4,1003.4,11.394455994455992,4,1,6,13.520900321543408,24.310897435897434
2023-05-01,대전,49.55806451612903,19.490384615384617,2.1,14.7,49.6,1009.5,11.394455994455992,5,1,0,13.320512820512821,14.310897435897436
2023-05-02,대전,29.07371794871795,14.087096774193549,1.0,17.0,42.1,1014.3,11.394455994455992,5,1,1,19.490384615384617,11.88961038961039
2023-05-03,대전,35.55194805194805,16.826366559485532,1.5,19.1,46.4,1012.9,11.394455994455992,5,1,2,14.087096774193549,15.712418300653594
2023-05-04,대전,29.52258064516129,15.426282051282051,2.4,20.1,63.0,1005.6,1.8,5,1,3,16.826366559485532,14.98360655737705
2023-05-05,대전,7.4058441558441555,4.964630225080386,0.9,19.0,92.6,995.1,83.3,5,1,4,15.426282051282051,15.53525641025641
2023-05-06,대전,6.464743589743589,3.401294498381877,2.0,15.1,89.3,997.1,38.6,5,1,5,4.964630225080386,13.520900321543408
2023-05-07,대전,30.233974358974358,21.60322580645161,1.8,12.0,66.5,1004.1,0.2,5,1,6,3.401294498381877,13.320512820512821
2023-05-08,대전,32.294117647058826,21.19736842105263,1.2,13.7,59.3,1008.7,11.394455994455992,5,1,0,21.60322580645161,19.490384615384617
2023-05-09,대전,38.524752475247524,23.098039215686274,1.3,16.5,54.8,1008.9,11.394455994455992,5,1,1,21.19736842105263,14.087096774193549
2023-05-10,대전,45.58278145695364,26.701639344262293,0.7,17.3,51.9,1008.9,11.394455994455992,5,1,2,23.098039215686274,16.826366559485532
2023-05-11,대전,40.46229508196721,23.67105263157895,0.8,18.9,45.0,1010.1,11.394455994455992,5,1,3,26.701639344262293,15.426282051282051
2023-05-12,대전,37.09771986970684,20.875409836065575,1.2,18.5,46.4,1009.0,11.394455994455992,5,1,4,23.67105263157895,4.964630225080386
2023-05-13,대전,33.16504854368932,19.032154340836012,1.3,18.2,54.3,1004.9,11.394455994455992,5,1,5,20.875409836065575,3.401294498381877
2023-05-14,대전,22.97077922077922,14.525641025641026,0.7,17.8,51.3,1001.6,11.394455994455992,5,1,6,19.032154340836012,21.60322580645161
2023-05-15,대전,33.435064935064936,19.378205128205128,0.9,20.5,50.9,1000.8,11.394455994455992,5,1,0,14.525641025641026,21.19736842105263
2023-05-16,대전,46.032154340836016,22.32051282051282,1.2,23.5,41.9,1003.4,11.394455994455992,5,1,1,19.378205128205128,23.098039215686274
2023-05-17,대전,40.04516129032258,17.741100323624597,1.3,23.6,44.8,1005.4,11.394455994455992,5,1,2,22.32051282051282,26.701639344262293
2023-05-18,대전,30.763754045307444,17.19614147909968,2.2,19.2,68.0,1003.0,0.0,5,1,3,17.741100323624597,23.67105263157895
2023-05-19,대전,15.443729903536978,8.657051282051283,2.0,20.8,61.9,1001.3,11.394455994455992,5,1,4,17.19614147909968,20.875409836065575
2023-05-20,대전,22.672025723472668,14.17363344051447,1.7,20.6,66.6,1003.1,11.394455994455992,5,1,5,8.657051282051283,19.032154340836012
2023-05-21,대전,40.12820512820513,13.102893890675242,2.1,18.3,69.1,1002.1,11.394455994455992,5,1,6,14.17363344051447,14.525641025641026
2023-05-22,대전,143.78205128205127,28.983974358974358,0.4,17.5,67.8,1000.8,5.7,5,1,0,13.102893890675242,19.378205128205128
2023-05-23,대전,54.39102564102564,18.30128205128205,0.7,18.5,62.5,1002.8,11.394455994455992,5,1,1,28.983974358974358,22.32051282051282
2023-05-24,대전,45.45192307692308,19.682692307692307,0.6,19.9,54.8,1006.8,11.394455994455992,5,1,2,18.30128205128205,17.741100323624597
2023-05-25,대전,38.38461538461539,14.503205128205128,0.9,21.3,45.0,1008.4,11.394455994455992,5,1,3,19.682692307692307,17.19614147909968
2023-05-26,대전,28.794212218649516,13.26602564102564,0.7,21.8,52.9,1010.3,0.0,5,1,4,14.503205128205128,8.657051282051283
2023-05-27,대전,33.938709677419354,18.067307692307693,0.2,20.8,79.0,1009.4,0.6,5,1,5,13.26602564102564,14.17363344051447
2023-05-28,대전,14.067307692307692,7.330128205128205,1.0,20.2,91.8,1005.0,34.7,5,1,6,18.067307692307693,13.102893890675242
2023-05-29,대전,7.798076923076923,3.0487012987012987,0.9,20.4,89.3,1002.5,28.0,5,1,0,7.330128205128205,28.983974358974358
2023-05-30,대전,15.935064935064934,6.147435897435898,2.3,21.6,73.0,1002.4,11.394455994455992,5,1,1,3.0487012987012987,18.30128205128205
2023-05-31,대전,20.42258064516129,9.5487012987013,2.3,22.3,53.6,1002.8,11.394455994455992,5,1,2,6.147435897435898,19.682692307692307
2023-06-01,대전,29.54193548387097,18.060897435897434,1.0,22.4,63.9,998.3,11.394455994455992,6,2,3,9.5487012987013,14.503205128205128
2023-06-02,대전,32.348387096774196,17.96474358974359,1.7,21.9,67.8,995.0,0.0,6,2,4,18.060897435897434,13.26602564102564
2023-06-03,대전,29.576051779935273,14.067961165048544,1.8,21.9,51.6,1001.0,11.394455994455992,6,2,5,17.96474358974359,18.067307692307693
2023-06-04,대전,25.887096774193548,14.187702265372168,2.1,22.6,50.1,1003.3,11.394455994455992,6,2,6,14.067961165048544,7.330128205128205
2023-06-05,대전,26.31578947368421,15.387096774193548,1.9,21.5,59.3,1003.8,11.394455994455992,6,2,0,14.187702265372168,3.0487012987012987
2023-06-06,대전,21.872964169381106,12.892857142857142,1.2,21.4,62.1,999.8,11.394455994455992,6,2,1,15.387096774193548,6.147435897435898
2023-06-07,대전,28.818181818181817,17.057877813504824,1.6,21.7,68.0,1001.2,11.394455994455992,6,2,2,12.892857142857142,9.5487012987013
2023-06-08,대전,24.693548387096776,14.540192926045016,1.4,22.3,69.6,996.8,0.3,6,2,3,17.057877813504824,18.060897435897434
2023-06-09,대전,25.716129032258063,14.703225806451613,0.9,23.2,56.8,996.3,0.3,6,2,4,14.540192926045016,17.96474358974359
2023-06-10,대전,26.73076923076923,16.74516129032258,1.3,23.3,63.1,997.2,1.3,6,2,5,14.703225806451613,14.067961165048544
2023-06-11,대전,21.038585209003216,14.881028938906752,1.1,23.5,67.5,997.4,0.0,6,2,6,16.74516129032258,14.187702265372168
2023-06-12,대전,24.38486842105263,15.186885245901639,0.8,23.3,65.0,997.7,11.394455994455992,6,2,0,14.881028938906752,15.387096774193548
2023-06-13,대전,27.06291390728477,17.085808580858085,1.3,22.8,64.0,996.7,11.394455994455992,6,2,1,15.186885245901639,12.892857142857142
2023-06-14,대전,23.74013157894737,15.57843137254902,1.1,22.6,60.8,998.1,11.394455994455992,6,2,2,17.085808580858085,17.057877813504824
2023-06-15,대전,28.48184818481848,19.179738562091504,1.3,22.3,63.9,1001.0,11.394455994455992,6,2,3,15.57843137254902,14.540192926045016
2023-06-16,대전,29.873333333333335,19.681967213114753,1.1,24.4,57.3,1005.4,11.394455994455992,6,2,4,19.179738562091504,14.703225806451613
2023-06-17,대전,31.66216216216216,21.433224755700326,0.9,25.0,54.3,1005.0,11.394455994455992,6,2,5,19.681967213114753,16.74516129032258
2023-06-18,대전,29.29032258064516,19.468852459016393,0.9,26.1,50.4,999.7,11.394455994455992,6,2,6,21.433224755700326,14.881028938906752
2023-06-19,대전,39.65695792880259,25.17799352750809,2.7,27.0,51.6,998.7,11.394455994455992,6,2,0,19.468852459016393,15.186885245901639
2023-06-20,대전,23.80128205128205,12.200647249190938,3.9,23.7,61.0,996.7,2.9,6,2,1,25.17799352750809,17.085808580858085
2023-06-21,대전,19.19614147909968,11.498371335504887,1.3,21.3,87.1,993.6,1.6,6,2,2,12.200647249190938,15.57843137254902
2023-06-22,대전,20.496774193548386,13.212903225806452,2.1,22.9,69.3,996.6,11.394455994455992,6,2,3,11.498371335504887,19.179738562091504
2023-06-23,대전,23.508038585209004,16.5,0.9,25.7,61.3,1001.5,11.394455994455992,6,2,4,13.212903225806452,19.681967213114753
2023-06-24,대전,25.948051948051948,18.86084142394822,1.4,27.1,59.9,1005.8,11.394455994455992,6,2,5,16.5,21.433224755700326
2023-06-25,대전,22.635483870967743,15.659163987138264,2.8,26.7,58.0,1004.0,0.0,6,2,6,18.86084142394822,19.468852459016393
2023-06-26,대전,10.10064935064935,6.084967320261438,2.0,23.8,89.8,999.5,54.5,6,2,0,15.659163987138264,25.17799352750809
2023-06-27,대전,19.386363636363637,11.35016835016835,2.3,26.1,70.8,1001.3,25.3,6,2,1,6.084967320261438,12.200647249190938
2023-06-28,대전,18.173076923076923,9.667741935483871,1.5,24.1,78.8,1000.6,5.7,6,2,2,11.35016835016835,11.498371335504887
2023-06-29,대전,25.334405144694532,14.54983922829582,1.6,24.6,88.1,994.3,50.8,6,2,3,9.667741935483871,13.212903225806452
2023-06-30,대전,11.906451612903226,5.511254019292605,1.1,24.2,90.5,993.1,4.8,6,2,4,14.54983922829582,16.5
2023-07-01,대전,22.6084142394822,11.151943462897526,0.5,27.3,75.6,998.1,11.394455994455992,7,2,5,5.511254019292605,18.86084142394822
2023-07-02,대전,28.445901639344264,19.867346938775512,0.6,27.5,73.5,1000.7,11.394455994455992,7,2,6,11.151943462897526,15.659163987138264
2023-07-03,대전,32.921052631578945,21.348387096774193,1.5,28.4,71.0,997.8,11.394455994455992,7,2,0,19.867346938775512,6.084967320261438
2023-07-04,대전,18.537216828478964,11.86084142394822,1.7,24.7,87.3,993.1,80.2,7,2,1,21.348387096774193,11.35016835016835
2023-07-05,대전,20.974025974025974,12.113636363636363,2.1,24.3,77.8,989.2,27.7,7,2,2,11.86084142394822,9.667741935483871
2023-07-06,대전,39.061290322580646,15.403846153846153,1.3,26.4,59.8,995.0,11.394455994455992,7,2,3,12.113636363636363,14.54983922829582
2023-07-07,대전,25.138263665594856,11.736334405144694,1.1,21.6,87.6,995.1,68.7,7,2,4,15.403846153846153,5.511254019292605
2023-07-08,대전,11.074433656957929,6.973063973063973,0.7,23.9,85.6,995.1,2.6,7,2,5,11.736334405144694,11.151943462897526
2023-07-09,대전,24.862745098039216,14.913333333333334,1.2,26.4,81.6,995.3,0.1,7,2,6,6.973063973063973,19.867346938775512
2023-07-10,대전,21.037037037037038,13.351791530944626,1.8,26.5,74.8,996.8,36.2,7,2,0,14.913333333333334,21.348387096774193
2023-07-11,대전,17.04823151125402,9.087096774193549,0.9,23.6,89.0,998.4,39.6,7,2,1,13.351791530944626,11.86084142394822
2023-07-12,대전,22.11881188118812,12.535483870967742,1.2,26.7,81.4,997.9,7.8,7,2,2,9.087096774193549,12.113636363636363
2023-07-13,대전,22.337704918032788,11.37828947368421,1.3,25.2,90.0,996.9,9.5,7,2,3,12.535483870967742,15.403846153846153
2023-07-14,대전,7.073717948717949,3.9245901639344263,2.7,24.2,94.5,992.1,221.8,7,2,4,11.37828947368421,11.736334405144694
2023-07-15,대전,10.461290322580645,5.6480263157894735,2.3,23.2,93.0,994.4,105.6,7,2,5,3.9245901639344263,6.973063973063973
2023-07-16,대전,18.65273311897106,8.458333333333334,0.7,24.3,88.5,1000.3,1.5,7,2,6,5.6480263157894735,14.913333333333334
2023-07-17,대전,10.46830985915493,5.045138888888889,1.1,25.4,87.0,1004.3,30.9,7,2,0,8.458333333333334,13.351791530944626
2023-07-18,대전,7.421455938697318,2.871212121212121,0.9,23.0,94.4,1003.0,73.0,7,2,1,5.045138888888889,9.087096774193549
2023-07-19,대전,18.51127819548872,9.46987951807229,0.9,26.0,78.0,999.9,11.394455994455992,7,2,2,2.871212121212121,12.535483870967742
2023-07-20,대전,44.04545454545455,30.43951612903226,1.3,26.8,75.8,1001.6,11.394455994455992,7,2,3,9.46987951807229,11.37828947368421
2023-07-21,대전,42.820689655172416,30.836734693877553,1.1,27.6,75.0,1004.2,11.394455994455992,7,2,4,30.43951612903226,3.9245901639344263
2023-07-22,대전,19.895424836601308,13.229773462783172,2.4,25.3,78.4,1004.7,1.0,7,2,5,30.836734693877553,5.6480263157894735
2023-07-23,대전,11.465798045602606,6.078431372549019,0.7,24.8,89.4,1001.1,20.2,7,2,6,13.229773462783172,8.458333333333334
2023-07-24,대전,11.21476510067114,4.875420875420875,0.9,26.1,82.3,1001.6,5.1,7,2,0,6.078431372549019,5.045138888888889
2023-07-25,대전,13.829268292682928,5.6223776223776225,1.2,25.1,88.0,1005.7,9.1,7,2,1,4.875420875420875,2.871212121212121
2023-07-26,대전,14.066176470588236,5.3963636363636365,1.0,25.9,83.8,1007.4,3.7,7,2,2,5.6223776223776225,9.46987951807229
2023-07-27,대전,15.784615384615385,7.422053231939164,0.4,27.5,76.8,1006.9,0.3,7,2,3,5.3963636363636365,30.43951612903226
2023-07-28,대전,23.387096774193548,14.381818181818181,0.3,28.4,76.1,1006.5,0.1,7,2,4,7.422053231939164,30.836734693877553
2023-07-29,대전,32.306666666666665,22.23843416370107,1.4,29.5,70.3,1006.6,11.394455994455992,7,2,5,14.381818181818181,13.229773462783172
2023-07-30,대전,30.132450331125828,21.647686832740213,1.2,27.4,80.3,1005.6,31.6,7,2,6,22.23843416370107,6.078431372549019
2023-07-31,대전,32.10489510489511,22.233576642335766,0.9,27.8,77.4,1005.0,11.394455994455992,7,2,0,21.647686832740213,4.875420875420875
2023-08-01,대전,35.59230769230769,25.07751937984496,0.4,29.5,70.4,1002.7,11.394455994455992,8,2,1,22.233576642335766,5.6223776223776225
2023-08-02,대전,35.958174904942965,25.279693486590038,0.7,29.1,72.6,1000.3,0.0,8,2,2,25.07751937984496,5.3963636363636365
2023-08-03,대전,24.596153846153847,15.48046875,0.8,29.2,67.5,998.6,11.394455994455992,8,2,3,25.279693486590038,7.422053231939164
2023-08-04,대전,25.31205673758865,15.773381294964029,0.6,29.6,70.3,996.8,11.394455994455992,8,2,4,15.48046875,14.381818181818181
2023-08-05,대전,29.42904290429043,19.739549839228296,1.0,30.0,67.1,993.2,11.394455994455992,8,2,5,15.773381294964029,22.23843416370107
2023-08-06,대전,18.57792207792208,12.306451612903226,0.9,29.5,71.4,990.5,6.3,8,2,6,19.739549839228296,21.647686832740213
2023-08-07,대전,13.512280701754387,7.177083333333333,1.9,29.7,70.4,991.6,11.394455994455992,8,2,0,12.306451612903226,22.233576642335766
2023-08-08,대전,12.011406844106464,6.443181818181818,2.5,30.1,66.6,994.3,11.394455994455992,8,2,1,7.177083333333333,25.07751937984496
2023-08-09,대전,11.184027777777779,5.610108303249097,2.4,26.4,79.5,995.2,45.4,8,2,2,6.443181818181818,25.279693486590038
2023-08-10,대전,3.496794871794872,2.293103448275862,4.6,21.3,93.8,987.7,143.3,8,2,3,5.610108303249097,15.48046875
2023-08-11,대전,21.03846153846154,10.20136518771331,2.3,25.3,80.4,993.2,8.0,8,2,4,2.293103448275862,15.773381294964029
2023-08-12,대전,23.02258064516129,13.99,0.8,24.2,83.6,996.7,3.7,8,2,5,10.20136518771331,19.739549839228296
2023-08-13,대전,29.035369774919616,19.18211920529801,0.6,26.8,78.9,997.1,11.394455994455992,8,2,6,13.99,12.306451612903226
2023-08-14,대전,31.35472972972973,20.4983164983165,0.7,28.1,74.0,998.0,11.394455994455992,8,2,0,19.18211920529801,7.177083333333333
2023-08-15,대전,31.333333333333332,18.73139158576052,0.7,28.1,73.1,996.9,11.394455994455992,8,2,1,20.4983164983165,6.443181818181818
2023-08-16,대전,31.92280701754386,20.006644518272424,0.6,27.7,72.0,996.4,11.394455994455992,8,2,2,18.73139158576052,5.610108303249097
2023-08-17,대전,20.83164983164983,12.791390728476822,0.8,26.1,80.5,997.4,1.5,8,2,3,20.006644518272424,2.293103448275862
2023-08-18,대전,19.161184210526315,12.558219178082192,1.5,28.3,72.9,999.2,0.2,8,2,4,12.791390728476822,10.20136518771331
2023-08-19,대전,13.898692810457517,9.666666666666666,0.9,28.2,72.4,1002.1,11.394455994455992,8,2,5,12.558219178082192,13.99
2023-08-20,대전,25.033112582781456,16.60260586319218,1.2,28.1,71.1,1003.5,11.394455994455992,8,2,6,9.666666666666666,19.18211920529801
2023-08-21,대전,15.634057971014492,10.587813620071685,1.3,29.2,69.6,1000.3,11.394455994455992,8,2,0,16.60260586319218,20.4983164983165
2023-08-22,대전,17.454545454545453,12.195652173913043,1.3,27.6,73.3,997.2,1.5,8,2,1,10.587813620071685,18.73139158576052
2023-08-23,대전,12.614147909967846,7.557894736842106,0.9,26.7,83.0,997.4,22.8,8,2,2,12.195652173913043,20.006644518272424
2023-08-24,대전,9.53763440860215,5.355212355212355,0.1,25.5,89.1,998.3,44.3,8,2,3,7.557894736842106,12.791390728476822
2023-08-25,대전,18.309608540925268,9.273764258555133,1.4,26.2,70.3,1000.6,11.394455994455992,8,2,4,5.355212355212355,12.558219178082192
2023-08-26,대전,31.364516129032257,18.48220064724919,0.7,25.0,74.8,1002.0,11.394455994455992,8,2,5,9.273764258555133,9.666666666666666
2023-08-27,대전,29.470967741935485,20.266025641025642,1.1,26.2,71.8,1000.7,11.394455994455992,8,2,6,18.48220064724919,16.60260586319218
2023-08-28,대전,15.73913043478261,9.028070175438597,4.0,26.1,73.5,999.1,11.394455994455992,8,2,0,20.266025641025642,10.587813620071685
2023-08-29,대전,13.003389830508475,7.791519434628976,1.6,24.8,86.3,998.5,5.5,8,2,1,9.028070175438597,12.195652173913043
2023-08-30,대전,11.721153846153847,5.703703703703703,0.6,21.1,93.9,1002.0,44.4,8,2,2,7.791519434628976,7.557894736842106
2023-08-31,대전,19.16025641025641,9.457875457875458,0.7,22.5,81.3,1003.2,11.394455994455992,8,2,3,5.703703703703703,5.355212355212355
2023-09-01,대전,30.275974025974026,17.43262411347518,1.1,23.1,72.8,1004.4,11.394455994455992,9,3,4,9.457875457875458,9.273764258555133
2023-09-02,대전,25.280645161290323,16.314102564102566,1.5,24.6,70.8,1004.1,0.0,9,3,5,17.43262411347518,18.48220064724919
2023-09-03,대전,11.47266881028939,7.248387096774193,1.5,27.0,74.5,1004.4,11.394455994455992,9,3,6,16.314102564102566,20.266025641025642
2023-09-04,대전,14.863309352517986,8.924731182795698,1.2,27.4,75.3,1004.2,11.394455994455992,9,3,0,7.248387096774193,9.028070175438597
2023-09-05,대전,14.186813186813186,7.63448275862069,1.6,26.9,66.8,1003.9,11.394455994455992,9,3,1,8.924731182795698,7.791519434628976
2023-09-06,대전,15.732899022801304,8.429967426710098,1.2,26.0,67.6,1004.2,11.394455994455992,9,3,2,7.63448275862069,5.703703703703703
2023-09-07,대전,17.47482014388489,8.852517985611511,2.3,25.0,60.0,1006.8,11.394455994455992,9,3,3,8.429967426710098,9.457875457875458
2023-09-08,대전,16.263537906137184,7.916058394160584,1.4,23.3,61.3,1005.6,11.394455994455992,9,3,4,8.852517985611511,17.43262411347518
2023-09-09,대전,22.238709677419354,13.221153846153847,0.9,24.1,67.6,1003.5,11.394455994455992,9,3,5,7.916058394160584,16.314102564102566
2023-09-10,대전,23.720257234726688,15.471153846153847,0.9,24.9,68.6,1002.6,11.394455994455992,9,3,6,13.221153846153847,7.248387096774193
2023-09-11,대전,32.247588424437296,20.259615384615383,0.8,25.2,68.8,1002.0,11.394455994455992,9,3,0,15.471153846153847,8.924731182795698
2023-09-12,대전,28.701923076923077,17.783870967741937,0.6,24.5,71.4,1003.2,11.394455994455992,9,3,1,20.259615384615383,7.63448275862069
2023-09-13,대전,20.85576923076923,13.647058823529411,0.8,21.0,91.8,1003.9,27.5,9,3,2,17.783870967741937,8.429967426710098
2023-09-14,대전,9.652733118971062,4.819354838709677,0.9,22.1,87.1,1004.9,5.9,9,3,3,13.647058823529411,8.852517985611511
2023-09-15,대전,8.144694533762058,3.922829581993569,2.0177358490566037,21.9,93.5,1005.8,15.1,9,3,4,4.819354838709677,7.916058394160584
2023-09-16,대전,10.30225080385852,4.625,1.0,22.5,93.8,1004.3,58.9,9,3,5,3.922829581993569,13.221153846153847
2023-09-17,대전,11.471153846153847,4.770226537216828,0.8,24.4,83.4,1002.9,0.0,9,3,6,4.625,15.471153846153847
2023-09-18,대전,12.237942122186496,5.474193548387097,1.2,24.5,79.6,1005.0,2.2,9,3,0,4.770226537216828,20.259615384615383
2023-09-19,대전,26.218649517684888,14.365384615384615,0.8,23.6,78.8,1006.7,11.394455994455992,9,3,1,5.474193548387097,17.783870967741937
2023-09-20,대전,30.137820512820515,18.739549839228296,1.9,20.9,93.1,1001.4,152.7,9,3,2,14.365384615384615,13.647058823529411
2023-09-21,대전,11.10897435897436,4.384615384615385,1.6,18.4,89.3,1003.2,3.0,9,3,3,18.739549839228296,4.819354838709677
2023-09-22,대전,19.512820512820515,9.092948717948717,1.0,18.6,79.8,1008.4,11.394455994455992,9,3,4,4.384615384615385,3.922829581993569
2023-09-23,대전,17.115755627009648,9.064102564102564,1.6,19.5,72.9,1011.9,11.394455994455992,9,3,5,9.092948717948717,4.625
2023-09-24,대전,11.878205128205128,4.371794871794871,3.0,21.1,58.4,1011.8,11.394455994455992,9,3,6,9.064102564102564,4.770226537216828
2023-09-25,대전,13.9512987012987,5.954545454545454,1.6,21.4,74.0,1008.4,4.0,9,3,0,4.371794871794871,5.474193548387097
2023-09-26,대전,9.83974358974359,5.891025641025641,1.3,20.4,94.0,1005.1,35.2,9,3,1,5.954545454545454,14.365384615384615
2023-09-27,대전,11.506410256410257,5.35048231511254,1.4,21.5,89.0,1004.0,1.4,9,3,2,5.891025641025641,18.739549839228296
2023-09-28,대전,32.48874598070739,18.874598070739548,1.4,22.2,74.5,1006.5,11.394455994455992,9,3,3,5.35048231511254,4.384615384615385
2023-09-29,대전,46.543408360128616,27.305466237942124,1.0,20.2,74.3,1006.6,11.394455994455992,9,3,4,18.874598070739548,9.092948717948717
2023-09-30,대전,19.28205128205128,10.131410256410257,1.4,18.6,77.3,1004.4,4.3,9,3,5,27.305466237942124,9.064102564102564
2023-10-01,대전,21.831715210355988,7.782051282051282,1.8,17.8,60.9,1007.0,11.394455994455992,10,3,6,10.131410256410257,4.371794871794871
2023-10-02,대전,16.335483870967742,8.798076923076923,1.3,16.7,65.5,1010.6,11.394455994455992,10,3,0,7.782051282051282,5.954545454545454
2023-10-03,대전,16.932692307692307,9.836538461538462,0.8,15.2,79.5,1010.0,11.394455994455992,10,3,1,8.798076923076923,5.891025641025641
2023-10-04,대전,19.938906752411576,11.128205128205128,1.5,17.8,71.4,1006.7,11.394455994455992,10,3,2,9.836538461538462,5.35048231511254
2023-10-05,대전,37.68910256410256,6.490384615384615,2.9,14.5,42.6,1009.0,11.394455994455992,10,3,3,11.128205128205128,18.874598070739548
2023-10-06,대전,22.805825242718445,10.64401294498382,1.2,15.0,57.0,1011.6,11.394455994455992,10,3,4,6.490384615384615,27.305466237942124
2023-10-07,대전,22.358974358974358,12.698717948717949,1.4,15.7,70.9,1014.1,11.394455994455992,10,3,5,10.64401294498382,10.131410256410257
2023-10-08,대전,10.884615384615385,4.839228295819936,1.8,17.2,64.8,1014.5,11.394455994455992,10,3,6,12.698717948717949,7.782051282051282
2023-10-09,대전,14.099358974358974,7.141479099678457,1.2,17.3,70.0,1011.9,11.394455994455992,10,3,0,4.839228295819936,8.798076923076923
2023-10-10,대전,22.914473684210527,12.98397435897436,1.2,16.5,72.3,1013.1,11.394455994455992,10,3,1,7.141479099678457,9.836538461538462
2023-10-11,대전,24.467741935483872,13.221153846153847,1.5,16.6,65.4,1016.4,11.394455994455992,10,3,2,12.98397435897436,11.128205128205128
2023-10-12,대전,22.916129032258066,12.092948717948717,1.0,16.1,64.9,1016.3,11.394455994455992,10,3,3,13.221153846153847,6.490384615384615
2023-10-13,대전,26.73139158576052,15.125,1.0,16.4,69.9,1010.0,11.394455994455992,10,3,4,12.092948717948717,10.64401294498382
2023-10-14,대전,27.173633440514468,18.01923076923077,1.3,15.3,75.5,1002.7,0.0,10,3,5,15.125,12.698717948717949
2023-10-15,대전,20.64951768488746,13.279220779220779,1.5,15.1,75.6,1003.7,11.394455994455992,10,3,6,18.01923076923077,4.839228295819936
2023-10-16,대전,33.233552631578945,13.81063122923588,1.7,14.7,64.5,1007.8,11.394455994455992,10,3,0,13.279220779220779,7.141479099678457
2023-10-17,대전,24.4635761589404,9.64026402640264,0.8,13.3,63.8,1011.8,11.394455994455992,10,3,1,13.81063122923588,12.98397435897436
2023-10-18,대전,25.67100977198697,13.019480519480519,1.3,14.8,65.6,1011.9,11.394455994455992,10,3,2,9.64026402640264,13.221153846153847
2023-10-19,대전,23.47019867549669,13.781456953642385,1.3,15.2,85.9,1008.3,11.1,10,3,3,13.019480519480519,12.092948717948717
2023-10-20,대전,15.454545454545455,4.9188311688311686,2.8,11.8,60.5,1009.7,1.1,10,3,4,13.781456953642385,15.125
2023-10-21,대전,17.612179487179485,6.217948717948718,1.9,10.6,59.8,1013.1,0.0,10,3,5,4.9188311688311686,18.01923076923077
2023-10-22,대전,19.21474358974359,7.743589743589744,1.0,11.8,68.5,1015.7,11.394455994455992,10,3,6,6.217948717948718,13.279220779220779
2023-10-23,대전,25.19871794871795,12.525641025641026,0.8,13.7,75.5,1015.0,11.394455994455992,10,3,0,7.743589743589744,13.81063122923588
2023-10-24,대전,28.123778501628664,17.291666666666668,1.0,14.0,77.1,1012.6,0.0,10,3,1,12.525641025641026,9.64026402640264
2023-10-25,대전,32.62828947368421,19.835483870967742,0.9,15.7,74.9,1010.4,11.394455994455992,10,3,2,17.291666666666668,13.019480519480519
2023-10-26,대전,45.11363636363637,29.706451612903226,1.7,16.6,77.5,1007.4,11.394455994455992,10,3,3,19.835483870967742,13.781456953642385
2023-10-27,대전,52.77993527508091,25.714285714285715,1.2,14.3,71.1,1007.1,11.394455994455992,10,3,4,29.706451612903226,4.9188311688311686
2023-10-28,대전,42.63106796116505,23.155844155844157,1.0,13.3,74.1,1010.7,11.394455994455992,10,3,5,25.714285714285715,6.217948717948718
2023-10-29,대전,31.361290322580643,18.873376623376622,0.9,13.3,70.8,1013.7,11.394455994455992,10,3,6,23.155844155844157,7.743589743589744
2023-10-30,대전,38.154340836012864,22.78205128205128,0.9,14.1,72.1,1014.7,11.394455994455992,10,3,0,18.873376623376622,12.525641025641026
2023-10-31,대전,43.561688311688314,25.46153846153846,1.2,14.8,67.6,1014.4,11.394455994455992,10,3,1,22.78205128205128,17.291666666666668
2023-11-01,대전,41.0328947368421,21.951612903225808,1.8,18.1,68.8,1010.9,11.394455994455992,11,3,2,25.46153846153846,19.835483870967742
2023-11-02,대전,33.564516129032256,15.533762057877814,1.8,19.6,59.1,1009.7,11.394455994455992,11,3,3,21.951612903225808,29.706451612903226
2023-11-03,대전,30.798045602605864,16.208333333333332,1.7,19.3,69.4,1008.4,11.394455994455992,11,3,4,15.533762057877814,25.714285714285715
2023-11-04,대전,25.864951768488744,15.538461538461538,1.8,18.8,81.0,1012.2,0.0,11,3,5,16.208333333333332,23.155844155844157
2023-11-05,대전,19.84039087947883,13.035598705501618,3.1,19.3,75.4,1008.5,7.5,11,3,6,15.538461538461538,18.873376623376622
2023-11-06,대전,25.39016393442623,7.245098039215686,3.3,15.5,64.9,1000.9,11.5,11,3,0,13.035598705501618,22.78205128205128
2023-11-07,대전,22.74013157894737,7.248387096774193,2.8,8.3,55.1,1013.5,0.0,11,3,1,7.245098039215686,25.46153846153846
2023-11-08,대전,22.30718954248366,10.633663366336634,1.0,8.4,60.4,1014.5,11.394455994455992,11,3,2,7.248387096774193,21.951612903225808
2023-11-09,대전,31.58360655737705,16.483766233766232,1.0,11.5,73.8,1012.3,8.3,11,3,3,10.633663366336634,15.533762057877814
2023-11-10,대전,20.633116883116884,9.70684039087948,2.5,5.7,49.8,1017.1,0.3,11,3,4,16.483766233766232,16.208333333333332
2023-11-11,대전,24.045161290322582,13.307692307692308,1.4,1.7,54.4,1020.6,11.394455994455992,11,3,5,9.70684039087948,15.538461538461538
2023-11-12,대전,20.625,12.85209003215434,1.3,1.7,61.5,1019.5,11.394455994455992,11,3,6,13.307692307692308,13.035598705501618
2023-11-13,대전,21.145631067961165,12.337662337662337,1.7,2.4,58.3,1020.2,11.394455994455992,11,3,0,12.85209003215434,7.245098039215686
2023-11-14,대전,24.283870967741937,13.374592833876221,1.1,5.5,67.0,1018.9,11.394455994455992,11,3,1,12.337662337662337,7.248387096774193
2023-11-15,대전,41.94155844155844,28.220394736842106,1.3,7.0,68.5,1019.8,11.394455994455992,11,3,2,13.374592833876221,10.633663366336634
2023-11-16,대전,40.61513157894737,31.891803278688524,1.0,5.3,88.1,1012.3,7.5,11,3,3,28.220394736842106,16.483766233766232
2023-11-17,대전,14.141479099678456,7.362179487179487,2.4,2.5,71.8,1006.5,1.0,11,3,4,31.891803278688524,9.70684039087948
2023-11-18,대전,19.270358306188925,10.516129032258064,2.4,1.6,67.6,1010.7,0.8,11,3,5,7.362179487179487,13.307692307692308
2023-11-19,대전,35.9935691318328,17.733974358974358,1.8,7.8,67.6,1010.3,11.394455994455992,11,3,6,10.516129032258064,12.85209003215434
2023-11-20,대전,30.501618122977348,15.655948553054662,1.2,6.0,58.4,1015.7,11.394455994455992,11,3,0,17.733974358974358,12.337662337662337
2023-11-21,대전,32.019354838709674,17.362459546925567,0.9,6.2,58.4,1014.0,11.394455994455992,11,3,1,15.655948553054662,13.374592833876221
2023-11-22,대전,32.329032258064515,18.56451612903226,1.2,7.9,72.6,1009.3,11.394455994455992,11,3,2,17.362459546925567,28.220394736842106
2023-11-23,대전,63.35897435897436,27.85483870967742,2.5,12.8,59.0,1006.3,11.394455994455992,11,3,3,18.56451612903226,31.891803278688524
2023-11-24,대전,16.810289389067524,7.207119741100324,3.5,1.2,47.3,1020.3,11.394455994455992,11,3,4,27.85483870967742,7.362179487179487
2023-11-25,대전,18.430868167202572,9.389067524115756,1.4,-1.2,38.0,1024.2,11.394455994455992,11,3,5,7.207119741100324,10.516129032258064
2023-11-26,대전,23.324758842443728,15.570967741935483,0.9,4.2,49.9,1016.9,0.4,11,3,6,9.389067524115756,17.733974358974358
2023-11-27,대전,23.294871794871796,14.875,1.5,7.0,82.1,1007.1,3.0,11,3,0,15.570967741935483,15.655948553054662
2023-11-28,대전,30.662379421221864,16.556270096463024,2.6,3.4,59.4,1013.4,11.394455994455992,11,3,1,14.875,17.362459546925567
2023-11-29,대전,25.27831715210356,15.6,1.9,2.4,66.8,1016.9,0.0,11,3,2,16.556270096463024,18.56451612903226
2023-11-30,대전,18.690322580645162,8.129032258064516,2.4,-2.1,49.8,1020.7,0.0,11,3,3,15.6,27.85483870967742
2023-12-01,대전,23.444444444444443,12.643333333333333,1.9,-1.7,58.8,1018.4,11.394455994455992,12,4,4,8.129032258064516,7.207119741100324
2023-12-02,대전,28.897435897435898,16.913194444444443,1.3,2.8,61.4,1017.4,0.0,12,4,5,12.643333333333333,9.389067524115756
2023-12-03,대전,34.21864951768489,20.01360544217687,1.5,2.7,49.4,1018.5,11.394455994455992,12,4,6,16.913194444444443,15.570967741935483
2023-12-04,대전,39.76158940397351,24.003257328990227,1.0,2.3,60.4,1014.2,11.394455994455992,12,4,0,20.01360544217687,14.875
2023-12-05,대전,47.388888888888886,29.676470588235293,0.8,3.6,65.6,1009.9,11.394455994455992,12,4,1,24.003257328990227,16.556270096463024
2023-12-06,대전,72.75675675675676,51.798701298701296,1.7,6.0,73.6,1003.3,5.3,12,4,2,29.676470588235293,15.6
2023-12-07,대전,60.89320388349515,13.932258064516128,2.0,6.3,55.6,1008.2,11.394455994455992,12,4,3,51.798701298701296,8.129032258064516
2023-12-08,대전,75.63071895424837,21.431372549019606,1.9,10.6,62.5,1006.6,11.394455994455992,12,4,4,13.932258064516128,12.643333333333333
2023-12-09,대전,58.46474358974359,24.169871794871796,1.5,13.3,71.0,1010.0,11.394455994455992,12,4,5,21.431372549019606,16.913194444444443
2023-12-10,대전,54.70192307692308,27.810897435897434,1.5,13.9,71.4,1014.0,11.394455994455992,12,4,6,24.169871794871796,20.01360544217687
2023-12-11,대전,23.524115755627008,10.393548387096773,2.4,11.9,82.6,1007.3,37.0,12,4,0,27.810897435897434,24.003257328990227
2023-12-12,대전,9.85897435897436,4.693548387096774,2.1,7.6,75.6,1011.9,0.5,12,4,1,10.393548387096773,29.676470588235293
2023-12-13,대전,13.53525641025641,6.938906752411576,1.9,9.5,66.5,1019.4,11.394455994455992,12,4,2,4.693548387096774,51.798701298701296
2023-12-14,대전,12.459807073954984,7.362179487179487,3.7,9.6,79.0,1014.1,26.6,12,4,3,6.938906752411576,13.932258064516128
2023-12-15,대전,6.778135048231511,4.9183006535947715,1.6,8.9,93.4,1004.1,47.0,12,4,4,7.362179487179487,21.431372549019606
2023-12-16,대전,14.60128617363344,5.661290322580645,3.9,-1.8,75.8,1014.5,2.8,12,4,5,4.9183006535947715,24.169871794871796
2023-12-17,대전,18.227564102564102,9.548076923076923,2.2,-8.5,61.5,1025.8,0.0,12,4,6,5.661290322580645,27.810897435897434
2023-12-18,대전,16.684887459807072,9.780645161290323,1.2,-5.6,53.9,1026.5,11.394455994455992,12,4,0,9.548076923076923,10.393548387096773
2023-12-19,대전,30.919354838709676,20.09646302250804,0.6,-2.5,59.8,1020.1,11.394455994455992,12,4,1,9.780645161290323,4.693548387096774
2023-12-20,대전,30.620578778135048,21.064935064935064,2.8,-5.5,70.5,1018.9,0.5,12,4,2,20.09646302250804,6.938906752411576
2023-12-21,대전,18.73139158576052,11.155844155844155,1.9,-9.7,64.8,1022.0,0.0,12,4,3,21.064935064935064,7.362179487179487
2023-12-22,대전,22.6525974025974,11.887820512820513,1.8,-9.5,57.5,1028.0,0.0,12,4,4,11.155844155844155,4.9183006535947715
2023-12-23,대전,23.5,14.78525641025641,1.0,-5.6,57.1,1028.6,11.394455994455992,12,4,5,11.887820512820513,5.661290322580645
2023-12-24,대전,26.89902280130293,20.662337662337663,1.0,-1.5,75.3,1022.6,0.7,12,4,6,14.78525641025641,9.548076923076923
2023-12-25,대전,35.14705882352941,26.558441558441558,1.3,-0.4,79.6,1021.1,0.0,12,4,0,20.662337662337663,9.780645161290323
2023-12-26,대전,34.71895424836601,24.270967741935483,1.0,2.2,72.3,1021.7,11.394455994455992,12,4,1,26.558441558441558,20.09646302250804
2023-12-27,대전,40.25732899022801,26.919871794871796,0.8,2.6,73.6,1022.2,11.394455994455992,12,4,2,24.270967741935483,21.064935064935064
2023-12-28,대전,52.92131147540984,38.73615635179153,1.0,1.2,78.3,1020.7,11.394455994455992,12,4,3,26.919871794871796,11.155844155844155
2023-12-29,대전,64.57565789473684,48.52980132450331,1.0,1.9,74.6,1019.0,11.394455994455992,12,4,4,38.73615635179153,11.887820512820513
2023-12-30,대전,78.08098591549296,59.86601307189542,0.7,0.8,89.3,1010.1,1.9,12,4,5,48.52980132450331,14.78525641025641
2023-12-31,대전,33.733333333333334,25.977491961414792,1.7,3.8,85.0,1010.0,1.8,12,4,6,59.86601307189542,20.662337662337663
2024-10-01,대전,13.807017543859649,5.996268656716418,1.5,17.0,81.0,1004.8,2.0,10,3,1,25.977491961414792,26.558441558441558
2024-10-02,대전,16.00347222222222,6.980988593155893,1.5,14.9,59.6,1010.9,11.394455994455992,10,3,2,5.996268656716418,24.270967741935483
2024-10-03,대전,16.958041958041957,10.99609375,1.2,12.9,87.3,1014.4,4.0,10,3,3,6.980988593155893,26.919871794871796
2024-10-04,대전,11.425087108013937,6.2518518518518515,1.1,16.2,80.5,1016.3,11.394455994455992,10,3,4,10.99609375,38.73615635179153
2024-10-05,대전,12.604166666666666,7.334507042253521,1.3,17.2,74.1,1015.2,11.394455994455992,10,3,5,6.2518518518518515,48.52980132450331
2024-10-06,대전,15.20138888888889,9.32752613240418,0.8,16.6,88.0,1012.8,0.2,10,3,6,7.334507042253521,59.86601307189542
2024-10-07,대전,27.51736111111111,15.714285714285714,0.8,17.0,85.3,1010.2,2.3,10,3,0,9.32752613240418,25.977491961414792
2024-10-08,대전,43.149825783972126,24.863468634686345,1.0,16.7,81.8,1009.2,11.394455994455992,10,3,1,15.714285714285714,5.996268656716418
2024-10-09,대전,18.87847222222222,10.08041958041958,2.0,18.5,70.4,1008.5,11.394455994455992,10,3,2,24.863468634686345,6.980988593155893
2024-10-10,대전,14.777777777777779,7.996491228070176,1.5,17.7,72.4,1007.7,0.0,10,3,3,10.08041958041958,10.99609375
2024-10-11,대전,24.470383275261323,14.902439024390244,1.1,17.6,75.9,1010.8,11.394455994455992,10,3,4,7.996491228070176,6.2518518518518515
2024-10-12,대전,34.079861111111114,21.69503546099291,1.0,17.2,73.3,1015.4,11.394455994455992,10,3,5,14.902439024390244,7.334507042253521
2024-10-13,대전,24.78125,17.060931899641577,1.4,17.7,73.8,1015.4,11.394455994455992,10,3,6,21.69503546099291,9.32752613240418
2024-10-14,대전,15.32752613240418,8.99638989169675,1.2,17.7,91.5,1011.7,8.3,10,3,0,17.060931899641577,15.714285714285714
2024-10-15,대전,12.034722222222221,7.101754385964912,0.4,18.3,96.9,1010.1,33.5,10,3,1,8.99638989169675,24.863468634686345
2024-10-16,대전,37.59375,18.95138888888889,1.0,18.9,86.5,1014.6,11.394455994455992,10,3,2,7.101754385964912,10.08041958041958
2024-10-17,대전,27.912891986062718,13.152482269503546,1.7,19.1,78.6,1014.2,11.394455994455992,10,3,3,18.95138888888889,7.996491228070176
2024-10-18,대전,20.496503496503497,11.85239852398524,2.4,20.0,89.4,1005.7,41.6,10,3,4,13.152482269503546,14.902439024390244
2024-10-19,대전,10.60763888888889,5.5451263537906135,2.8,17.6,84.4,1010.4,1.9,10,3,5,11.85239852398524,21.69503546099291
2024-10-20,대전,13.246527777777779,3.513888888888889,4.2,13.3,60.6,1022.0,11.394455994455992,10,3,6,5.5451263537906135,17.060931899641577
2024-10-21,대전,17.2,7.897163120567376,1.1,13.9,85.0,1016.0,0.4,10,3,0,3.513888888888889,8.99638989169675
2024-10-22,대전,7.7935943060498225,5.409420289855072,1.1,16.6,97.4,1007.2,13.1,10,3,1,7.897163120567376,7.101754385964912
2024-10-23,대전,15.797202797202797,5.39068100358423,2.4,13.7,72.3,1009.6,1.2,10,3,2,5.409420289855072,18.95138888888889
2024-10-24,대전,23.680851063829788,13.183453237410072,1.3,12.0,76.0,1014.8,11.394455994455992,10,3,3,5.39068100358423,13.152482269503546
2024-10-25,대전,23.803571428571427,13.584229390681003,1.3,14.5,78.0,1016.7,11.394455994455992,10,3,4,13.183453237410072,11.85239852398524
2024-10-26,대전,17.863636363636363,9.296167247386759,2.1,17.2,74.4,1012.9,11.394455994455992,10,3,5,13.584229390681003,5.5451263537906135
2024-10-27,대전,20.34722222222222,12.788194444444445,0.9,15.2,86.4,1006.9,0.7,10,3,6,9.296167247386759,3.513888888888889
2024-10-28,대전,29.375,17.29861111111111,1.9,14.8,81.3,1007.6,0.0,10,3,0,12.788194444444445,7.897163120567376
2024-10-29,대전,14.538461538461538,6.690972222222222,1.7,14.9,70.5,1011.0,0.0,10,3,1,17.29861111111111,5.409420289855072
2024-10-30,대전,29.309859154929576,16.856140350877194,1.2,14.7,76.8,1014.8,11.394455994455992,10,3,2,6.690972222222222,5.39068100358423
2024-10-31,대전,33.798611111111114,19.70731707317073,0.9,14.5,75.6,1015.1,11.394455994455992,10,3,3,16.856140350877194,13.183453237410072
2024-11-01,대전,23.832167832167833,15.602787456445993,1.2,13.3,88.1,1011.4,1.6,11,3,4,19.70731707317073,13.584229390681003
2024-11-02,대전,20.194444444444443,12.748251748251748,1.4,16.9,77.9,1009.9,0.1,11,3,5,15.602787456445993,9.296167247386759
2024-11-03,대전,19.74652777777778,11.67605633802817,1.0,16.2,76.4,1014.3,11.394455994455992,11,3,6,12.748251748251748,12.788194444444445
2024-11-04,대전,24.60573476702509,12.67383512544803,2.1,14.5,69.3,1013.1,11.394455994455992,11,3,0,11.67605633802817,17.29861111111111
2024-11-05,대전,24.893238434163703,10.654804270462634,1.9,9.8,56.4,1014.5,11.394455994455992,11,3,1,12.67383512544803,6.690972222222222
2024-11-06,대전,22.419014084507044,11.286219081272085,1.5,7.3,54.9,1018.6,11.394455994455992,11,3,2,10.654804270462634,16.856140350877194
2024-11-07,대전,31.89568345323741,18.705454545454547,1.1,7.7,66.9,1021.8,11.394455994455992,11,3,3,11.286219081272085,19.70731707317073
2024-11-08,대전,31.81533101045296,19.885017421602786,1.0,10.5,73.0,1020.0,11.394455994455992,11,3,4,18.705454545454547,15.602787456445993
2024-11-09,대전,26.92361111111111,16.727272727272727,0.9,12.4,76.9,1018.4,11.394455994455992,11,3,5,19.885017421602786,12.748251748251748
2024-11-10,대전,19.832167832167833,12.588850174216027,0.8,13.3,78.0,1014.5,11.394455994455992,11,3,6,16.727272727272727,11.67605633802817
2024-11-11,대전,33.12543554006969,18.672535211267604,0.9,13.3,74.8,1012.3,11.394455994455992,11,3,0,12.588850174216027,12.67383512544803
2024-11-12,대전,36.598591549295776,21.62676056338028,1.3,13.7,67.5,1012.1,11.394455994455992,11,3,1,18.672535211267604,10.654804270462634
2024-11-13,대전,36.65972222222222,19.533333333333335,1.0,13.1,71.9,1014.5,11.394455994455992,11,3,2,21.62676056338028,11.286219081272085
2024-11-14,대전,29.23611111111111,14.729166666666666,1.1,13.8,78.4,1012.8,0.1,11,3,3,19.533333333333335,18.705454545454547
2024-11-15,대전,20.081272084805654,11.930555555555555,1.5,14.8,78.6,1011.0,5.5,11,3,4,14.729166666666666,19.885017421602786
2024-11-16,대전,21.604166666666668,13.398601398601398,1.4,16.8,74.4,1008.7,0.1,11,3,5,11.930555555555555,16.727272727272727
2024-11-17,대전,19.3125,8.352112676056338,2.8,9.1,51.6,1015.3,0.0,11,3,6,13.398601398601398,12.588850174216027
2024-11-18,대전,17.283216783216783,7.445993031358885,2.1,2.6,34.4,1024.1,11.394455994455992,11,3,0,8.352112676056338,18.672535211267604
2024-11-19,대전,24.135416666666668,11.888111888111888,1.0,5.4,59.3,1021.6,11.394455994455992,11,3,1,7.445993031358885,21.62676056338028
2024-11-20,대전,36.95608108108108,21.871186440677967,1.1,6.7,67.0,1016.7,11.394455994455992,11,3,2,11.888111888111888,19.533333333333335
2024-11-21,대전,44.96153846153846,29.384615384615383,1.4,9.8,69.4,1012.8,0.0,11,3,3,21.871186440677967,14.729166666666666
2024-11-22,대전,33.333333333333336,18.627009646302252,2.0,7.2,54.1,1015.3,11.394455994455992,11,3,4,29.384615384615383,11.930555555555555
2024-11-23,대전,28.974358974358974,17.766990291262136,0.9,5.3,62.0,1019.3,11.394455994455992,11,3,5,18.627009646302252,13.398601398601398
2024-11-24,대전,27.32051282051282,18.315112540192928,0.9,6.6,67.0,1021.3,11.394455994455992,11,3,6,17.766990291262136,8.352112676056338
2024-11-25,대전,25.701923076923077,15.032467532467532,2.5,9.7,66.8,1015.8,0.3,11,3,0,18.315112540192928,7.445993031358885
2024-11-26,대전,14.415032679738562,6.1688311688311686,2.7,7.6,72.4,1005.3,18.0,11,3,1,15.032467532467532,11.888111888111888
2024-11-27,대전,14.185897435897436,6.3311688311688314,2.6,2.3,75.5,1004.7,3.8,11,3,2,6.1688311688311686,21.871186440677967
2024-11-28,대전,15.525641025641026,8.98019801980198,2.1,3.2,79.6,1003.9,4.7,11,3,3,6.3311688311688314,29.384615384615383
2024-11-29,대전,21.333333333333332,12.576051779935275,1.3,2.2,81.1,1005.6,0.4,11,3,4,8.98019801980198,18.627009646302252
2024-11-30,대전,18.91025641025641,8.270358306188925,1.4,5.3,73.3,1008.1,11.394455994455992,11,3,5,12.576051779935275,17.766990291262136
2023-01-08,부산,53.813131313131315,29.19921875,2.9,6.2,42.4,1014.6,11.394455994455992,1,4,6,62.0968992248062,38.64267676767677
2023-01-09,부산,76.64213197969544,34.47496790757381,3.6,9.3,56.9,1012.9,11.394455994455992,1,4,0,29.19921875,7.344387755102041
2023-01-10,부산,45.28662420382165,24.080357142857142,2.2,7.8,58.1,1018.0,11.394455994455992,1,4,1,34.47496790757381,8.9029374201788
2023-01-11,부산,36.60506329113924,20.10126582278481,2.7,8.9,60.8,1015.6,11.394455994455992,1,4,2,24.080357142857142,15.659846547314578
2023-01-12,부산,39.86079182630907,22.778343949044586,1.6,11.8,71.1,1013.5,0.8,1,4,3,20.10126582278481,53.516666666666666
2023-01-13,부산,19.58831003811944,10.894670050761421,3.0,14.6,98.8,1002.8,77.1,1,4,4,22.778343949044586,63.72983354673495
2023-01-14,부산,21.525641025641026,14.849420849420849,3.2,10.3,89.8,1003.1,0.3,1,4,5,10.894670050761421,62.0968992248062
2023-01-15,부산,12.596377749029754,8.372599231754162,2.6,6.0,86.8,1005.2,0.0,1,4,6,14.849420849420849,29.19921875
2023-01-16,부산,20.71190781049936,13.997458703939008,5.8,1.3,50.5,1010.8,11.394455994455992,1,4,0,8.372599231754162,34.47496790757381
2023-01-17,부산,23.8659793814433,15.122292993630573,3.8,1.5,39.5,1013.9,11.394455994455992,1,4,1,13.997458703939008,24.080357142857142
2023-01-18,부산,46.6763959390863,29.975888324873097,2.8,2.5,54.0,1015.2,11.394455994455992,1,4,2,15.122292993630573,20.10126582278481
2023-01-19,부산,48.73170731707317,26.48205128205128,2.9,2.9,54.5,1014.3,11.394455994455992,1,4,3,29.975888324873097,22.778343949044586
2023-01-20,부산,67.34217171717172,24.428571428571427,4.6,3.3,39.0,1014.8,11.394455994455992,1,4,4,26.48205128205128,10.894670050761421
2023-01-21,부산,14.71994884910486,7.95448798988622,3.0,0.8,25.6,1018.8,11.394455994455992,1,4,5,24.428571428571427,14.849420849420849
2023-01-22,부산,18.942084942084943,11.530379746835443,2.0,4.3,50.1,1015.4,11.394455994455992,1,4,6,7.95448798988622,8.372599231754162
2023-01-23,부산,30.651515151515152,16.690265486725664,2.4,6.6,51.6,1010.3,11.394455994455992,1,4,0,11.530379746835443,13.997458703939008
2023-01-24,부산,33.91150442477876,15.50063371356147,5.1,-5.6,32.8,1012.1,11.394455994455992,1,4,1,16.690265486725664,15.122292993630573
2023-01-25,부산,11.107095046854083,6.475388601036269,3.5,-6.4,27.5,1017.9,11.394455994455992,1,4,2,15.50063371356147,29.975888324873097
2023-01-26,부산,24.45250659630607,13.394771241830066,2.5,-0.1,45.6,1013.6,11.394455994455992,1,4,3,6.475388601036269,26.48205128205128
2023-01-27,부산,34.88522427440633,14.359477124183007,4.3,-1.1,35.6,1008.8,11.394455994455992,1,4,4,13.394771241830066,24.428571428571427
2023-01-28,부산,21.15921052631579,11.255905511811024,4.6,-2.8,42.4,1010.8,11.394455994455992,1,4,5,14.359477124183007,7.95448798988622
2023-01-29,부산,35.476010101010104,13.393939393939394,3.3,1.5,51.5,1010.2,11.394455994455992,1,4,6,11.255905511811024,11.530379746835443
2023-01-30,부산,35.27249683143219,15.32572877059569,3.3,3.0,31.8,1012.1,11.394455994455992,1,4,0,13.393939393939394,16.690265486725664
2023-01-31,부산,27.420664206642066,13.097170971709717,3.8,5.1,42.1,1010.0,11.394455994455992,1,4,1,15.32572877059569,15.50063371356147
2023-02-01,부산,45.91596638655462,22.12484993997599,4.6,8.6,48.0,1006.7,11.394455994455992,2,4,2,13.097170971709717,6.475388601036269
2023-02-02,부산,37.69414575866189,21.739234449760765,2.4,4.4,43.0,1014.2,11.394455994455992,2,4,3,22.12484993997599,13.394771241830066
2023-02-03,부산,41.934289127837516,26.231137724550898,1.9,5.6,50.8,1011.0,11.394455994455992,2,4,4,21.739234449760765,14.359477124183007
2023-02-04,부산,35.29404761904762,23.373063170441,3.6,3.4,31.9,1013.5,11.394455994455992,2,4,5,26.231137724550898,11.255905511811024
2023-02-05,부산,38.03725961538461,27.839094159713945,2.7,5.2,36.6,1014.4,11.394455994455992,2,4,6,23.373063170441,13.393939393939394
2023-02-06,부산,37.698679471788715,25.634615384615383,1.7,7.4,35.8,1011.7,11.394455994455992,2,4,0,27.839094159713945,15.32572877059569
2023-02-07,부산,46.99761620977354,30.389221556886227,2.7,9.2,65.1,1009.8,11.394455994455992,2,4,1,25.634615384615383,13.097170971709717
2023-02-08,부산,53.81861575178998,36.29116945107398,2.0,8.5,47.5,1014.6,11.394455994455992,2,4,2,30.389221556886227,22.12484993997599
2023-02-09,부산,39.434052757793765,26.87335722819594,3.2,7.3,58.3,1016.8,4.5,2,4,3,36.29116945107398,21.739234449760765
2023-02-10,부산,10.921836228287841,7.564102564102564,3.2,6.3,81.0,1008.8,16.8,2,4,4,26.87335722819594,26.231137724550898
2023-02-11,부산,37.97228915662651,29.403592814371258,1.2,7.5,68.0,1013.1,11.394455994455992,2,4,5,7.564102564102564,23.373063170441
2023-02-12,부산,39.83513838748496,31.089712918660286,2.6,8.7,64.6,1010.7,0.8,2,4,6,29.403592814371258,27.839094159713945
2023-02-13,부산,31.250605326876514,19.257521058965104,3.8,7.0,76.5,1006.8,0.7,2,4,0,31.089712918660286,25.634615384615383
2023-02-14,부산,25.25307125307125,15.751824817518248,2.5,5.8,68.8,1011.4,11.394455994455992,2,4,1,19.257521058965104,30.389221556886227
2023-02-15,부산,13.671302149178256,8.890274314214464,3.4,3.7,74.1,1019.2,0.0,2,4,2,15.751824817518248,36.29116945107398
2023-02-16,부산,18.480295566502463,10.252760736196318,2.8,6.2,69.9,1020.6,11.394455994455992,2,4,3,8.890274314214464,26.87335722819594
2023-02-17,부산,38.07985257985258,25.64118372379778,2.1,7.4,62.3,1017.4,1.2,2,4,4,10.252760736196318,7.564102564102564
2023-02-18,부산,34.032786885245905,26.6760736196319,2.4,9.3,94.5,1010.0,6.0,2,4,5,25.64118372379778,29.403592814371258
2023-02-19,부산,36.96894409937888,29.52034525277435,4.1,9.6,58.4,1006.5,0.0,2,4,6,26.6760736196319,31.089712918660286
2023-02-20,부산,28.26348808030113,9.95625,3.4,4.0,30.3,1014.2,11.394455994455992,2,4,0,29.52034525277435,19.257521058965104
2023-02-21,부산,23.90274314214464,11.321695760598503,3.3,2.6,45.3,1022.8,11.394455994455992,2,4,1,9.95625,15.751824817518248
2023-02-22,부산,20.67581047381546,11.409261576971215,3.0,6.5,55.8,1019.8,11.394455994455992,2,4,2,11.321695760598503,8.890274314214464
2023-02-23,부산,25.88653366583541,17.34950248756219,3.2,8.9,62.4,1012.3,0.0,2,4,3,11.409261576971215,10.252760736196318
2023-02-24,부산,57.893382352941174,39.87592137592138,3.0,9.3,41.9,1012.0,11.394455994455992,2,4,4,17.34950248756219,25.64118372379778
2023-02-25,부산,34.12267657992565,20.917892156862745,3.3,4.9,50.1,1019.1,11.394455994455992,2,4,5,39.87592137592138,26.6760736196319
2023-02-26,부산,34.13383838383838,22.67361963190184,2.3,5.7,40.9,1025.4,11.394455994455992,2,4,6,20.917892156862745,29.52034525277435
2023-02-27,부산,39.05793450881612,25.639405204460967,2.9,8.3,47.4,1023.9,11.394455994455992,2,4,0,22.67361963190184,9.95625
2023-02-28,부산,27.798765432098765,17.14002478314746,6.1,10.0,59.8,1017.3,11.394455994455992,2,4,1,25.639405204460967,11.321695760598503
2023-03-01,부산,32.01980198019802,19.953086419753088,4.0,9.9,64.8,1010.5,0.6,3,1,2,17.14002478314746,11.409261576971215
2023-03-02,부산,32.16831683168317,12.716934487021014,3.2,5.3,30.9,1015.8,11.394455994455992,3,1,3,19.953086419753088,17.34950248756219
2023-03-03,부산,38.539603960396036,15.96168108776267,4.0,7.4,30.4,1016.8,11.394455994455992,3,1,4,12.716934487021014,39.87592137592138
2023-03-04,부산,61.58700980392157,31.617177914110428,2.4,10.7,47.4,1017.9,11.394455994455992,3,1,5,15.96168108776267,20.917892156862745
2023-03-05,부산,35.19576059850374,17.140897755610972,2.6,10.6,62.3,1017.7,11.394455994455992,3,1,6,31.617177914110428,22.67361963190184
2023-03-06,부산,52.811557788944725,28.193954659949622,3.3,11.7,57.9,1013.8,11.394455994455992,3,1,0,17.140897755610972,25.639405204460967
2023-03-07,부산,63.7962962962963,31.30493827160494,4.9,13.1,59.1,1012.4,11.394455994455992,3,1,1,28.193954659949622,17.14002478314746
2023-03-08,부산,57.61254612546126,25.145141451414514,5.2,14.6,58.0,1011.4,11.394455994455992,3,1,2,31.30493827160494,19.953086419753088
2023-03-09,부산,42.94251497005988,20.993997599039616,6.0,15.3,85.8,1006.8,11.394455994455992,3,1,3,25.145141451414514,12.716934487021014
2023-03-10,부산,86.16887816646562,36.14663461538461,2.2,14.4,78.0,1011.3,11.394455994455992,3,1,4,20.993997599039616,15.96168108776267
2023-03-11,부산,106.4,49.56666666666667,3.3,14.3,85.1,1013.4,11.394455994455992,3,1,5,36.14663461538461,31.617177914110428
2023-03-12,부산,55.0874251497006,31.612634088200238,4.3,11.4,79.8,1009.1,8.3,3,1,6,49.56666666666667,17.140897755610972
2023-03-13,부산,30.728155339805824,11.394011976047905,3.8,5.4,40.1,1012.6,11.394455994455992,3,1,0,31.612634088200238,28.193954659949622
2023-03-14,부산,58.51207729468599,14.16183574879227,4.2,10.1,56.4,1011.4,11.394455994455992,3,1,1,11.394011976047905,31.30493827160494
2023-03-15,부산,38.127250900360146,14.032412965186074,6.0,14.3,77.4,1011.8,0.0,3,1,2,14.16183574879227,25.145141451414514
2023-03-16,부산,50.50902527075812,14.512635379061372,3.5,12.2,62.1,1015.4,11.394455994455992,3,1,3,14.032412965186074,20.993997599039616
2023-03-17,부산,46.10035842293907,13.352870813397129,3.1,10.2,63.5,1013.2,11.394455994455992,3,1,4,14.512635379061372,36.14663461538461
2023-03-18,부산,32.53214285714286,11.871275327771157,2.3,11.2,63.1,1008.3,11.394455994455992,3,1,5,13.352870813397129,49.56666666666667
2023-03-19,부산,52.958333333333336,23.37857142857143,2.9,12.0,51.0,1009.7,11.394455994455992,3,1,6,11.871275327771157,31.612634088200238
2023-03-20,부산,57.98448687350835,25.548271752085817,3.2,13.0,51.6,1006.7,11.394455994455992,3,1,0,23.37857142857143,11.394011976047905
2023-03-21,부산,50.078048780487805,21.931407942238266,2.2,15.3,61.3,1003.2,11.394455994455992,3,1,1,25.548271752085817,14.16183574879227
2023-03-22,부산,20.03337453646477,12.092250922509225,2.5,16.2,85.4,1001.6,7.9,3,1,2,21.931407942238266,14.032412965186074
2023-03-23,부산,12.325775656324582,7.783393501805054,2.3,15.4,94.9,996.6,56.0,3,1,3,12.092250922509225,14.512635379061372
2023-03-24,부산,103.2391826923077,27.115942028985508,3.3,12.2,81.9,1006.1,3.2,3,1,4,7.783393501805054,13.352870813397129
2023-03-25,부산,111.18236714975845,21.835714285714285,3.2,11.1,69.9,1009.5,0.2,3,1,5,27.115942028985508,11.871275327771157
2023-03-26,부산,93.58578431372548,23.654761904761905,2.2,12.0,74.8,1006.7,0.0,3,1,6,21.835714285714285,23.37857142857143
2023-03-27,부산,40.775862068965516,15.322929171668667,2.6,11.3,48.4,1010.6,11.394455994455992,3,1,0,23.654761904761905,25.548271752085817
2023-03-28,부산,41.85411471321696,17.35279805352798,2.9,12.5,53.0,1014.1,11.394455994455992,3,1,1,15.322929171668667,21.931407942238266
2023-03-29,부산,98.86842105263158,46.37170263788969,2.2,13.7,57.6,1012.8,11.394455994455992,3,1,2,17.35279805352798,12.092250922509225
2023-03-30,부산,101.91116446578631,53.63625450180072,2.1,15.5,48.3,1009.8,11.394455994455992,3,1,3,46.37170263788969,7.783393501805054
2023-03-31,부산,67.37619047619047,32.15,2.7,17.9,39.4,1008.3,11.394455994455992,3,1,4,53.63625450180072,27.115942028985508
2023-04-01,부산,70.24285714285715,36.591179976162095,2.6,15.7,56.5,1007.4,11.394455994455992,4,1,5,32.15,21.835714285714285
2023-04-02,부산,40.057761732851986,21.837968561064088,4.0,15.1,57.9,1009.6,11.394455994455992,4,1,6,36.591179976162095,23.654761904761905
2023-04-03,부산,26.369193154034228,12.206349206349206,3.9,14.3,63.5,1013.8,11.394455994455992,4,1,0,21.837968561064088,15.322929171668667
2023-04-04,부산,26.380382775119617,12.590203106332138,2.5,15.3,73.6,1011.9,0.3,4,1,1,12.206349206349206,17.35279805352798
2023-04-05,부산,18.534629404617252,9.97352587244284,5.1,14.9,94.1,1003.7,44.8,4,1,2,12.590203106332138,46.37170263788969
2023-04-06,부산,26.523447401774398,20.153086419753087,5.9,12.8,78.9,1001.1,2.2,4,1,3,9.97352587244284,53.63625450180072
2023-04-07,부산,52.23396226415095,31.08232445520581,3.4,13.3,55.3,1002.8,4.4,4,1,4,20.153086419753087,32.15
2023-04-08,부산,30.811274509803923,9.410501193317423,3.8,11.2,29.8,1009.0,11.394455994455992,4,1,5,31.08232445520581,36.591179976162095
2023-04-09,부산,46.4546568627451,9.107142857142858,4.1,12.7,38.4,1009.8,11.394455994455992,4,1,6,9.410501193317423,21.837968561064088
2023-04-10,부산,49.76613885505481,10.567990373044525,6.5,14.2,60.4,1008.1,11.394455994455992,4,1,0,9.107142857142858,12.206349206349206
2023-04-11,부산,28.597087378640776,10.256379100850546,7.8,16.7,80.5,1004.0,0.2,4,1,1,10.567990373044525,12.590203106332138
2023-04-12,부산,221.36992840095465,36.714797136038186,3.6,15.1,38.3,1006.4,11.394455994455992,4,1,2,10.256379100850546,9.97352587244284
2023-04-13,부산,99.46107784431138,20.57983193277311,3.7,15.4,39.3,1008.4,11.394455994455992,4,1,3,36.714797136038186,20.153086419753087
2023-04-14,부산,59.19904648390941,19.0442054958184,3.1,14.7,81.9,1004.9,9.0,4,1,4,20.57983193277311,31.08232445520581
2023-04-15,부산,16.71151515151515,10.41437125748503,2.2,13.1,91.3,994.9,6.0,4,1,5,19.0442054958184,9.410501193317423
2023-04-16,부산,53.04642857142857,21.579952267303103,2.2,12.5,77.8,996.1,5.4,4,1,6,10.41437125748503,9.107142857142858
2023-04-17,부산,88.81032412965186,28.483832335329343,3.5,14.0,67.6,1007.2,11.394455994455992,4,1,0,21.579952267303103,10.567990373044525
2023-04-18,부산,66.95667870036101,23.204572803850784,5.1,16.8,88.4,1003.5,0.1,4,1,1,28.483832335329343,10.256379100850546
2023-04-19,부산,48.303827751196174,24.64952153110048,2.0,17.0,90.3,1001.7,0.3,4,1,2,23.204572803850784,36.714797136038186
2023-04-20,부산,44.33736396614268,23.82224909310762,3.2,20.0,73.1,999.8,0.0,4,1,3,24.64952153110048,20.57983193277311
2023-04-21,부산,198.98199279711883,36.73300970873787,3.7,17.3,54.8,1002.6,11.394455994455992,4,1,4,23.82224909310762,19.0442054958184
2023-04-22,부산,263.3261904761905,43.42524509803921,4.3,14.0,52.0,1010.5,11.394455994455992,4,1,5,36.73300970873787,10.41437125748503
2023-04-23,부산,59.055952380952384,14.593037214885955,3.5,13.4,58.1,1014.1,11.394455994455992,4,1,6,43.42524509803921,21.579952267303103
2023-04-24,부산,31.973170731707317,11.23960880195599,3.0,13.2,62.8,1014.6,11.394455994455992,4,1,0,14.593037214885955,28.483832335329343
2023-04-25,부산,21.37641154328733,12.214285714285714,2.3,10.4,89.1,1005.5,15.8,4,1,1,11.23960880195599,23.204572803850784
2023-04-26,부산,34.4371921182266,18.414514145141453,3.3,13.3,66.3,1003.2,11.394455994455992,4,1,2,12.214285714285714,24.64952153110048
2023-04-27,부산,33.88213851761847,16.796273291925466,2.9,15.2,66.1,1011.4,11.394455994455992,4,1,3,18.414514145141453,23.82224909310762
2023-04-28,부산,32.27095990279465,16.097205346294047,4.9,16.7,78.6,1008.5,0.0,4,1,4,16.796273291925466,36.73300970873787
2023-04-29,부산,22.750898203592815,12.254784688995215,4.9,15.8,95.3,998.4,13.1,4,1,5,16.097205346294047,43.42524509803921
2023-04-30,부산,37.18452380952381,13.982142857142858,4.3,15.1,57.8,1001.2,11.394455994455992,4,1,6,12.254784688995215,14.593037214885955
2023-05-01,부산,48.71785714285714,18.953516090584028,3.7,16.0,55.5,1007.5,11.394455994455992,5,1,0,13.982142857142858,11.23960880195599
2023-05-02,부산,36.624378109452735,18.88888888888889,1.5,16.3,61.5,1014.4,11.394455994455992,5,1,1,18.953516090584028,12.214285714285714
2023-05-03,부산,35.02439024390244,18.065934065934066,3.3,17.4,65.9,1013.3,11.394455994455992,5,1,2,18.88888888888889,18.414514145141453
2023-05-04,부산,23.51833740831296,12.634803921568627,3.7,17.8,83.0,1007.7,1.5,5,1,3,18.065934065934066,16.796273291925466
2023-05-05,부산,28.229528535980148,11.922235722964762,6.4,17.5,94.5,998.3,51.3,5,1,4,12.634803921568627,16.097205346294047
2023-05-06,부산,9.678704856787048,6.172539489671932,4.2,14.4,94.9,997.4,98.9,5,1,5,11.922235722964762,12.254784688995215
2023-05-07,부산,27.399506781750926,20.0984393757503,4.1,11.5,82.9,1000.9,9.2,5,1,6,6.172539489671932,13.982142857142858
2023-05-08,부산,25.328301886792453,15.64320987654321,2.4,14.4,52.5,1006.8,11.394455994455992,5,1,0,20.0984393757503,18.953516090584028
2023-05-09,부산,35.52876376988984,23.611178614823814,2.3,16.6,54.4,1006.7,11.394455994455992,5,1,1,15.64320987654321,18.88888888888889
2023-05-10,부산,45.85297691373025,26.25637910085055,2.1,18.3,56.3,1007.0,11.394455994455992,5,1,2,23.611178614823814,18.065934065934066
2023-05-11,부산,37.722627737226276,20.00243309002433,2.7,17.6,58.1,1009.9,11.394455994455992,5,1,3,26.25637910085055,12.634803921568627
2023-05-12,부산,31.802867383512545,14.509546539379475,3.2,17.4,63.0,1008.5,0.0,5,1,4,20.00243309002433,11.922235722964762
2023-05-13,부산,17.394313967861557,12.20219244823386,1.9,14.6,91.0,1004.4,16.1,5,1,5,14.509546539379475,6.172539489671932
2023-05-14,부산,27.24366706875754,19.369434416365824,1.9,17.1,81.1,1000.3,11.394455994455992,5,1,6,12.20219244823386,20.0984393757503
2023-05-15,부산,46.69036144578313,32.69722557297949,2.9,18.6,76.3,1000.6,11.394455994455992,5,1,0,19.369434416365824,15.64320987654321
2023-05-16,부산,57.91113892365457,39.84567126725219,3.9,19.3,78.5,1003.1,11.394455994455992,5,1,1,32.69722557297949,23.611178614823814
2023-05-17,부산,35.36284289276808,21.441285537700864,4.2,20.2,80.1,1005.8,11.394455994455992,5,1,2,39.84567126725219,26.25637910085055
2023-05-18,부산,31.38689740420272,23.180348258706466,2.3,18.3,95.0,1001.8,38.3,5,1,3,21.441285537700864,20.00243309002433
2023-05-19,부산,14.49755501222494,8.973815461346634,2.9,17.9,82.5,999.7,4.6,5,1,4,23.180348258706466,14.509546539379475
2023-05-20,부산,21.735399284862932,13.034606205250597,2.7,18.4,73.0,1002.2,11.394455994455992,5,1,5,8.973815461346634,12.20219244823386
2023-05-21,부산,28.848086124401913,18.50952380952381,3.3,19.5,78.8,999.1,11.394455994455992,5,1,6,13.034606205250597,19.369434416365824
2023-05-22,부산,110.47946859903382,32.542270531400966,1.9,18.2,62.9,998.6,0.7,5,1,0,18.50952380952381,32.69722557297949
2023-05-23,부산,90.49017199017199,24.724815724815723,2.4,18.3,64.0,1001.4,11.394455994455992,5,1,1,32.542270531400966,39.84567126725219
2023-05-24,부산,32.43435582822086,14.085889570552148,2.4,18.5,65.6,1006.3,11.394455994455992,5,1,2,24.724815724815723,21.441285537700864
2023-05-25,부산,17.6,7.550795593635251,2.2,19.2,66.0,1008.8,11.394455994455992,5,1,3,14.085889570552148,23.180348258706466
2023-05-26,부산,23.370689655172413,12.432799013563502,3.2,19.8,76.6,1011.3,0.0,5,1,4,7.550795593635251,8.973815461346634
2023-05-27,부산,25.777115613825984,12.437425506555423,3.1,21.6,73.8,1010.9,0.0,5,1,5,12.432799013563502,13.034606205250597
2023-05-28,부산,19.38962605548854,9.603636363636364,5.0,20.9,84.1,1006.5,2.5,5,1,6,12.437425506555423,18.50952380952381
2023-05-29,부산,6.687727825030377,4.277018633540373,3.0,20.2,67.392168755897,1003.2,48.8,5,1,0,9.603636363636364,32.542270531400966
2023-05-30,부산,13.113138686131387,8.062119366626066,2.6,18.6,67.392168755897,1003.2,18.8,5,1,1,4.277018633540373,24.724815724815723
2023-05-31,부산,19.811965811965813,8.784146341463414,3.0,19.8,53.6,1003.4,0.0,5,1,2,8.062119366626066,14.085889570552148
2023-06-01,부산,23.910941475826974,14.910112359550562,1.4,18.2,77.5,999.2,18.6,6,2,3,8.784146341463414,7.550795593635251
2023-06-02,부산,24.808588957055214,16.00243309002433,2.5,23.0,67.3,993.2,1.9,6,2,4,14.910112359550562,12.432799013563502
2023-06-03,부산,38.66109785202864,21.775,3.0,21.4,59.3,999.8,11.394455994455992,6,2,5,16.00243309002433,12.437425506555423
2023-06-04,부산,27.466587112171837,15.909415971394518,3.1,23.1,43.0,1002.4,11.394455994455992,6,2,6,21.775,9.603636363636364
2023-06-05,부산,32.41197604790419,17.367980884109915,2.8,23.4,43.9,1002.4,11.394455994455992,6,2,0,15.909415971394518,4.277018633540373
2023-06-06,부산,18.37041564792176,12.748166259168704,4.1,20.4,66.4,999.6,11.394455994455992,6,2,1,17.367980884109915,8.062119366626066
2023-06-07,부산,29.296205630354958,17.72067714631197,3.9,21.6,64.8,1001.2,11.394455994455992,6,2,2,12.748166259168704,8.784146341463414
2023-06-08,부산,19.55072463768116,11.929782082324456,3.1,20.8,74.6,998.2,11.394455994455992,6,2,3,17.72067714631197,14.910112359550562
2023-06-09,부산,27.95438175270108,17.80695443645084,4.3,21.4,74.0,997.1,11.394455994455992,6,2,4,11.929782082324456,16.00243309002433
2023-06-10,부산,24.787769784172664,16.665467625899282,2.9,22.6,73.1,998.9,11.394455994455992,6,2,5,17.80695443645084,21.775
2023-06-11,부산,17.85276073619632,11.701234567901235,2.1,21.6,84.6,998.2,4.2,6,2,6,16.665467625899282,15.909415971394518
2023-06-12,부산,20.066265060240966,12.079950799507994,2.3,22.4,79.6,997.9,11.394455994455992,6,2,0,11.701234567901235,17.367980884109915
2023-06-13,부산,19.890776699029125,12.48034398034398,3.1,23.1,72.6,996.5,11.394455994455992,6,2,1,12.079950799507994,12.748166259168704
2023-06-14,부산,29.20722891566265,19.566265060240966,2.0,22.5,71.5,998.0,0.1,6,2,2,12.48034398034398,17.72067714631197
2023-06-15,부산,29.35611510791367,20.720144752714113,1.9,21.8,70.9,1000.9,11.394455994455992,6,2,3,19.566265060240966,11.929782082324456
2023-06-16,부산,39.193666260657736,27.974233128834356,3.2,23.6,63.1,1004.7,11.394455994455992,6,2,4,20.720144752714113,17.80695443645084
2023-06-17,부산,27.442928039702235,17.637146371463714,3.6,24.0,55.1,1004.3,11.394455994455992,6,2,5,27.974233128834356,16.665467625899282
2023-06-18,부산,29.55061728395062,21.04579207920792,3.1,24.0,66.1,999.3,11.394455994455992,6,2,6,17.637146371463714,11.701234567901235
2023-06-19,부산,38.983870967741936,22.897755610972567,2.7,24.3,63.9,999.4,11.394455994455992,6,2,0,21.04579207920792,12.079950799507994
2023-06-20,부산,22.923267326732674,8.128236744759556,3.1,22.5,65.6,998.4,0.9,6,2,1,22.897755610972567,12.48034398034398
2023-06-21,부산,13.277227722772277,8.111389236545682,2.9,20.9,88.1,994.5,23.3,6,2,2,8.128236744759556,19.566265060240966
2023-06-22,부산,25.526641883519208,14.093480934809348,2.4,23.1,73.9,995.3,11.394455994455992,6,2,3,8.111389236545682,20.720144752714113
2023-06-23,부산,19.914765906362543,10.90516206482593,2.5,23.1,69.4,1002.2,11.394455994455992,6,2,4,14.093480934809348,27.974233128834356
2023-06-24,부산,15.040476190476191,8.191335740072201,2.2,22.4,70.5,1007.3,11.394455994455992,6,2,5,10.90516206482593,17.637146371463714
2023-06-25,부산,10.65906362545018,6.774309723889556,1.8,22.2,78.8,1006.0,34.8,6,2,6,8.191335740072201,21.04579207920792
2023-06-26,부산,12.278668310727497,5.059538274605103,7.0,23.3,89.8,1002.5,14.0,6,2,0,6.774309723889556,22.897755610972567
2023-06-27,부산,11.768009768009769,5.1207317073170735,6.2,23.4,86.5,1002.8,14.1,6,2,1,5.059538274605103,8.128236744759556
2023-06-28,부산,11.103406326034063,5.978075517661389,3.7,22.8,82.5,1002.0,23.8,6,2,2,5.1207317073170735,8.111389236545682
2023-06-29,부산,16.765217391304347,7.64134495641345,6.4,24.1,87.4,996.8,3.9,6,2,3,5.978075517661389,14.093480934809348
2023-06-30,부산,12.33941605839416,5.601705237515225,3.8,22.9,87.0,994.3,14.3,6,2,4,7.64134495641345,10.90516206482593
2023-07-01,부산,26.397326852976914,18.500597371565114,2.1,23.3,79.3,998.8,0.0,7,2,5,5.601705237515225,8.191335740072201
2023-07-02,부산,23.186274509803923,16.951749095295536,3.6,24.7,79.3,1001.0,11.394455994455992,7,2,6,18.500597371565114,6.774309723889556
2023-07-03,부산,20.705302096177558,13.753623188405797,1.8,24.8,80.4,999.0,11.394455994455992,7,2,0,16.951749095295536,5.059538274605103
2023-07-04,부산,12.609848484848484,8.05940594059406,1.7,24.3,83.6,995.5,3.4,7,2,1,13.753623188405797,5.1207317073170735
2023-07-05,부산,16.839240506329112,9.546835443037974,4.9,25.8,77.1,988.9,29.5,7,2,2,8.05940594059406,5.978075517661389
2023-07-06,부산,38.68788249694003,21.20631067961165,3.4,24.4,75.0,995.7,11.394455994455992,7,2,3,9.546835443037974,7.64134495641345
2023-07-07,부산,26.178351783517837,19.103575832305797,2.3,22.4,84.9,996.1,51.0,7,2,4,21.20631067961165,5.601705237515225
2023-07-08,부산,12.652278177458033,9.657178217821782,1.0,22.2,91.5,996.0,28.1,7,2,5,19.103575832305797,18.500597371565114
2023-07-09,부산,21.91881443298969,15.744654088050314,2.3,24.2,87.0,996.9,3.4,7,2,6,9.657178217821782,16.951749095295536
2023-07-10,부산,29.0738423028786,20.064070351758794,3.9,25.6,83.0,998.5,0.3,7,2,0,15.744654088050314,13.753623188405797
2023-07-11,부산,17.800742574257427,10.39828431372549,4.2,24.7,87.3,999.6,49.3,7,2,1,20.064070351758794,8.05940594059406
2023-07-12,부산,14.433374844333748,7.063647490820073,3.9,24.5,85.5,998.9,76.4,7,2,2,10.39828431372549,9.546835443037974
2023-07-13,부산,19.18070818070818,8.417582417582418,4.8,25.2,87.6,999.2,7.9,7,2,3,7.063647490820073,21.20631067961165
2023-07-14,부산,14.369380315917375,4.393757503001201,11.7,25.0,87.9,996.4,26.8,7,2,4,8.417582417582418,19.103575832305797
2023-07-15,부산,13.466911764705882,4.92831541218638,9.5,25.8,84.9,996.7,4.0,7,2,5,4.393757503001201,9.657178217821782
2023-07-16,부산,7.163043478260869,4.674757281553398,3.5,23.7,91.6,1001.5,259.2,7,2,6,4.92831541218638,15.744654088050314
2023-07-17,부산,14.231155778894472,6.612296110414053,4.3,26.0,86.4,1005.3,11.0,7,2,0,4.674757281553398,20.064070351758794
2023-07-18,부산,11.405372405372406,6.475369458128079,2.7,24.4,90.1,1003.0,130.3,7,2,1,6.612296110414053,10.39828431372549
2023-07-19,부산,11.355696202531645,6.328282828282828,1.4,23.5,82.8,999.8,0.5,7,2,2,6.475369458128079,7.063647490820073
2023-07-20,부산,23.570117955439056,16.727735368956743,1.9,24.2,82.3,1001.7,11.394455994455992,7,2,3,6.328282828282828,8.417582417582418
2023-07-21,부산,19.558490566037737,12.771289537712896,2.1,25.2,73.8,1005.4,11.394455994455992,7,2,4,16.727735368956743,4.393757503001201
2023-07-22,부산,15.407090464547677,9.752727272727272,1.8,25.0,78.8,1006.9,1.4,7,2,5,12.771289537712896,4.92831541218638
2023-07-23,부산,14.21125,7.830655129789864,5.7,26.5,85.5,1003.5,0.0,7,2,6,9.752727272727272,4.674757281553398
2023-07-24,부산,10.634567901234568,4.078163771712159,5.2,25.5,88.8,1002.9,11.3,7,2,0,7.830655129789864,6.612296110414053
2023-07-25,부산,12.144254278728607,4.7926829268292686,3.2,26.4,82.0,1006.3,7.9,7,2,1,4.078163771712159,6.475369458128079
2023-07-26,부산,24.62940461725395,16.471720818291214,2.6,28.1,75.6,1007.6,0.0,7,2,2,4.7926829268292686,6.328282828282828
2023-07-27,부산,29.33046683046683,21.404938271604937,2.5,28.6,70.6,1006.8,11.394455994455992,7,2,3,16.471720818291214,16.727735368956743
2023-07-28,부산,34.84287454323995,26.170878459687124,2.4,29.4,66.6,1006.6,11.394455994455992,7,2,4,21.404938271604937,12.771289537712896
2023-07-29,부산,31.91841779975278,24.1093560145808,2.1,29.2,68.5,1006.7,11.394455994455992,7,2,5,26.170878459687124,9.752727272727272
2023-07-30,부산,24.07017543859649,18.125452352231605,2.7,29.2,70.5,1005.8,11.394455994455992,7,2,6,24.1093560145808,7.830655129789864
2023-07-31,부산,21.8,13.90012330456227,2.1,29.2,63.3,1004.6,11.394455994455992,7,2,0,18.125452352231605,4.078163771712159
2023-08-01,부산,13.387176325524045,6.39975093399751,2.4,29.6,62.6,1003.1,11.394455994455992,8,2,1,13.90012330456227,4.7926829268292686
2023-08-02,부산,22.91407222914072,13.195331695331696,2.7,29.6,72.1,1000.2,11.394455994455992,8,2,2,6.39975093399751,16.471720818291214
2023-08-03,부산,21.696040868454663,12.96612296110414,2.5,29.9,66.3,998.6,11.394455994455992,8,2,3,13.195331695331696,21.404938271604937
2023-08-04,부산,19.843446601941746,10.037259615384615,2.4,30.2,64.3,996.8,11.394455994455992,8,2,4,12.96612296110414,26.170878459687124
2023-08-05,부산,16.009685230024214,7.240096038415366,2.1,30.0,68.9,992.7,11.394455994455992,8,2,5,10.037259615384615,24.1093560145808
2023-08-06,부산,8.983870967741936,4.691656590084643,2.8,30.9,62.8,990.2,11.394455994455992,8,2,6,7.240096038415366,18.125452352231605
2023-08-07,부산,15.259627329192547,8.094059405940595,3.2,30.6,64.9,990.9,11.394455994455992,8,2,0,4.691656590084643,13.90012330456227
2023-08-08,부산,14.290148448043185,6.552219321148825,3.6,29.2,67.3,993.4,11.394455994455992,8,2,1,8.094059405940595,6.39975093399751
2023-08-09,부산,9.907103825136613,5.602459016393443,4.1,25.7,83.5,992.0,55.1,8,2,2,6.552219321148825,13.195331695331696
2023-08-10,부산,10.390820584144645,3.8456090651558075,7.6,25.2,79.6,984.0,108.9,8,2,3,5.602459016393443,12.96612296110414
2023-08-11,부산,16.92094861660079,7.328476821192053,4.4,27.1,74.3,994.8,11.394455994455992,8,2,4,3.8456090651558075,10.037259615384615
2023-08-12,부산,23.316953316953317,11.900621118012422,3.2,27.2,72.9,996.2,0.0,8,2,5,7.328476821192053,7.240096038415366
2023-08-13,부산,22.23573200992556,13.458230958230958,2.1,26.9,69.1,997.2,11.394455994455992,8,2,6,11.900621118012422,4.691656590084643
2023-08-14,부산,19.255240443896422,11.034525277435264,2.6,27.5,67.9,997.6,11.394455994455992,8,2,0,13.458230958230958,8.094059405940595
2023-08-15,부산,17.931288343558283,9.64034021871203,2.6,27.5,67.6,996.1,11.394455994455992,8,2,1,11.034525277435264,6.552219321148825
2023-08-16,부산,21.777367773677735,8.848300970873787,1.9,25.7,76.9,996.7,11.394455994455992,8,2,2,9.64034021871203,5.602459016393443
2023-08-17,부산,19.806845965770172,11.338962605548854,2.1,25.6,76.4,997.6,0.0,8,2,3,8.848300970873787,3.8456090651558075
2023-08-18,부산,11.838509316770187,6.7571964956195245,2.2,27.0,76.9,999.0,7.8,8,2,4,11.338962605548854,7.328476821192053
2023-08-19,부산,15.726485148514852,10.64179104477612,2.6,26.3,88.1,1002.1,29.8,8,2,5,6.7571964956195245,11.900621118012422
2023-08-20,부산,19.401752190237797,13.813366960907944,2.8,28.2,77.0,1003.6,0.2,8,2,6,10.64179104477612,13.458230958230958
2023-08-21,부산,20.441574415744157,13.63625,2.2,28.7,74.1,1001.5,11.394455994455992,8,2,0,13.813366960907944,11.034525277435264
2023-08-22,부산,25.53960396039604,18.514669926650367,3.7,28.9,74.0,998.7,11.394455994455992,8,2,1,13.63625,9.64034021871203
2023-08-23,부산,19.6729797979798,13.058007566204287,3.9,28.7,76.8,998.8,0.8,8,2,2,18.514669926650367,8.848300970873787
2023-08-24,부산,11.15422276621787,4.231847133757962,4.8,26.0,84.5,999.5,58.3,8,2,3,13.058007566204287,11.338962605548854
2023-08-25,부산,16.71271393643032,9.85049019607843,3.9,27.1,71.0,999.9,11.394455994455992,8,2,4,4.231847133757962,6.7571964956195245
2023-08-26,부산,25.161290322580644,14.947115384615385,2.3,27.8,64.8,1000.9,11.394455994455992,8,2,5,9.85049019607843,10.64179104477612
2023-08-27,부산,20.860576923076923,13.169950738916256,2.9,27.5,67.8,1000.3,11.394455994455992,8,2,6,14.947115384615385,13.813366960907944
2023-08-28,부산,16.324817518248175,8.932349323493234,2.6,27.4,73.3,1000.1,11.394455994455992,8,2,0,13.169950738916256,13.63625
2023-08-29,부산,17.230215827338128,7.126520681265207,4.8,27.0,79.8,1000.1,16.1,8,2,1,8.932349323493234,18.514669926650367
2023-08-30,부산,17.190821256038646,7.624069478908188,3.4,27.2,81.0,1001.0,6.6,8,2,2,7.126520681265207,13.058007566204287
2023-08-31,부산,14.693333333333333,7.769607843137255,2.3,26.6,81.1,1001.4,16.3,8,2,3,7.624069478908188,4.231847133757962
2023-09-01,부산,7.804968944099379,4.769620253164557,1.9,24.0,89.9,1003.0,117.4,9,3,4,7.769607843137255,9.85049019607843
2023-09-02,부산,9.27875,5.677987421383648,1.6,24.2,85.8,1003.9,18.8,9,3,5,4.769620253164557,14.947115384615385
2023-09-03,부산,15.317518248175183,7.638686131386861,1.8,26.3,76.3,1004.4,11.394455994455992,9,3,6,5.677987421383648,13.169950738916256
2023-09-04,부산,18.050785973397822,9.367844092570037,2.7,27.1,70.3,1003.4,11.394455994455992,9,3,0,7.638686131386861,8.932349323493234
2023-09-05,부산,17.365824308062574,7.57487922705314,3.4,26.8,58.9,1002.5,11.394455994455992,9,3,1,9.367844092570037,7.126520681265207
2023-09-06,부산,19.1555023923445,9.517985611510792,3.5,26.4,62.4,1002.8,0.0,9,3,2,7.57487922705314,7.624069478908188
2023-09-07,부산,21.5181598062954,9.128797083839611,3.8,25.3,59.8,1005.2,11.394455994455992,9,3,3,9.517985611510792,7.769607843137255
2023-09-08,부산,16.748798076923077,6.200480192076831,3.1,24.8,59.0,1004.2,11.394455994455992,9,3,4,9.128797083839611,4.769620253164557
2023-09-09,부산,13.600961538461538,5.732530120481928,2.4,24.2,62.5,1003.4,11.394455994455992,9,3,5,6.200480192076831,5.677987421383648
2023-09-10,부산,11.970023980815348,6.055222088835534,2.2,25.0,65.1,1002.5,11.394455994455992,9,3,6,5.732530120481928,7.638686131386861
2023-09-11,부산,15.065432098765433,7.670411985018727,2.0,25.9,71.6,1001.4,11.394455994455992,9,3,0,6.055222088835534,9.367844092570037
2023-09-12,부산,19.849872773536894,12.00125156445557,1.6,26.4,74.1,1002.8,11.394455994455992,9,3,1,7.670411985018727,7.57487922705314
2023-09-13,부산,20.58823529411765,12.799507995079951,2.0,26.1,78.3,1002.3,9.5,9,3,2,12.00125156445557,9.517985611510792
2023-09-14,부산,12.125954198473282,7.709228824273072,2.6,23.6,82.3,1004.1,7.7,9,3,3,12.799507995079951,9.128797083839611
2023-09-15,부산,13.187270501835986,7.235511713933415,2.4,24.7,80.4,1005.2,2.2,9,3,4,7.709228824273072,6.200480192076831
2023-09-16,부산,12.507859733978234,7.141057934508816,1.7,23.9,89.1,1004.8,85.5,9,3,5,7.235511713933415,5.732530120481928
2023-09-17,부산,8.615384615384615,4.0051679586563305,3.2,24.1,86.1,1003.2,59.9,9,3,6,7.141057934508816,6.055222088835534
2023-09-18,부산,13.114713216957606,5.246134020618556,2.5,25.3,79.9,1004.6,1.6,9,3,0,4.0051679586563305,7.670411985018727
2023-09-19,부산,21.148387096774194,12.041772151898734,2.8,25.6,73.9,1005.6,11.394455994455992,9,3,1,5.246134020618556,12.00125156445557
2023-09-20,부산,34.03375,21.75,3.6,24.7,77.1,1001.9,8.5,9,3,2,12.041772151898734,12.799507995079951
2023-09-21,부산,15.78455790784558,7.060991105463787,3.8,21.5,77.4,1001.6,9.8,9,3,3,21.75,7.709228824273072
2023-09-22,부산,19.03030303030303,7.24,2.6,22.1,63.3,1006.9,11.394455994455992,9,3,4,7.060991105463787,7.235511713933415
2023-09-23,부산,15.324970131421745,6.672413793103448,2.9,21.7,57.3,1010.2,11.394455994455992,9,3,5,7.24,7.141057934508816
2023-09-24,부산,17.070238095238096,5.908088235294118,3.7,22.8,58.0,1010.1,0.0,9,3,6,6.672413793103448,4.0051679586563305
2023-09-25,부산,20.430133657351153,6.874378109452737,3.0,23.7,64.8,1007.2,11.394455994455992,9,3,0,5.908088235294118,5.246134020618556
2023-09-26,부산,20.67765567765568,11.390663390663391,1.8,23.6,77.6,1004.9,0.6,9,3,1,6.874378109452737,12.041772151898734
2023-09-27,부산,18.761846901579588,11.548661800486618,3.2,25.1,70.6,1002.8,11.394455994455992,9,3,2,11.390663390663391,21.75
2023-09-28,부산,12.002439024390243,7.296251511487304,2.6,25.1,61.1,1004.4,11.394455994455992,9,3,3,11.548661800486618,7.060991105463787
2023-09-29,부산,34.703067484662576,22.678229665071772,1.9,24.3,55.8,1005.2,11.394455994455992,9,3,4,7.296251511487304,7.24
2023-09-30,부산,24.38,17.730350665054413,3.2,20.3,69.3,1002.2,1.2,9,3,5,22.678229665071772,6.672413793103448
2023-10-01,부산,25.602941176470587,11.528639618138424,2.0,21.0,51.0,1004.8,11.394455994455992,10,3,6,17.730350665054413,5.908088235294118
2023-10-02,부산,16.495085995085994,8.411694510739856,2.6,20.4,42.1,1008.8,11.394455994455992,10,3,0,11.528639618138424,6.874378109452737
2023-10-03,부산,16.52034525277435,9.057416267942584,2.5,19.7,61.9,1008.4,0.9,10,3,1,8.411694510739856,11.390663390663391
2023-10-04,부산,18.442118226600986,10.914841849148418,2.1,21.2,54.1,1004.6,11.394455994455992,10,3,2,9.057416267942584,11.548661800486618
2023-10-05,부산,24.003627569528415,10.452898550724637,2.9,18.4,31.0,1005.4,11.394455994455992,10,3,3,10.914841849148418,7.296251511487304
2023-10-06,부산,31.145278450363197,12.509661835748792,2.2,18.2,41.6,1009.4,11.394455994455992,10,3,4,10.452898550724637,22.678229665071772
2023-10-07,부산,21.014354066985646,10.616028708133971,2.6,19.3,55.8,1012.7,2.5,10,3,5,12.509661835748792,17.730350665054413
2023-10-08,부산,13.403680981595093,6.61557478368356,3.3,18.7,62.1,1012.9,0.3,10,3,6,10.616028708133971,11.528639618138424
2023-10-09,부산,14.150898203592815,7.434258142340169,2.7,19.6,67.9,1009.9,0.0,10,3,0,6.61557478368356,8.411694510739856
2023-10-10,부산,18.82082324455206,11.036057692307692,2.9,19.5,56.4,1011.0,11.394455994455992,10,3,1,7.434258142340169,9.057416267942584
2023-10-11,부산,22.57894736842105,10.548619447779112,3.2,19.8,44.5,1014.9,11.394455994455992,10,3,2,11.036057692307692,10.914841849148418
2023-10-12,부산,19.563701923076923,10.153012048192771,2.8,19.3,45.5,1014.8,11.394455994455992,10,3,3,10.548619447779112,10.452898550724637
2023-10-13,부산,19.825242718446603,11.802409638554217,2.4,20.2,51.6,1008.8,11.394455994455992,10,3,4,10.153012048192771,12.509661835748792
2023-10-14,부산,22.932611311672684,14.695913461538462,2.8,19.7,54.6,1001.5,11.394455994455992,10,3,5,11.802409638554217,10.616028708133971
2023-10-15,부산,20.043478260869566,13.833333333333334,2.5,18.4,50.8,1001.5,11.394455994455992,10,3,6,14.695913461538462,6.61557478368356
2023-10-16,부산,29.38909090909091,16.50791717417783,2.3,18.7,46.3,1005.4,11.394455994455992,10,3,0,13.833333333333334,7.434258142340169
2023-10-17,부산,32.270334928229666,15.236842105263158,2.7,16.7,45.5,1009.6,11.394455994455992,10,3,1,16.50791717417783,11.036057692307692
2023-10-18,부산,29.314217443249703,15.363201911589009,3.0,18.6,55.0,1011.2,11.394455994455992,10,3,2,15.236842105263158,10.548619447779112
2023-10-19,부산,24.03739445114596,13.340218712029161,4.3,19.5,63.1,1007.4,0.0,10,3,3,15.363201911589009,10.153012048192771
2023-10-20,부산,16.95593635250918,7.40530303030303,3.6,14.8,43.5,1006.1,0.5,10,3,4,13.340218712029161,11.802409638554217
2023-10-21,부산,18.75327771156138,7.0257668711656445,4.3,13.7,35.5,1011.5,11.394455994455992,10,3,5,7.40530303030303,14.695913461538462
2023-10-22,부산,15.332932692307692,8.268564356435643,3.5,15.0,40.4,1014.0,11.394455994455992,10,3,6,7.0257668711656445,13.833333333333334
2023-10-23,부산,30.49264705882353,15.022415940224159,2.7,17.4,52.0,1013.7,11.394455994455992,10,3,0,8.268564356435643,16.50791717417783
2023-10-24,부산,31.824408468244084,18.852684144818976,2.9,17.2,52.0,1011.3,11.394455994455992,10,3,1,15.022415940224159,15.236842105263158
2023-10-25,부산,32.59681372549019,20.310049019607842,2.5,18.5,55.3,1008.9,11.394455994455992,10,3,2,18.852684144818976,15.363201911589009
2023-10-26,부산,39.02363184079602,25.213664596273293,3.3,19.5,53.9,1005.8,11.394455994455992,10,3,3,20.310049019607842,13.340218712029161
2023-10-27,부산,44.30878552971576,26.224516129032256,2.5,17.0,54.5,1004.8,11.394455994455992,10,3,4,25.213664596273293,7.40530303030303
2023-10-28,부산,26.058823529411764,15.122715404699738,2.0,16.6,55.3,1009.6,11.394455994455992,10,3,5,26.224516129032256,7.0257668711656445
2023-10-29,부산,21.608072916666668,11.861294583883751,2.5,16.6,55.0,1013.1,11.394455994455992,10,3,6,15.122715404699738,8.268564356435643
2023-10-30,부산,30.21778350515464,17.498069498069498,2.0,17.1,60.6,1013.4,11.394455994455992,10,3,0,11.861294583883751,15.022415940224159
2023-10-31,부산,42.94117647058823,26.63558282208589,3.1,18.4,52.8,1012.9,11.394455994455992,10,3,1,17.498069498069498,18.852684144818976
2023-11-01,부산,37.17118226600985,21.3320987654321,5.2,18.8,61.9,1010.9,11.394455994455992,11,3,2,26.63558282208589,20.310049019607842
2023-11-02,부산,30.986318407960198,16.796273291925466,4.3,20.2,66.3,1009.7,11.394455994455992,11,3,3,21.3320987654321,25.213664596273293
2023-11-03,부산,27.433128834355827,15.59390243902439,4.1,20.7,65.5,1008.1,11.394455994455992,11,3,4,16.796273291925466,26.224516129032256
2023-11-04,부산,30.160240963855422,19.50598086124402,2.0,19.8,72.8,1012.0,3.6,11,3,5,15.59390243902439,15.122715404699738
2023-11-05,부산,28.435365853658535,19.435406698564595,2.2,20.4,76.6,1010.5,0.0,11,3,6,19.50598086124402,11.861294583883751
2023-11-06,부산,23.229368932038835,9.752403846153847,7.8,18.7,60.4,1000.8,11.5,11,3,0,19.435406698564595,17.498069498069498
2023-11-07,부산,25.079041916167665,11.249699879951981,4.3,13.3,34.9,1009.9,11.394455994455992,11,3,1,9.752403846153847,26.63558282208589
2023-11-08,부산,20.108982035928143,10.75301204819277,1.4,14.5,46.6,1013.3,11.394455994455992,11,3,2,11.249699879951981,21.3320987654321
2023-11-09,부산,23.54004854368932,13.306666666666667,2.0,17.8,63.4,1011.3,11.394455994455992,11,3,3,10.75301204819277,16.796273291925466
2023-11-10,부산,19.846153846153847,12.566459627329193,3.2,13.9,46.8,1010.9,1.4,11,3,4,13.306666666666667,15.59390243902439
2023-11-11,부산,20.19509202453988,11.62200956937799,2.6,9.6,37.3,1016.0,11.394455994455992,11,3,5,12.566459627329193,19.50598086124402
2023-11-12,부산,14.39344262295082,9.567827130852342,3.2,6.7,34.3,1014.9,11.394455994455992,11,3,6,11.62200956937799,19.435406698564595
2023-11-13,부산,16.427307206068267,10.357575757575757,3.4,6.5,28.3,1016.2,11.394455994455992,11,3,0,9.567827130852342,9.752403846153847
2023-11-14,부산,20.783882783882785,12.715674362089915,3.5,8.8,38.3,1016.1,11.394455994455992,11,3,1,10.357575757575757,11.249699879951981
2023-11-15,부산,30.415981198589893,20.446533490011753,2.9,10.6,46.4,1017.8,11.394455994455992,11,3,2,12.715674362089915,10.75301204819277
2023-11-16,부산,34.582142857142856,24.320046893317702,2.3,9.9,65.5,1010.7,11.7,11,3,3,20.446533490011753,13.306666666666667
2023-11-17,부산,18.570566948130278,11.801920768307323,3.8,7.2,50.3,1003.8,11.394455994455992,11,3,4,24.320046893317702,12.566459627329193
2023-11-18,부산,15.742753623188406,10.30281690140845,4.9,4.6,45.3,1006.7,0.3,11,3,5,11.801920768307323,11.62200956937799
2023-11-19,부산,23.097560975609756,13.390442890442891,4.0,9.2,48.9,1008.7,11.394455994455992,11,3,6,10.30281690140845,9.567827130852342
2023-11-20,부산,40.497048406139314,22.721369539551358,2.0,11.0,47.9,1013.5,11.394455994455992,11,3,0,13.390442890442891,10.357575757575757
2023-11-21,부산,32.8920521945433,20.356635071090047,2.9,12.6,54.1,1012.4,11.394455994455992,11,3,1,22.721369539551358,12.715674362089915
2023-11-22,부산,27.263723150357997,16.96445497630332,4.3,14.9,61.4,1008.3,11.394455994455992,11,3,2,20.356635071090047,20.446533490011753
2023-11-23,부산,48.90909090909091,27.05607476635514,5.2,16.2,56.5,1004.0,11.394455994455992,11,3,3,16.96445497630332,24.320046893317702
2023-11-24,부산,22.340450771055753,10.769682726204465,3.4,6.1,26.4,1015.7,11.394455994455992,11,3,4,27.05607476635514,11.801920768307323
2023-11-25,부산,16.50477326968974,9.769320843091334,2.9,4.3,32.0,1021.0,11.394455994455992,11,3,5,10.769682726204465,10.30281690140845
2023-11-26,부산,22.749708963911527,15.158900836320191,2.0,8.0,32.9,1015.0,11.394455994455992,11,3,6,9.769320843091334,13.390442890442891
2023-11-27,부산,30.444835680751172,17.38698224852071,3.2,11.4,53.9,1006.1,11.394455994455992,11,3,0,15.158900836320191,22.721369539551358
2023-11-28,부산,36.90716803760282,17.566938300349243,4.6,8.6,33.1,1010.6,11.394455994455992,11,3,1,17.38698224852071,20.356635071090047
2023-11-29,부산,30.238372093023255,17.883855981416957,3.0,6.9,43.5,1014.2,11.394455994455992,11,3,2,17.566938300349243,16.96445497630332
2023-11-30,부산,19.13491124260355,11.038823529411765,3.5,2.6,31.3,1015.6,11.394455994455992,11,3,3,17.883855981416957,27.05607476635514
2023-12-01,부산,18.527380952380952,11.455726092089728,3.2,2.4,37.3,1015.1,11.394455994455992,12,4,4,11.038823529411765,10.769682726204465
2023-12-02,부산,21.5,13.750593824228028,3.3,5.2,44.6,1016.4,11.394455994455992,12,4,5,11.455726092089728,9.769320843091334
2023-12-03,부산,39.458333333333336,26.71064814814815,2.3,7.9,40.5,1015.8,11.394455994455992,12,4,6,13.750593824228028,15.158900836320191
2023-12-04,부산,36.951105937136205,23.849187935034802,2.2,8.6,38.9,1011.9,11.394455994455992,12,4,0,26.71064814814815,17.38698224852071
2023-12-05,부산,38.57377049180328,24.785211267605632,1.5,10.5,39.1,1007.9,11.394455994455992,12,4,1,23.849187935034802,17.566938300349243
2023-12-06,부산,48.44131455399061,32.63934426229508,3.9,11.1,47.5,1002.2,0.7,12,4,2,24.785211267605632,17.883855981416957
2023-12-07,부산,52.106728538283065,22.428402366863907,4.6,9.4,35.4,1007.3,11.394455994455992,12,4,3,32.63934426229508,11.038823529411765
2023-12-08,부산,72.77058823529411,23.792161520190025,5.6,14.6,59.0,1008.5,11.394455994455992,12,4,4,22.428402366863907,11.455726092089728
2023-12-09,부산,56.19097222222222,19.60300925925926,4.4,16.3,62.4,1009.8,11.394455994455992,12,4,5,23.792161520190025,13.750593824228028
2023-12-10,부산,63.87268518518518,30.100694444444443,2.4,15.0,64.1,1013.7,11.394455994455992,12,4,6,19.60300925925926,26.71064814814815
2023-12-11,부산,31.34040047114252,15.253873659117998,3.6,14.4,84.6,1006.1,46.2,12,4,0,30.100694444444443,23.849187935034802
2023-12-12,부산,9.867149758454106,5.5215827338129495,4.0,9.9,69.1,1010.0,0.0,12,4,1,15.253873659117998,24.785211267605632
2023-12-13,부산,15.950704225352112,7.548309178743962,2.8,11.0,60.0,1019.0,11.394455994455992,12,4,2,5.5215827338129495,32.63934426229508
2023-12-14,부산,14.689776733254995,8.392251815980629,3.2,11.9,78.5,1014.1,32.8,12,4,3,7.548309178743962,22.428402366863907
2023-12-15,부산,10.32625,6.923376623376623,3.1,13.0,89.0,1003.3,17.8,12,4,4,8.392251815980629,23.792161520190025
2023-12-16,부산,9.202033036848793,6.056320400500626,5.3,3.8,52.8,1009.8,3.1,12,4,5,6.923376623376623,19.60300925925926
2023-12-17,부산,10.273299748110832,7.94080604534005,3.3,-2.7,37.1,1021.4,11.394455994455992,12,4,6,6.056320400500626,30.100694444444443
2023-12-18,부산,13.071871127633209,8.298865069356873,4.0,-1.3,32.6,1022.8,11.394455994455992,12,4,0,7.94080604534005,15.253873659117998
2023-12-19,부산,20.026315789473685,10.312958435207824,2.1,1.9,36.3,1017.5,0.0,12,4,1,8.298865069356873,5.5215827338129495
2023-12-20,부산,24.70828331332533,17.21279212792128,3.5,0.7,46.9,1014.5,11.394455994455992,12,4,2,10.312958435207824,7.548309178743962
2023-12-21,부산,15.209302325581396,10.484810126582278,3.2,-4.5,39.9,1018.6,11.394455994455992,12,4,3,17.21279212792128,8.392251815980629
2023-12-22,부산,16.61804697156984,10.255292652552926,3.4,-4.7,38.5,1023.7,11.394455994455992,12,4,4,10.484810126582278,6.923376623376623
2023-12-23,부산,14.176470588235293,9.124694376528117,3.1,-1.5,39.6,1025.6,11.394455994455992,12,4,5,10.255292652552926,6.056320400500626
2023-12-24,부산,22.471604938271604,17.21654501216545,2.2,2.0,53.9,1020.9,0.0,12,4,6,9.124694376528117,7.94080604534005
2023-12-25,부산,33.36078886310905,24.605263157894736,2.1,2.2,49.6,1019.5,11.394455994455992,12,4,0,17.21654501216545,8.298865069356873
2023-12-26,부산,37.04,26.00357568533969,3.0,4.5,53.5,1020.0,11.394455994455992,12,4,1,24.605263157894736,10.312958435207824
2023-12-27,부산,40.38533178114086,26.279097387173397,1.7,7.2,50.4,1020.6,11.394455994455992,12,4,2,26.00357568533969,17.21279212792128
2023-12-28,부산,48.6454652532391,34.13309352517986,2.0,8.0,49.8,1017.4,11.394455994455992,12,4,3,26.279097387173397,10.484810126582278
2023-12-29,부산,61.45764705882353,46.691017964071854,3.0,6.1,47.5,1016.4,11.394455994455992,12,4,4,34.13309352517986,10.255292652552926
2023-12-30,부산,59.493234932349324,46.96125907990315,2.9,8.2,58.4,1008.8,2.2,12,4,5,46.691017964071854,9.124694376528117
2023-12-31,부산,33.630379746835445,27.670316301703163,3.9,8.1,67.1,1006.9,0.0,12,4,6,46.96125907990315,17.21654501216545
2024-10-01,부산,19.611548556430446,9.19109947643979,3.4,23.7,65.4,1002.4,0.0,10,3,1,27.670316301703163,24.605263157894736
2024-10-02,부산,15.386333771353483,6.0,4.0,19.3,42.1,1007.7,0.0,10,3,2,9.19109947643979,26.00357568533969
2024-10-03,부산,11.307994757536042,4.853018372703412,4.2,17.7,76.5,1010.6,12.2,10,3,3,6.0,26.279097387173397
2024-10-04,부산,13.167989417989418,5.6950732356857525,3.1,19.0,69.5,1014.8,0.3,10,3,4,4.853018372703412,34.13309352517986
2024-10-05,부산,12.177545691906005,5.184895833333333,3.3,21.1,62.6,1013.6,0.0,10,3,5,5.6950732356857525,46.691017964071854
2024-10-06,부산,11.55921052631579,5.763469119579501,2.7,19.6,79.5,1010.8,4.0,10,3,6,5.184895833333333,46.96125907990315
2024-10-07,부산,11.36231884057971,6.986807387862797,2.8,17.3,86.4,1008.2,5.0,10,3,0,5.763469119579501,27.670316301703163
2024-10-08,부산,21.479470198675497,13.202396804260985,2.2,19.5,74.5,1007.4,0.1,10,3,1,6.986807387862797,9.19109947643979
2024-10-09,부산,17.047682119205298,7.224137931034483,3.6,19.3,66.4,1007.8,11.394455994455992,10,3,2,13.202396804260985,6.0
2024-10-10,부산,17.80666666666667,8.209333333333333,2.7,19.8,63.9,1006.6,0.0,10,3,3,7.224137931034483,4.853018372703412
2024-10-11,부산,19.65831134564644,10.602631578947369,1.6,20.8,66.4,1009.9,11.394455994455992,10,3,4,8.209333333333333,5.6950732356857525
2024-10-12,부산,19.278580814717476,11.767105263157895,1.8,21.1,65.4,1014.2,11.394455994455992,10,3,5,10.602631578947369,5.184895833333333
2024-10-13,부산,14.395287958115183,7.804204993429698,2.8,21.5,67.9,1014.6,11.394455994455992,10,3,6,11.767105263157895,5.763469119579501
2024-10-14,부산,20.82699868938401,9.077631578947368,2.2,21.8,81.0,1011.1,33.2,10,3,0,7.804204993429698,6.986807387862797
2024-10-15,부산,17.64081632653061,10.8544474393531,3.0,21.8,92.4,1009.2,18.6,10,3,1,9.077631578947368,13.202396804260985
2024-10-16,부산,29.206349206349206,13.89121887287025,2.8,21.9,71.3,1013.2,11.394455994455992,10,3,2,10.8544474393531,7.224137931034483
2024-10-17,부산,29.863031914893618,12.17938420348059,3.0,21.0,74.1,1013.7,11.394455994455992,10,3,3,13.89121887287025,8.209333333333333
2024-10-18,부산,26.337239583333332,10.861799217731422,4.3,22.9,85.8,1006.9,22.1,10,3,4,12.17938420348059,10.602631578947369
2024-10-19,부산,13.196524064171124,6.406535947712419,4.1,20.1,81.3,1008.9,1.5,10,3,5,10.861799217731422,11.767105263157895
2024-10-20,부산,19.615384615384617,6.3203125,4.7,15.7,60.1,1020.4,0.0,10,3,6,6.406535947712419,7.804204993429698
2024-10-21,부산,24.897058823529413,8.578877005347593,2.8,19.8,73.3,1014.9,0.4,10,3,0,6.3203125,9.077631578947368
2024-10-22,부산,10.78162450066578,5.730666666666667,3.2,20.2,94.4,1006.6,105.7,10,3,1,8.578877005347593,10.8544474393531
2024-10-23,부산,14.911528150134048,7.202917771883289,4.4,18.0,58.5,1006.6,11.394455994455992,10,3,2,5.730666666666667,13.89121887287025
2024-10-24,부산,21.173856209150326,11.541176470588235,2.7,16.3,64.8,1012.1,11.394455994455992,10,3,3,7.202917771883289,12.17938420348059
2024-10-25,부산,19.916230366492147,9.223821989528796,3.7,19.0,69.8,1015.7,11.394455994455992,10,3,4,11.541176470588235,10.861799217731422
2024-10-26,부산,19.77516339869281,8.481770833333334,3.1,19.4,66.4,1012.4,11.394455994455992,10,3,5,9.223821989528796,6.406535947712419
2024-10-27,부산,15.071989528795811,8.695822454308095,2.2,17.4,76.3,1006.0,5.4,10,3,6,8.481770833333334,6.3203125
2024-10-28,부산,22.71578947368421,13.842953020134228,3.2,17.0,75.6,1006.2,0.3,10,3,0,8.695822454308095,8.578877005347593
2024-10-29,부산,18.22222222222222,6.862385321100917,3.3,17.3,67.8,1009.8,11.394455994455992,10,3,1,13.842953020134228,5.730666666666667
2024-10-30,부산,19.341789052069426,10.0975935828877,2.4,17.9,64.5,1013.3,11.394455994455992,10,3,2,6.862385321100917,7.202917771883289
2024-10-31,부산,24.06887417218543,12.95750332005312,2.9,18.5,65.8,1014.2,11.394455994455992,10,3,3,10.0975935828877,11.541176470588235
2024-11-01,부산,13.214659685863875,9.24631860776439,2.8,15.5,88.8,1010.8,42.3,11,3,4,12.95750332005312,9.223821989528796
2024-11-02,부산,15.158169934640522,8.303030303030303,4.0,17.8,79.1,1007.6,27.2,11,3,5,9.24631860776439,8.481770833333334
2024-11-03,부산,24.364721485411142,11.916550764951321,2.7,17.7,63.9,1014.1,11.394455994455992,11,3,6,8.303030303030303,8.695822454308095
2024-11-04,부산,26.280701754385966,15.302864938608458,2.9,18.0,67.0,1011.4,11.394455994455992,11,3,0,11.916550764951321,13.842953020134228
2024-11-05,부산,30.024869109947645,16.505913272010513,2.7,14.7,57.8,1010.2,11.394455994455992,11,3,1,15.302864938608458,6.862385321100917
2024-11-06,부산,18.79205298013245,9.861842105263158,3.4,11.8,30.5,1015.4,11.394455994455992,11,3,2,16.505913272010513,10.0975935828877
2024-11-07,부산,20.560544217687074,10.627476882430647,2.1,15.0,57.6,1020.1,0.0,11,3,3,9.861842105263158,12.95750332005312
2024-11-08,부산,20.08377659574468,10.402088772845953,2.1,16.0,65.4,1019.3,0.0,11,3,4,10.627476882430647,9.24631860776439
2024-11-09,부산,15.810526315789474,8.363040629095675,2.8,17.0,61.6,1017.3,11.394455994455992,11,3,5,10.402088772845953,8.303030303030303
2024-11-10,부산,16.126631853785902,8.611548556430446,2.3,16.8,68.0,1013.2,0.0,11,3,6,8.363040629095675,11.916550764951321
2024-11-11,부산,16.923884514435695,9.374015748031496,2.1,17.3,66.8,1011.0,11.394455994455992,11,3,0,8.611548556430446,15.302864938608458
2024-11-12,부산,27.300132802124836,16.62367021276596,2.7,17.2,56.6,1010.0,11.394455994455992,11,3,1,9.374015748031496,16.505913272010513
2024-11-13,부산,31.34862385321101,14.10441767068273,3.1,16.6,59.6,1014.0,11.394455994455992,11,3,2,16.62367021276596,9.861842105263158
2024-11-14,부산,28.833551769331585,15.579842931937172,2.5,17.0,63.0,1012.6,11.394455994455992,11,3,3,14.10441767068273,10.627476882430647
2024-11-15,부산,35.11920529801324,22.124338624338623,2.1,17.2,71.8,1010.4,0.2,11,3,4,15.579842931937172,10.402088772845953
2024-11-16,부산,22.72043010752688,12.846567967698519,2.6,19.1,71.1,1008.1,11.394455994455992,11,3,5,22.124338624338623,8.363040629095675
2024-11-17,부산,19.804054054054053,12.635994587280107,3.4,15.1,50.5,1009.9,11.394455994455992,11,3,6,12.846567967698519,8.611548556430446
2024-11-18,부산,19.02929427430093,9.108144192256342,4.8,8.5,38.4,1019.8,11.394455994455992,11,3,0,12.635994587280107,9.374015748031496
2024-11-19,부산,14.889039242219216,7.377837116154873,3.3,10.6,61.5,1020.4,11.394455994455992,11,3,1,9.108144192256342,16.62367021276596
2024-11-20,부산,26.470355731225297,15.823759791122715,2.4,11.5,53.4,1014.2,11.394455994455992,11,3,2,7.377837116154873,14.10441767068273
2024-11-21,부산,41.825916230366495,26.01953125,3.3,12.5,54.4,1011.6,11.394455994455992,11,3,3,15.823759791122715,15.579842931937172
2024-11-22,부산,36.62875816993464,23.59633027522936,2.8,11.2,45.3,1012.7,11.394455994455992,11,3,4,26.01953125,22.124338624338623
2024-11-23,부산,18.938239159001313,11.239215686274509,3.3,10.9,56.9,1017.7,11.394455994455992,11,3,5,23.59633027522936,12.846567967698519
2024-11-24,부산,11.34016393442623,7.013623978201635,2.6,11.5,63.9,1020.3,11.394455994455992,11,3,6,11.239215686274509,12.635994587280107
2024-11-25,부산,16.651006711409394,8.683853459972863,2.4,13.3,61.4,1017.2,0.3,11,3,0,7.013623978201635,9.108144192256342
2024-11-26,부산,18.295060080106808,8.425068119891009,5.5,11.6,63.0,1004.0,29.1,11,3,1,8.683853459972863,7.377837116154873
2024-11-27,부산,18.528225806451612,8.606182795698924,5.9,6.6,50.3,1004.7,0.0,11,3,2,8.425068119891009,15.823759791122715
2024-11-28,부산,21.079787234042552,10.694070080862534,5.7,6.9,54.3,1003.5,11.394455994455992,11,3,3,8.606182795698924,26.01953125
2024-11-29,부산,15.922448979591836,10.257595772787319,4.1,6.6,56.0,1003.6,11.394455994455992,11,3,4,10.694070080862534,23.59633027522936
2024-11-30,부산,16.08,8.682119205298013,3.4,8.7,49.4,1007.0,11.394455994455992,11,3,5,10.257595772787319,11.239215686274509
2024-12-01,부산,26.243774574049805,14.694516971279374,2.9,11.3,59.8,1008.4,0.0,12,4,6,8.682119205298013,7.013623978201635
2024-12-02,부산,36.07853403141361,20.16864295125165,3.5,13.9,60.1,1007.9,11.394455994455992,12,4,0,14.694516971279374,8.683853459972863
2024-12-03,부산,38.71447721179624,25.289544235924932,3.2,9.4,37.0,1011.3,11.394455994455992,12,4,1,20.16864295125165,8.425068119891009
2024-12-04,부산,21.839506172839506,13.005494505494505,2.6,6.7,44.3,1012.0,11.394455994455992,12,4,2,25.289544235924932,8.606182795698924
2024-12-05,부산,24.72762645914397,14.354922279792746,4.1,7.8,49.0,1008.3,11.394455994455992,12,4,3,13.005494505494505,10.694070080862534
2024-12-06,부산,23.3397190293742,13.23447401774398,4.3,7.9,45.3,1010.6,11.394455994455992,12,4,4,14.354922279792746,10.257595772787319
2024-12-07,부산,20.980124223602484,13.103015075376884,2.6,5.2,47.0,1014.0,11.394455994455992,12,4,5,13.23447401774398,8.682119205298013
2024-12-08,부산,15.07741116751269,10.177150192554556,3.5,4.2,34.3,1014.6,11.394455994455992,12,4,6,13.103015075376884,14.694516971279374
2024-12-09,부산,23.952321204516938,12.823970037453183,3.1,4.8,44.8,1014.6,11.394455994455992,12,4,0,10.177150192554556,20.16864295125165
2024-12-10,부산,27.444444444444443,17.522292993630572,2.8,6.5,42.0,1013.1,11.394455994455992,12,4,1,12.823970037453183,25.289544235924932
2024-12-11,부산,32.06615776081425,21.20875,2.5,7.6,45.5,1011.6,11.394455994455992,12,4,2,17.522292993630572,13.005494505494505
2024-12-12,부산,28.335044929396663,18.44823232323232,4.0,6.4,40.1,1012.9,11.394455994455992,12,4,3,21.20875,14.354922279792746
2024-12-13,부산,24.82286432160804,15.093632958801498,3.6,4.7,30.9,1010.9,11.394455994455992,12,4,4,18.44823232323232,13.23447401774398
2024-12-14,부산,20.6056338028169,12.395755305867665,3.3,3.3,37.8,1014.2,11.394455994455992,12,4,5,15.093632958801498,13.103015075376884
2024-12-15,부산,17.884715025906736,10.923664122137405,5.1,5.2,49.6,1011.8,11.394455994455992,12,4,6,12.395755305867665,10.177150192554556
2024-12-16,부산,20.73091849935317,11.59662775616083,2.7,5.0,44.4,1012.9,11.394455994455992,12,4,0,10.923664122137405,12.823970037453183
2024-12-17,부산,21.773316062176164,13.439490445859873,2.7,5.2,40.5,1014.9,11.394455994455992,12,4,1,11.59662775616083,17.522292993630572
2024-12-18,부산,23.604010025062657,15.617424242424242,3.3,2.2,42.8,1014.3,11.394455994455992,12,4,2,13.439490445859873,21.20875
2024-12-19,부산,24.35614702154626,14.460377358490566,2.9,3.8,36.1,1018.2,11.394455994455992,12,4,3,15.617424242424242,18.44823232323232
2024-12-20,부산,29.939119170984455,17.518709677419356,3.5,6.6,36.8,1013.3,11.394455994455992,12,4,4,14.460377358490566,15.093632958801498
2024-12-21,부산,31.435124508519003,21.907894736842106,4.3,4.4,51.4,1008.6,11.394455994455992,12,4,5,17.518709677419356,12.395755305867665
2024-12-22,부산,16.166666666666668,10.178947368421053,3.9,1.3,32.6,1014.8,11.394455994455992,12,4,6,21.907894736842106,10.923664122137405
2024-12-23,부산,17.39243807040417,9.36482939632546,3.1,4.2,40.5,1016.1,11.394455994455992,12,4,0,10.178947368421053,11.59662775616083
2024-12-24,부산,25.302798982188296,15.246505717916138,2.1,5.0,39.5,1017.7,11.394455994455992,12,4,1,9.36482939632546,13.439490445859873
2024-12-25,부산,31.237673830594186,20.82994923857868,3.4,6.5,48.1,1015.9,11.394455994455992,12,4,2,15.246505717916138,15.617424242424242
2024-12-26,부산,41.1610824742268,25.610539845758353,3.7,6.2,43.9,1013.2,11.394455994455992,12,4,3,20.82994923857868,14.460377358490566
2024-12-27,부산,23.524777636594663,13.275031685678073,3.5,2.3,41.1,1014.9,11.394455994455992,12,4,4,25.610539845758353,17.518709677419356
2024-12-28,부산,22.90012804097311,15.664532650448143,3.8,1.5,45.6,1013.5,11.394455994455992,12,4,5,13.275031685678073,21.907894736842106
2024-12-29,부산,18.853137516688918,12.431847133757962,2.2,4.2,47.8,1016.6,11.394455994455992,12,4,6,15.664532650448143,10.178947368421053
2024-12-30,부산,36.16754617414248,19.640050697084916,4.4,8.2,53.5,1011.5,11.394455994455992,12,4,0,12.431847133757962,9.36482939632546
2024-12-31,부산,29.778473091364205,15.667493796526054,3.8,6.7,27.5,1009.6,11.394455994455992,12,4,1,19.640050697084916,15.246505717916138
2023-01-08,서울,131.2863247863248,58.94375,1.7,1.3,69.3,1013.9,11.394455994455992,1,4,6,89.59749739311783,36.96767466110532
2023-01-09,서울,93.5912017167382,40.20952380952381,2.3,3.1,60.1,1013.8,11.394455994455992,1,4,0,58.94375,11.668437832093517
2023-01-10,서울,62.096424702058506,33.45887445887446,1.5,1.6,59.9,1017.6,11.394455994455992,1,4,1,40.20952380952381,17.01279317697228
2023-01-11,서울,75.23427331887201,48.52985884907709,1.6,2.6,61.9,1015.0,11.394455994455992,1,4,2,33.45887445887446,23.099787685774945
2023-01-12,서울,66.04442036836403,44.77440347071583,2.2,5.9,46.6,1011.3,0.0,1,4,3,48.52985884907709,36.0708245243129
2023-01-13,서울,21.84285714285714,13.502173913043478,2.5,8.3,99.1,1000.5,37.3,1,4,4,44.77440347071583,61.53095487932843
2023-01-14,서울,12.90752688172043,7.956474428726877,2.5,6.6,92.9,1003.2,1.6,1,4,5,13.502173913043478,89.59749739311783
2023-01-15,서울,14.602813852813853,10.492849284928493,2.8,-0.2,93.9,1007.3,3.2,1,4,6,7.956474428726877,58.94375
2023-01-16,서울,22.733773377337734,12.854444444444445,2.7,-4.6,63.1,1014.4,0.0,1,4,0,10.492849284928493,40.20952380952381
2023-01-17,서울,33.299447513812154,17.756637168141594,1.8,-3.7,65.1,1015.7,0.0,1,4,1,12.854444444444445,33.45887445887446
2023-01-18,서울,54.28896103896104,24.460455037919825,2.0,-1.9,60.5,1015.3,0.0,1,4,2,17.756637168141594,48.52985884907709
2023-01-19,서울,63.010822510822514,25.076839826839826,2.5,-0.4,69.3,1012.1,1.0,1,4,3,24.460455037919825,44.77440347071583
2023-01-20,서울,65.16756176154672,16.66021505376344,3.7,-3.3,52.4,1016.5,11.394455994455992,1,4,4,25.076839826839826,13.502173913043478
2023-01-21,서울,24.889839572192514,10.951716738197424,1.8,-4.5,55.4,1019.4,11.394455994455992,1,4,5,16.66021505376344,7.956474428726877
2023-01-22,서울,27.65273311897106,12.57905982905983,2.6,-0.6,62.8,1015.4,0.0,1,4,6,10.951716738197424,10.492849284928493
2023-01-23,서울,54.60106951871658,29.523504273504273,2.7,-0.8,66.6,1012.7,11.394455994455992,1,4,0,12.57905982905983,12.854444444444445
2023-01-24,서울,28.064102564102566,9.88888888888889,4.6,-14.7,51.9,1018.4,0.0,1,4,1,29.523504273504273,17.756637168141594
2023-01-25,서울,22.6264800861141,9.048596112311015,2.1,-11.3,45.1,1019.1,0.0,1,4,2,9.88888888888889,24.460455037919825
2023-01-26,서울,31.253121452894437,20.095078299776286,2.5,-6.0,80.1,1013.0,0.8,1,4,3,9.048596112311015,25.076839826839826
2023-01-27,서울,40.32298850574713,19.826237054085155,3.5,-7.3,56.5,1012.0,11.394455994455992,1,4,4,20.095078299776286,16.66021505376344
2023-01-28,서울,38.41069518716578,12.510160427807486,2.4,-6.0,54.9,1011.3,0.0,1,4,5,19.826237054085155,10.951716738197424
2023-01-29,서울,46.037513397642016,14.875935828877004,2.6,-1.8,58.3,1008.2,11.394455994455992,1,4,6,12.510160427807486,12.57905982905983
2023-01-30,서울,43.72707659115426,16.241900647948164,2.1,-0.9,55.9,1012.2,11.394455994455992,1,4,0,14.875935828877004,29.523504273504273
2023-01-31,서울,38.5,16.18851570964247,2.7,2.4,69.1,1006.8,11.394455994455992,1,4,1,16.241900647948164,9.88888888888889
2023-02-01,서울,64.29542920847268,34.89643652561247,3.2,0.9,68.4,1009.0,11.394455994455992,2,4,2,16.18851570964247,9.048596112311015
2023-02-02,서울,43.307867730900796,16.0607424071991,2.5,-2.4,50.3,1015.9,11.394455994455992,2,4,3,34.89643652561247,20.095078299776286
2023-02-03,서울,40.69299221357063,19.107258938244854,2.2,-1.6,47.4,1012.5,11.394455994455992,2,4,4,16.0607424071991,19.826237054085155
2023-02-04,서울,41.379932356257044,25.96688034188034,2.0,-0.2,49.8,1013.9,11.394455994455992,2,4,5,19.107258938244854,12.510160427807486
2023-02-05,서울,66.64414414414415,49.93475935828877,1.8,1.7,71.0,1014.0,11.394455994455992,2,4,6,25.96688034188034,14.875935828877004
2023-02-06,서울,79.48837209302326,59.40692640692641,1.6,3.0,72.3,1011.6,11.394455994455992,2,4,0,49.93475935828877,16.241900647948164
2023-02-07,서울,80.32797427652733,60.450160771704184,1.5,3.5,72.9,1010.7,11.394455994455992,2,4,1,59.40692640692641,16.18851570964247
2023-02-08,서울,67.53621621621622,48.20540540540541,2.5,2.1,62.1,1015.7,11.394455994455992,2,4,2,60.450160771704184,34.89643652561247
2023-02-09,서울,37.597849462365595,23.2406015037594,2.5,4.0,49.9,1015.9,0.0,2,4,3,48.20540540540541,16.0607424071991
2023-02-10,서울,22.84446878422782,16.81581798483207,2.2,3.8,79.6,1010.1,0.6,2,4,4,23.2406015037594,19.107258938244854
2023-02-11,서울,45.660235798499464,35.28632478632478,1.8,2.8,73.0,1012.7,11.394455994455992,2,4,5,16.81581798483207,25.96688034188034
2023-02-12,서울,69.83957219251337,56.73290598290598,1.8,3.7,70.0,1010.8,11.394455994455992,2,4,6,35.28632478632478,49.93475935828877
2023-02-13,서울,34.19609967497291,23.106637649619152,2.3,5.9,66.5,1007.8,11.394455994455992,2,4,0,56.73290598290598,59.40692640692641
2023-02-14,서울,38.80786026200873,23.926006528835693,2.7,1.7,54.9,1012.1,11.394455994455992,2,4,1,23.106637649619152,60.450160771704184
2023-02-15,서울,18.556521739130435,9.978260869565217,2.5,3.2,46.4,1017.9,11.394455994455992,2,4,2,23.926006528835693,48.20540540540541
2023-02-16,서울,28.65695792880259,18.712137486573578,2.7,2.3,68.3,1019.3,0.0,2,4,3,9.978260869565217,23.2406015037594
2023-02-17,서울,46.80128893662728,32.61307609860665,1.8,3.4,67.8,1016.5,11.394455994455992,2,4,4,18.712137486573578,16.81581798483207
2023-02-18,서울,84.0096256684492,63.8525641025641,1.5,5.7,58.3,1009.0,11.394455994455992,2,4,5,32.61307609860665,35.28632478632478
2023-02-19,서울,47.979679144385024,33.16559829059829,3.3,3.5,56.1,1008.5,0.4,2,4,6,63.8525641025641,56.73290598290598
2023-02-20,서울,38.79226519337016,9.407938257993385,3.3,-0.5,46.4,1015.7,11.394455994455992,2,4,0,33.16559829059829,23.106637649619152
2023-02-21,서울,31.91390728476821,15.552980132450331,2.1,-1.3,42.4,1023.4,11.394455994455992,2,4,1,9.407938257993385,23.926006528835693
2023-02-22,서울,43.51602564102564,26.51616379310345,2.2,1.2,50.6,1019.0,11.394455994455992,2,4,2,15.552980132450331,9.978260869565217
2023-02-23,서울,41.64225053078556,24.52238805970149,1.9,2.9,65.5,1013.3,11.394455994455992,2,4,3,26.51616379310345,18.712137486573578
2023-02-24,서울,51.45348837209303,29.535300316122235,3.0,3.5,57.9,1013.7,11.394455994455992,2,4,4,24.52238805970149,32.61307609860665
2023-02-25,서울,38.139583333333334,18.375,2.9,0.7,44.0,1020.9,11.394455994455992,2,4,5,29.535300316122235,63.8525641025641
2023-02-26,서울,36.973958333333336,21.114583333333332,2.1,2.2,46.6,1025.4,11.394455994455992,2,4,6,18.375,33.16559829059829
2023-02-27,서울,49.0276008492569,31.052127659574467,1.9,4.4,47.4,1022.9,11.394455994455992,2,4,0,21.114583333333332,9.407938257993385
2023-02-28,서울,37.806659505907625,24.930257510729614,2.0,4.3,63.4,1016.3,11.394455994455992,2,4,1,31.052127659574467,15.552980132450331
2023-03-01,서울,35.57768508863399,18.269311064718163,3.1,6.0,54.4,1011.3,11.394455994455992,3,1,2,24.930257510729614,26.51616379310345
2023-03-02,서울,52.140969162995596,10.97909790979098,2.8,2.2,37.8,1016.6,11.394455994455992,3,1,3,18.269311064718163,24.52238805970149
2023-03-03,서울,40.029933481152995,16.323725055432373,2.1,4.6,65.0,1016.7,11.394455994455992,3,1,4,10.97909790979098,29.535300316122235
2023-03-04,서울,69.72395833333333,41.03125,1.9,7.7,68.4,1017.8,11.394455994455992,3,1,5,16.323725055432373,18.375
2023-03-05,서울,73.034375,48.52916666666667,1.7,8.0,54.0,1016.2,11.394455994455992,3,1,6,41.03125,21.114583333333332
2023-03-06,서울,56.11477151965994,32.691657866948255,2.1,9.2,41.9,1012.3,11.394455994455992,3,1,0,48.52916666666667,31.052127659574467
2023-03-07,서울,63.23650107991361,32.96109358569927,2.3,11.7,60.9,1009.1,11.394455994455992,3,1,1,32.691657866948255,24.930257510729614
2023-03-08,서울,64.1832627118644,30.53121693121693,2.0,12.5,66.3,1008.1,1.2,3,1,2,32.96109358569927,18.269311064718163
2023-03-09,서울,64.23566878980891,42.63174603174603,2.3,10.3,85.9,1004.8,3.7,3,1,3,30.53121693121693,10.97909790979098
2023-03-10,서울,94.82,54.03174603174603,2.1,13.5,62.1,1008.0,11.394455994455992,3,1,4,42.63174603174603,16.323725055432373
2023-03-11,서울,99.70833333333333,51.863247863247864,2.4,15.2,52.0,1010.8,11.394455994455992,3,1,5,54.03174603174603,41.03125
2023-03-12,서울,54.59937238493724,24.366844919786097,3.7,5.9,68.0,1009.2,5.6,3,1,6,51.863247863247864,48.52916666666667
2023-03-13,서울,34.278775079197466,8.108858057630737,3.2,2.9,38.9,1011.5,11.394455994455992,3,1,0,24.366844919786097,32.691657866948255
2023-03-14,서울,41.67023554603854,10.064618644067796,2.9,9.2,45.9,1007.2,11.394455994455992,3,1,1,8.108858057630737,32.96109358569927
2023-03-15,서울,48.42006269592476,12.568443051201672,3.0,8.6,66.6,1009.7,11.394455994455992,3,1,2,10.064618644067796,30.53121693121693
2023-03-16,서울,59.52431289640592,10.73389651531151,2.4,4.6,36.8,1017.9,11.394455994455992,3,1,3,12.568443051201672,42.63174603174603
2023-03-17,서울,43.13731656184486,15.29245283018868,1.7,7.2,34.3,1013.0,11.394455994455992,3,1,4,10.73389651531151,54.03174603174603
2023-03-18,서울,60.909375,28.828125,2.6,7.7,46.4,1008.4,11.394455994455992,3,1,5,15.29245283018868,51.863247863247864
2023-03-19,서울,94.575,60.276041666666664,2.1,8.3,59.6,1009.2,11.394455994455992,3,1,6,28.828125,24.366844919786097
2023-03-20,서울,86.08463949843261,60.19226750261233,1.6,9.5,50.4,1005.2,11.394455994455992,3,1,0,60.276041666666664,8.108858057630737
2023-03-21,서울,65.04621848739495,37.55042016806723,1.7,13.0,35.1,1001.3,11.394455994455992,3,1,1,60.19226750261233,10.064618644067796
2023-03-22,서울,68.74659685863874,36.88062827225131,1.8,17.0,44.8,999.1,11.394455994455992,3,1,2,37.55042016806723,12.568443051201672
2023-03-23,서울,112.77883597883599,28.98201058201058,2.5,17.4,48.9,996.2,0.0,3,1,3,36.88062827225131,10.73389651531151
2023-03-24,서울,138.10104166666667,25.798958333333335,2.3,12.5,36.8,1004.4,11.394455994455992,3,1,4,28.98201058201058,15.29245283018868
2023-03-25,서울,100.25729166666666,26.460251046025103,2.3,12.5,59.9,1007.2,11.394455994455992,3,1,5,25.798958333333335,28.828125
2023-03-26,서울,59.05526590198123,15.36847599164927,3.6,9.4,34.0,1006.8,11.394455994455992,3,1,6,26.460251046025103,60.276041666666664
2023-03-27,서울,47.88912133891213,20.267502612330198,2.3,7.3,44.8,1011.2,11.394455994455992,3,1,0,15.36847599164927,60.19226750261233
2023-03-28,서울,66.73004201680672,28.626442812172087,2.1,9.2,53.3,1013.1,11.394455994455992,3,1,1,20.267502612330198,37.55042016806723
2023-03-29,서울,80.65964172813487,38.34146341463415,1.9,11.8,50.3,1011.6,11.394455994455992,3,1,2,28.626442812172087,36.88062827225131
2023-03-30,서울,80.55613850996852,39.39559286463798,2.2,13.3,42.5,1008.9,11.394455994455992,3,1,3,38.34146341463415,28.98201058201058
2023-03-31,서울,99.14330543933055,47.782881002087684,2.1,15.0,42.5,1007.6,11.394455994455992,3,1,4,39.39559286463798,25.798958333333335
2023-04-01,서울,89.13958333333333,49.21041666666667,1.8,17.5,40.4,1005.5,11.394455994455992,4,1,5,47.782881002087684,26.460251046025103
2023-04-02,서울,47.45464135021097,30.081675392670157,2.4,18.8,29.6,1008.4,11.394455994455992,4,1,6,49.21041666666667,15.36847599164927
2023-04-03,서울,49.17057569296375,31.76149732620321,2.3,19.0,29.4,1011.3,11.394455994455992,4,1,0,30.081675392670157,20.267502612330198
2023-04-04,서울,37.18076109936575,20.397476340694006,2.6,17.6,40.4,1007.7,6.9,4,1,1,31.76149732620321,28.626442812172087
2023-04-05,서울,18.02660753880266,11.792880258899677,3.4,11.9,97.8,998.2,50.3,4,1,2,20.397476340694006,38.34146341463415
2023-04-06,서울,62.306608884073675,52.54756871035941,2.5,8.8,94.6,1000.0,2.7,4,1,3,11.792880258899677,39.39559286463798
2023-04-07,서울,73.3781512605042,41.68559411146162,2.9,8.9,65.0,1003.6,11.394455994455992,4,1,4,52.54756871035941,47.782881002087684
2023-04-08,서울,39.67778936392075,7.602711157455683,3.2,8.8,51.1,1008.1,11.394455994455992,4,1,5,41.68559411146162,49.21041666666667
2023-04-09,서울,59.391666666666666,15.7288842544317,2.5,10.8,56.8,1008.3,11.394455994455992,4,1,6,7.602711157455683,30.081675392670157
2023-04-10,서울,46.13157894736842,17.779411764705884,2.7,13.2,50.8,1004.3,11.394455994455992,4,1,0,15.7288842544317,31.76149732620321
2023-04-11,서울,68.24842105263158,19.20715036803365,3.6,13.1,73.4,1000.2,2.9,4,1,1,17.779411764705884,20.397476340694006
2023-04-12,서울,263.65687303252884,29.49109947643979,2.7,10.1,45.1,1007.0,11.394455994455992,4,1,2,19.20715036803365,11.792880258899677
2023-04-13,서울,189.09100418410043,26.700836820083683,1.8,11.9,45.0,1006.9,0.0,4,1,3,29.49109947643979,52.54756871035941
2023-04-14,서울,92.54363827549948,19.76575630252101,1.6,16.2,58.6,1002.5,11.394455994455992,4,1,4,26.700836820083683,41.68559411146162
2023-04-15,서울,59.384375,20.495297805642632,2.2,13.5,81.8,994.3,4.6,4,1,5,19.76575630252101,7.602711157455683
2023-04-16,서울,106.51199165797706,30.233974358974358,2.5,10.8,71.4,995.2,0.0,4,1,6,20.495297805642632,15.7288842544317
2023-04-17,서울,100.182302771855,28.281857451403887,2.0,13.1,59.0,1004.2,11.394455994455992,4,1,0,30.233974358974358,17.779411764705884
2023-04-18,서울,43.451859956236326,17.237472766884533,2.7,14.0,78.6,1001.0,1.5,4,1,1,28.281857451403887,19.20715036803365
2023-04-19,서울,36.44952178533475,17.530785562632698,2.4,19.1,66.1,999.0,11.394455994455992,4,1,2,17.237472766884533,29.49109947643979
2023-04-20,서울,24.164693218514532,12.831030818278427,2.4,15.8,92.1,999.8,0.5,4,1,3,17.530785562632698,26.700836820083683
2023-04-21,서울,55.55543595263725,14.256465517241379,2.5,16.7,50.4,1002.0,11.394455994455992,4,1,4,12.831030818278427,19.76575630252101
2023-04-22,서울,54.32526315789474,11.989583333333334,2.6,16.9,22.9,1009.0,11.394455994455992,4,1,5,14.256465517241379,20.495297805642632
2023-04-23,서울,53.04066736183525,14.684375,2.1,16.1,34.1,1012.0,11.394455994455992,4,1,6,11.989583333333334,30.233974358974358
2023-04-24,서울,50.99893842887474,15.349256900212314,2.7,15.8,40.5,1011.8,11.394455994455992,4,1,0,14.684375,28.281857451403887
2023-04-25,서울,33.219873150105705,15.003181336161187,1.9,10.9,68.6,1004.9,0.4,4,1,1,15.349256900212314,17.237472766884533
2023-04-26,서울,27.956842105263156,13.158947368421053,3.1,10.2,69.9,1003.2,0.0,4,1,2,15.003181336161187,17.530785562632698
2023-04-27,서울,38.25941872981701,21.13010752688172,1.9,12.9,61.6,1009.3,11.394455994455992,4,1,3,13.158947368421053,12.831030818278427
2023-04-28,서울,35.922413793103445,16.570967741935483,2.1,15.7,62.0,1005.5,1.9,4,1,4,21.13010752688172,14.256465517241379
2023-04-29,서울,26.954497354497356,12.241666666666667,2.9,13.2,88.1,996.2,25.1,4,1,5,16.570967741935483,11.989583333333334
2023-04-30,서울,38.87382690302398,13.088633993743482,3.3,12.7,72.9,999.6,0.1,4,1,6,12.241666666666667,14.684375
2023-05-01,서울,42.853403141361255,16.574267782426777,2.5,14.6,57.0,1006.7,11.394455994455992,5,1,0,13.088633993743482,15.349256900212314
2023-05-02,서울,32.35508021390374,12.633085896076352,2.1,16.7,40.5,1011.7,11.394455994455992,5,1,1,16.574267782426777,15.003181336161187
2023-05-03,서울,40.80084745762712,17.139830508474578,2.1,19.5,52.5,1010.1,11.394455994455992,5,1,2,12.633085896076352,13.158947368421053
2023-05-04,서울,43.225874867444325,21.741764080765144,2.1,21.4,65.5,1002.5,11.394455994455992,5,1,3,17.139830508474578,21.13010752688172
2023-05-05,서울,11.395373291272344,4.669456066945607,2.5,18.4,95.3,992.0,30.2,5,1,4,21.741764080765144,16.570967741935483
2023-05-06,서울,14.047045951859957,8.306741573033708,5.4,12.6,85.6,996.3,47.5,5,1,5,4.669456066945607,12.241666666666667
2023-05-07,서울,32.20837808807734,24.06081081081081,2.6,14.4,47.1,1002.3,11.394455994455992,5,1,6,8.306741573033708,13.088633993743482
2023-05-08,서울,36.13406593406594,22.396288209606986,2.2,15.3,55.3,1006.0,11.394455994455992,5,1,0,24.06081081081081,16.574267782426777
2023-05-09,서울,50.78072033898305,28.57531380753138,2.3,17.0,55.4,1005.8,11.394455994455992,5,1,1,22.396288209606986,12.633085896076352
2023-05-10,서울,55.53764581124072,31.536585365853657,1.8,18.4,53.3,1006.2,11.394455994455992,5,1,2,28.57531380753138,17.139830508474578
2023-05-11,서울,50.33615221987315,25.91957671957672,2.3,19.5,50.1,1007.2,11.394455994455992,5,1,3,31.536585365853657,21.741764080765144
2023-05-12,서울,53.009443861490034,30.576396206533193,1.8,18.4,50.9,1006.2,11.394455994455992,5,1,4,25.91957671957672,4.669456066945607
2023-05-13,서울,40.59375,24.2875,2.0,17.8,62.0,1002.5,0.0,5,1,5,30.576396206533193,8.306741573033708
2023-05-14,서울,23.636079249217936,13.113897596656217,2.0,18.1,56.5,999.0,11.394455994455992,5,1,6,24.2875,24.06081081081081
2023-05-15,서울,37.415529905561385,20.619747899159663,2.4,20.6,54.6,997.9,11.394455994455992,5,1,0,13.113897596656217,22.396288209606986
2023-05-16,서울,57.41789473684211,31.292323869610936,2.5,24.0,51.9,999.9,11.394455994455992,5,1,1,20.619747899159663,28.57531380753138
2023-05-17,서울,35.9447983014862,14.563096500530223,3.4,23.5,63.6,1002.5,11.394455994455992,5,1,2,31.292323869610936,31.536585365853657
2023-05-18,서울,35.05026737967914,18.23076923076923,2.1,21.2,74.8,1000.3,1.3,5,1,3,14.563096500530223,25.91957671957672
2023-05-19,서울,23.071428571428573,12.315733896515312,2.3,22.3,61.4,998.9,11.394455994455992,5,1,4,18.23076923076923,30.576396206533193
2023-05-20,서울,24.680584551148225,14.17223382045929,3.0,21.2,66.9,999.7,11.394455994455992,5,1,5,12.315733896515312,24.2875
2023-05-21,서울,78.44246861924687,22.192708333333332,3.0,17.8,74.0,999.1,0.2,5,1,6,14.17223382045929,13.113897596656217
2023-05-22,서울,127.46652719665272,30.179916317991633,1.9,20.3,61.3,997.7,0.0,5,1,0,22.192708333333332,20.619747899159663
2023-05-23,서울,62.425105485232066,16.10736842105263,2.2,20.5,48.0,999.8,11.394455994455992,5,1,1,30.179916317991633,31.292323869610936
2023-05-24,서울,39.867507886435334,17.09138655462185,2.0,20.6,49.8,1003.8,11.394455994455992,5,1,2,16.10736842105263,14.563096500530223
2023-05-25,서울,34.125263157894736,13.576235541535226,2.4,21.2,46.6,1005.6,0.0,5,1,3,17.09138655462185,18.23076923076923
2023-05-26,서울,33.26271186440678,13.740779768177028,2.1,21.4,57.4,1007.5,0.5,5,1,4,13.576235541535226,12.315733896515312
2023-05-27,서울,28.792235047219307,15.332638164754954,1.7,19.3,87.4,1006.8,31.8,5,1,5,13.740779768177028,14.17223382045929
2023-05-28,서울,9.933823529411764,5.145093945720251,1.8,19.2,98.9,1001.9,41.8,5,1,6,15.332638164754954,22.192708333333332
2023-05-29,서울,14.921301154249738,7.145702306079665,1.6,23.2,83.4,999.9,2.3,5,1,0,5.145093945720251,30.179916317991633
2023-05-30,서울,36.80296610169491,19.38185654008439,2.2,24.0,69.5,999.7,11.394455994455992,5,1,1,7.145702306079665,16.10736842105263
2023-05-31,서울,28.337552742616033,13.34490010515247,2.5,22.8,60.8,1000.0,11.394455994455992,5,1,2,19.38185654008439,17.09138655462185
2023-06-01,서울,39.20507399577167,21.912539515279242,1.9,22.8,66.9,995.6,11.394455994455992,6,2,3,13.34490010515247,13.576235541535226
2023-06-02,서울,32.02637130801688,17.09915611814346,2.3,20.4,77.4,992.5,0.0,6,2,4,21.912539515279242,13.740779768177028
2023-06-03,서울,34.26354166666667,13.907098121085594,2.7,22.0,60.1,997.8,11.394455994455992,6,2,5,17.09915611814346,15.332638164754954
2023-06-04,서울,36.74530271398747,17.957291666666666,2.4,22.1,61.0,1000.1,11.394455994455992,6,2,6,13.907098121085594,5.145093945720251
2023-06-05,서울,30.514195583596216,14.675447839831401,2.6,21.5,66.9,1000.3,11.394455994455992,6,2,0,17.957291666666666,7.145702306079665
2023-06-06,서울,20.910323253388945,10.330897703549061,2.6,20.3,72.9,997.3,0.0,6,2,1,14.675447839831401,19.38185654008439
2023-06-07,서울,34.957671957671955,19.323467230443974,2.1,21.4,75.3,998.0,0.0,6,2,2,10.330897703549061,13.34490010515247
2023-06-08,서울,21.029882604055498,10.980748663101604,2.4,20.4,80.5,994.3,1.9,6,2,3,19.323467230443974,21.912539515279242
2023-06-09,서울,26.118152524167563,13.780880773361977,2.0,23.3,64.0,993.1,1.2,6,2,4,10.980748663101604,17.09915611814346
2023-06-10,서울,34.37382198952879,20.38527214514408,2.3,23.2,70.0,994.4,0.8,6,2,5,13.780880773361977,13.907098121085594
2023-06-11,서울,21.994747899159663,13.27331189710611,2.2,22.1,76.1,995.0,32.2,6,2,6,20.38527214514408,17.957291666666666
2023-06-12,서울,30.902719665271967,18.011640211640213,1.7,22.2,70.5,995.3,0.0,6,2,0,13.27331189710611,14.675447839831401
2023-06-13,서울,27.434736842105263,15.111461619348054,2.2,22.0,70.0,994.1,0.0,6,2,1,18.011640211640213,10.330897703549061
2023-06-14,서울,30.64957264957265,18.951923076923077,1.5,20.6,80.3,995.6,30.6,6,2,2,15.111461619348054,19.323467230443974
2023-06-15,서울,31.936034115138593,20.06659619450317,2.1,22.7,70.8,998.1,11.394455994455992,6,2,3,18.951923076923077,10.980748663101604
2023-06-16,서울,26.700737618545837,16.218947368421052,2.1,23.7,64.4,1002.7,11.394455994455992,6,2,4,20.06659619450317,13.780880773361977
2023-06-17,서울,22.56223628691983,12.760755508919203,2.0,24.2,57.1,1002.5,11.394455994455992,6,2,5,16.218947368421052,20.38527214514408
2023-06-18,서울,27.21421107628004,16.330552659019812,2.0,25.9,60.5,997.2,11.394455994455992,6,2,6,12.760755508919203,13.27331189710611
2023-06-19,서울,46.30467091295117,28.949098621420998,2.2,28.5,57.8,995.7,11.394455994455992,6,2,0,16.330552659019812,18.011640211640213
2023-06-20,서울,36.006349206349206,20.65291005291005,1.9,24.7,64.5,994.1,6.4,6,2,1,28.949098621420998,15.111461619348054
2023-06-21,서울,11.257203842049092,4.954400848356309,2.1,20.5,92.6,991.2,24.9,6,2,2,20.65291005291005,18.951923076923077
2023-06-22,서울,20.330890052356022,9.596858638743456,2.2,22.5,77.1,993.6,0.0,6,2,3,4.954400848356309,20.06659619450317
2023-06-23,서울,35.30680628272251,22.814853556485357,1.5,24.4,76.6,999.1,11.394455994455992,6,2,4,9.596858638743456,16.218947368421052
2023-06-24,서울,37.36439790575916,25.235109717868337,2.0,26.4,70.5,1003.4,11.394455994455992,6,2,5,22.814853556485357,12.760755508919203
2023-06-25,서울,31.361256544502616,21.792492179353495,2.1,28.2,64.9,1001.2,11.394455994455992,6,2,6,25.235109717868337,16.330552659019812
2023-06-26,서울,17.10392364793213,9.644654088050315,2.9,24.2,88.6,995.8,30.3,6,2,0,21.792492179353495,28.949098621420998
2023-06-27,서울,21.321081081081083,10.299894403379092,3.2,25.3,73.1,998.0,2.5,6,2,1,9.644654088050315,20.65291005291005
2023-06-28,서울,31.50797024442083,20.660377358490567,2.5,26.5,77.4,997.2,0.0,6,2,2,10.299894403379092,4.954400848356309
2023-06-29,서울,32.75269978401728,21.002118644067796,2.3,24.2,95.4,990.8,63.8,6,2,3,20.660377358490567,9.596858638743456
2023-06-30,서울,35.70828848223897,23.697354497354496,1.8,25.3,89.8,990.2,1.0,6,2,4,21.002118644067796,22.814853556485357
2023-07-01,서울,27.474237644584647,17.791449426485922,2.0,27.7,76.9,995.5,11.394455994455992,7,2,5,23.697354497354496,25.235109717868337
2023-07-02,서울,19.705756929637527,12.712200208550573,1.9,26.7,79.5,998.3,11.394455994455992,7,2,6,17.791449426485922,21.792492179353495
2023-07-03,서울,32.975531914893615,20.945974576271187,1.8,29.1,72.0,995.2,11.394455994455992,7,2,0,12.712200208550573,9.644654088050315
2023-07-04,서울,31.9880174291939,22.506493506493506,2.3,26.1,86.8,989.3,61.8,7,2,1,20.945974576271187,10.299894403379092
2023-07-05,서울,27.50053248136315,14.69620253164557,3.7,24.5,82.6,985.1,15.3,7,2,2,22.506493506493506,20.660377358490567
2023-07-06,서울,46.92561105207226,26.189673340358272,2.7,27.3,70.9,991.3,11.394455994455992,7,2,3,14.69620253164557,21.002118644067796
2023-07-07,서울,41.73678646934461,19.9832285115304,2.3,26.7,64.9,991.8,11.394455994455992,7,2,4,26.189673340358272,23.697354497354496
2023-07-08,서울,12.708510638297872,6.5375782881002085,2.2,25.6,76.5,992.1,11.394455994455992,7,2,5,19.9832285115304,17.791449426485922
2023-07-09,서울,16.317307692307693,8.938477580813347,2.0,24.7,86.4,992.5,47.5,7,2,6,6.5375782881002085,12.712200208550573
2023-07-10,서울,33.21855010660981,19.32343584305408,2.3,26.3,80.4,993.5,11.5,7,2,0,8.938477580813347,20.945974576271187
2023-07-11,서울,19.10787486515642,10.240252897787144,1.9,23.5,92.4,995.3,58.3,7,2,1,19.32343584305408,22.506493506493506
2023-07-12,서울,25.12889366272825,15.147523709167546,1.5,25.8,86.4,995.3,0.7,7,2,2,10.240252897787144,14.69620253164557
2023-07-13,서울,23.736899563318776,15.146680942184155,1.6,25.2,95.0,993.6,91.6,7,2,3,15.147523709167546,26.189673340358272
2023-07-14,서울,17.50218818380744,10.538876889848812,2.9,24.6,99.1,987.7,72.7,7,2,4,15.146680942184155,19.9832285115304
2023-07-15,서울,23.499468650371945,13.852046169989507,3.0,24.5,93.5,990.4,2.3,7,2,5,10.538876889848812,6.5375782881002085
2023-07-16,서울,30.961985216473074,15.856993736951983,2.3,24.6,89.5,997.1,9.7,7,2,6,13.852046169989507,8.938477580813347
2023-07-17,서울,26.612761276127614,14.43878656554713,1.7,25.5,86.1,1001.5,1.4,7,2,0,15.856993736951983,19.32343584305408
2023-07-18,서울,15.243001119820828,7.631578947368421,1.4,25.2,87.9,1000.5,2.3,7,2,1,14.43878656554713,10.240252897787144
2023-07-19,서울,30.752202643171806,17.292391304347827,1.7,27.2,78.8,997.3,11.394455994455992,7,2,2,7.631578947368421,15.147523709167546
2023-07-20,서울,56.645879732739424,39.25736095965104,1.8,27.9,74.0,998.8,11.394455994455992,7,2,3,17.292391304347827,15.146680942184155
2023-07-21,서울,62.15205913410771,46.64360587002096,1.8,29.5,69.6,1001.4,11.394455994455992,7,2,4,39.25736095965104,10.538876889848812
2023-07-22,서울,30.367755532139093,20.912408759124087,2.6,27.7,73.9,1001.1,12.3,7,2,5,46.64360587002096,13.852046169989507
2023-07-23,서울,9.929100529100529,4.771398747390396,2.1,25.2,94.3,997.4,40.2,7,2,6,20.912408759124087,15.856993736951983
2023-07-24,서울,22.25862068965517,13.860341151385928,2.0,26.9,83.1,998.5,0.4,7,2,0,4.771398747390396,14.43878656554713
2023-07-25,서울,18.640522875816995,10.32470334412082,2.7,27.8,80.5,1002.2,5.6,7,2,1,13.860341151385928,7.631578947368421
2023-07-26,서울,13.305174234424499,5.748685594111461,2.2,27.6,80.9,1004.3,1.0,7,2,2,10.32470334412082,17.292391304347827
2023-07-27,서울,21.97248677248677,12.610115911485774,1.9,28.4,78.1,1004.1,0.0,7,2,3,5.748685594111461,39.25736095965104
2023-07-28,서울,31.981779206859592,22.206751054852322,2.1,29.5,72.4,1003.8,11.394455994455992,7,2,4,12.610115911485774,46.64360587002096
2023-07-29,서울,28.89032258064516,20.978125,2.0,29.1,72.1,1004.2,11.394455994455992,7,2,5,22.206751054852322,20.912408759124087
2023-07-30,서울,15.990332975295381,10.01356993736952,1.9,28.8,72.5,1002.9,25.0,7,2,6,20.978125,4.771398747390396
2023-07-31,서울,29.777896995708154,21.461375661375662,1.7,28.7,76.3,1002.4,0.3,7,2,0,10.01356993736952,13.860341151385928
2023-08-01,서울,30.88120950323974,22.16578108395324,1.9,29.9,71.6,1000.3,11.394455994455992,8,2,1,21.461375661375662,10.32470334412082
2023-08-02,서울,33.79233226837061,23.401267159450896,2.1,29.7,67.8,997.5,11.394455994455992,8,2,2,22.16578108395324,5.748685594111461
2023-08-03,서울,22.63304721030043,14.471398305084746,2.1,29.5,67.0,995.9,11.394455994455992,8,2,3,23.401267159450896,12.610115911485774
2023-08-04,서울,21.24946921443737,12.636935991605457,1.9,30.0,67.6,994.2,11.394455994455992,8,2,4,14.471398305084746,22.206751054852322
2023-08-05,서울,20.673036093418258,12.625914315569489,2.0,30.3,69.0,990.6,11.394455994455992,8,2,5,12.636935991605457,20.978125
2023-08-06,서울,22.273420479302832,14.926778242677825,1.7,29.8,76.5,988.3,4.9,8,2,6,12.625914315569489,10.01356993736952
2023-08-07,서울,11.507936507936508,5.746432491767289,2.7,30.4,68.4,989.5,11.394455994455992,8,2,0,14.926778242677825,21.461375661375662
2023-08-08,서울,9.370748299319727,3.802441731409545,2.9,30.9,60.5,992.2,11.394455994455992,8,2,1,5.746432491767289,22.16578108395324
2023-08-09,서울,8.825346112886049,3.5577731092436973,3.2,28.3,67.6,993.7,0.2,8,2,2,3.802441731409545,23.401267159450896
2023-08-10,서울,5.492489270386266,2.216417910447761,3.7,22.2,91.9,986.1,86.1,8,2,3,3.5577731092436973,14.471398305084746
2023-08-11,서울,18.453475935828877,10.093376764386536,2.3,23.5,93.1,988.9,46.7,8,2,4,2.216417910447761,12.636935991605457
2023-08-12,서울,19.01272534464475,10.841371918542336,1.9,23.3,91.0,993.8,1.5,8,2,5,10.093376764386536,12.625914315569489
2023-08-13,서울,29.375655823714585,18.668810289389068,1.7,27.0,76.9,994.5,11.394455994455992,8,2,6,10.841371918542336,14.926778242677825
2023-08-14,서울,40.51585623678647,27.530877573131093,1.6,28.1,75.4,995.6,11.394455994455992,8,2,0,18.668810289389068,5.746432491767289
2023-08-15,서울,25.99685534591195,16.09294871794872,2.3,28.6,71.4,994.6,11.394455994455992,8,2,1,27.530877573131093,3.802441731409545
2023-08-16,서울,19.438947368421054,10.580921757770632,2.1,27.3,72.0,993.7,0.3,8,2,2,16.09294871794872,3.5577731092436973
2023-08-17,서울,27.091201716738198,17.540106951871657,1.7,28.2,73.0,994.6,11.394455994455992,8,2,3,10.580921757770632,2.216417910447761
2023-08-18,서울,37.27427961579509,26.2457805907173,1.9,29.1,72.1,996.3,0.1,8,2,4,17.540106951871657,10.093376764386536
2023-08-19,서울,27.915271966527197,18.778936392075078,1.9,29.1,68.9,999.5,11.394455994455992,8,2,5,26.2457805907173,10.841371918542336
2023-08-20,서울,26.690052356020942,17.760755508919203,1.6,28.3,71.8,1000.8,0.0,8,2,6,18.778936392075078,18.668810289389068
2023-08-21,서울,25.759615384615383,16.055016181229774,2.4,29.5,69.8,997.1,0.0,8,2,0,17.760755508919203,27.530877573131093
2023-08-22,서울,20.7470525187567,12.930851063829786,2.4,27.6,80.3,993.8,42.6,8,2,1,16.055016181229774,16.09294871794872
2023-08-23,서울,10.298507462686567,5.21058201058201,2.2,24.8,91.3,995.2,41.8,8,2,2,12.930851063829786,10.580921757770632
2023-08-24,서울,7.761904761904762,3.0903361344537816,2.8,25.1,84.8,996.0,5.2,8,2,3,5.21058201058201,17.540106951871657
2023-08-25,서울,19.424498416050685,9.216417910447761,2.6,26.5,77.9,997.2,0.0,8,2,4,3.0903361344537816,26.2457805907173
2023-08-26,서울,39.24058577405858,24.228362877997913,1.8,26.4,72.3,999.3,11.394455994455992,8,2,5,9.216417910447761,18.778936392075078
2023-08-27,서울,28.95248152059134,18.44607329842932,1.8,26.1,75.0,998.4,0.0,8,2,6,24.228362877997913,17.760755508919203
2023-08-28,서울,14.841719077568134,7.996868475991649,3.3,22.7,87.5,997.0,10.4,8,2,0,18.44607329842932,16.055016181229774
2023-08-29,서울,14.138445154419596,6.921858500527983,2.1,23.9,89.6,995.2,54.8,8,2,1,7.996868475991649,12.930851063829786
2023-08-30,서울,19.974304068522486,10.00212314225053,1.1,22.8,88.0,999.0,3.5,8,2,2,6.921858500527983,5.21058201058201
2023-08-31,서울,23.56687898089172,12.441983122362869,1.3,23.9,76.9,1000.4,11.394455994455992,8,2,3,10.00212314225053,3.0903361344537816
2023-09-01,서울,27.476545842217483,14.035676810073452,2.0,24.5,70.6,1001.8,11.394455994455992,9,3,4,12.441983122362869,9.216417910447761
2023-09-02,서울,29.380355276907,17.082463465553236,1.6,25.4,63.9,1001.5,11.394455994455992,9,3,5,14.035676810073452,24.228362877997913
2023-09-03,서울,17.74105263157895,10.862068965517242,2.2,25.8,77.8,1002.1,0.1,9,3,6,17.082463465553236,18.44607329842932
2023-09-04,서울,18.31779661016949,9.147523709167546,1.8,27.0,79.9,1001.9,0.3,9,3,0,10.862068965517242,7.996868475991649
2023-09-05,서울,18.39572192513369,9.024546424759873,1.8,28.5,69.5,1001.2,0.0,9,3,1,9.147523709167546,6.921858500527983
2023-09-06,서울,19.78343949044586,9.519148936170213,2.4,27.9,65.1,1001.7,11.394455994455992,9,3,2,9.024546424759873,10.00212314225053
2023-09-07,서울,19.10958904109589,9.577777777777778,2.5,26.3,54.8,1004.4,11.394455994455992,9,3,3,9.519148936170213,12.441983122362869
2023-09-08,서울,19.045073375262053,8.741596638655462,2.3,25.3,60.3,1002.8,11.394455994455992,9,3,4,9.577777777777778,14.035676810073452
2023-09-09,서울,31.213389121338913,16.742171189979125,1.8,25.8,66.3,1000.6,11.394455994455992,9,3,5,8.741596638655462,17.082463465553236
2023-09-10,서울,35.63102725366876,22.423958333333335,1.6,25.7,68.1,999.8,11.394455994455992,9,3,6,16.742171189979125,10.862068965517242
2023-09-11,서울,30.83262711864407,18.96113445378151,1.9,25.5,67.3,999.2,11.394455994455992,9,3,0,22.423958333333335,9.147523709167546
2023-09-12,서울,30.554603854389722,16.91327623126338,1.5,25.7,69.8,1000.3,11.394455994455992,9,3,1,18.96113445378151,9.024546424759873
2023-09-13,서울,22.553005464480876,13.849509269356597,1.8,22.1,84.5,1001.6,15.9,9,3,2,16.91327623126338,9.519148936170213
2023-09-14,서울,9.403208556149732,3.256989247311828,2.4,23.4,72.4,1002.8,11.394455994455992,9,3,3,13.849509269356597,9.577777777777778
2023-09-15,서울,10.247346072186836,4.058448459086079,2.6,22.3,82.3,1003.5,2.1,9,3,4,3.256989247311828,8.741596638655462
2023-09-16,서울,11.528183716075157,5.41875,1.7,23.9,87.8,1001.6,38.7,9,3,5,4.058448459086079,16.742171189979125
2023-09-17,서울,15.590285110876453,10.363636363636363,1.4,24.7,84.8,1000.1,3.0,9,3,6,5.41875,22.423958333333335
2023-09-18,서울,18.6992230854606,10.854767184035477,1.9,24.7,79.1,1002.0,11.394455994455992,9,3,0,10.363636363636363,18.96113445378151
2023-09-19,서울,29.067677946324388,17.59699769053118,1.6,24.1,81.1,1003.6,11.394455994455992,9,3,1,10.854767184035477,16.91327623126338
2023-09-20,서울,22.03587443946188,14.586740331491713,2.7,20.6,90.4,1000.5,35.8,9,3,2,17.59699769053118,13.849509269356597
2023-09-21,서울,11.832768361581921,4.479190101237346,2.3,20.1,70.9,1001.5,0.0,9,3,3,14.586740331491713,3.256989247311828
2023-09-22,서울,21.003229278794404,9.493534482758621,1.7,20.5,68.4,1005.6,11.394455994455992,9,3,4,4.479190101237346,4.058448459086079
2023-09-23,서울,18.841541755888652,9.481243301178992,2.5,21.8,63.9,1009.4,11.394455994455992,9,3,5,9.493534482758621,5.41875
2023-09-24,서울,11.729411764705882,4.629946524064171,2.9,21.8,56.4,1009.5,11.394455994455992,9,3,6,9.481243301178992,10.363636363636363
2023-09-25,서울,13.680272108843537,4.52027027027027,2.3,21.6,66.4,1006.0,1.9,9,3,0,4.629946524064171,10.854767184035477
2023-09-26,서울,6.736353077816492,3.082366589327146,2.4,19.9,95.8,1002.4,27.8,9,3,1,4.52027027027027,17.59699769053118
2023-09-27,서울,10.795258620689655,5.0562162162162165,1.8,21.5,90.1,1000.7,4.4,9,3,2,3.082366589327146,14.586740331491713
2023-09-28,서울,47.358369098712444,31.771122994652405,2.0,22.7,78.3,1003.2,11.394455994455992,9,3,3,5.0562162162162165,4.479190101237346
2023-09-29,서울,34.26208378088077,18.617521367521366,1.4,21.1,61.5,1003.7,11.394455994455992,9,3,4,31.771122994652405,9.493534482758621
2023-09-30,서울,27.601069518716578,12.480728051391862,2.2,19.7,77.0,1000.5,4.5,9,3,5,18.617521367521366,9.481243301178992
2023-10-01,서울,25.550802139037433,8.711538461538462,2.4,18.4,59.5,1004.2,11.394455994455992,10,3,6,12.480728051391862,4.629946524064171
2023-10-02,서울,18.372192513368983,8.667735042735043,1.7,18.2,53.8,1007.6,11.394455994455992,10,3,0,8.711538461538462,4.52027027027027
2023-10-03,서울,20.112299465240643,10.833333333333334,1.7,17.5,66.3,1007.0,11.394455994455992,10,3,1,8.667735042735043,3.082366589327146
2023-10-04,서울,22.684556407447975,12.654723127035831,2.1,17.3,75.5,1003.6,14.7,10,3,2,10.833333333333334,5.0562162162162165
2023-10-05,서울,32.63256325632563,6.468920392584515,2.6,14.2,46.1,1006.2,11.394455994455992,10,3,3,12.654723127035831,31.771122994652405
2023-10-06,서울,24.036717062634988,9.465665236051501,1.6,15.5,55.3,1008.5,11.394455994455992,10,3,4,6.468920392584515,18.617521367521366
2023-10-07,서울,22.69182389937107,11.339583333333334,2.1,16.8,62.6,1011.5,11.394455994455992,10,3,5,9.465665236051501,12.480728051391862
2023-10-08,서울,11.639620653319284,5.397916666666666,2.5,17.1,67.1,1012.4,0.0,10,3,6,11.339583333333334,8.711538461538462
2023-10-09,서울,12.692144373673036,5.7312633832976445,1.9,17.4,68.1,1009.1,1.2,10,3,0,5.397916666666666,8.667735042735043
2023-10-10,서울,21.624588364434686,11.450657894736842,1.6,17.1,67.1,1010.4,11.394455994455992,10,3,1,5.7312633832976445,10.833333333333334
2023-10-11,서울,25.410112359550563,14.348264277715565,1.7,17.6,57.5,1013.8,11.394455994455992,10,3,2,11.450657894736842,12.654723127035831
2023-10-12,서울,28.149512459371614,16.70442286947141,1.5,17.5,62.4,1013.5,11.394455994455992,10,3,3,14.348264277715565,6.468920392584515
2023-10-13,서울,35.36413641364136,21.838461538461537,1.5,17.5,69.6,1007.1,11.394455994455992,10,3,4,16.70442286947141,9.465665236051501
2023-10-14,서울,28.00437636761488,19.55879180151025,1.4,14.7,84.9,999.8,5.8,10,3,5,21.838461538461537,11.339583333333334
2023-10-15,서울,25.656353591160222,16.741621621621622,2.0,16.1,80.0,1000.1,11.394455994455992,10,3,6,19.55879180151025,5.397916666666666
2023-10-16,서울,44.53290183387271,18.73068669527897,2.4,14.7,57.0,1004.6,11.394455994455992,10,3,0,16.741621621621622,5.7312633832976445
2023-10-17,서울,34.41048034934498,14.062295081967212,1.6,13.8,55.6,1008.7,11.394455994455992,10,3,1,18.73068669527897,11.450657894736842
2023-10-18,서울,33.008639308855294,17.169363538295578,2.1,15.7,67.0,1008.6,11.394455994455992,10,3,2,14.062295081967212,14.348264277715565
2023-10-19,서울,30.49297297297297,18.461290322580645,1.5,17.0,82.5,1004.4,8.2,10,3,3,17.169363538295578,16.70442286947141
2023-10-20,서울,21.258899676375403,6.686422413793103,3.2,11.6,46.9,1006.6,11.394455994455992,10,3,4,18.461290322580645,21.838461538461537
2023-10-21,서울,18.970905172413794,6.908700322234157,2.3,10.4,54.8,1009.6,1.1,10,3,5,6.686422413793103,19.55879180151025
2023-10-22,서울,23.868675995694296,10.570512820512821,1.7,12.5,67.3,1012.2,11.394455994455992,10,3,6,6.908700322234157,16.741621621621622
2023-10-23,서울,31.60217391304348,16.504366812227076,1.7,15.2,73.8,1011.7,11.394455994455992,10,3,0,10.570512820512821,18.73068669527897
2023-10-24,서울,34.24781659388646,21.274211099020675,1.7,15.6,78.5,1009.4,11.394455994455992,10,3,1,16.504366812227076,14.062295081967212
2023-10-25,서울,36.98266522210184,23.424145299145298,1.4,16.6,78.6,1007.3,11.394455994455992,10,3,2,21.274211099020675,17.169363538295578
2023-10-26,서울,49.36598493003229,33.27205882352941,2.1,17.2,79.4,1003.8,0.0,10,3,3,23.424145299145298,18.461290322580645
2023-10-27,서울,30.104525862068964,15.841884816753927,1.9,15.7,71.1,1004.0,11.394455994455992,10,3,4,33.27205882352941,6.686422413793103
2023-10-28,서울,36.460650577124866,19.230929989550678,1.4,14.2,62.9,1007.8,11.394455994455992,10,3,5,15.841884816753927,6.908700322234157
2023-10-29,서울,30.317894736842106,17.623958333333334,1.7,14.9,61.6,1010.8,11.394455994455992,10,3,6,19.230929989550678,10.570512820512821
2023-10-30,서울,43.83877766069547,25.672631578947367,1.7,15.1,72.0,1011.6,11.394455994455992,10,3,0,17.623958333333334,16.504366812227076
2023-10-31,서울,49.145877378435515,30.007383966244724,1.8,16.5,76.0,1010.9,11.394455994455992,10,3,1,25.672631578947367,21.274211099020675
2023-11-01,서울,47.36008447729672,24.834056399132322,2.4,19.0,81.8,1006.7,0.0,11,3,2,30.007383966244724,23.424145299145298
2023-11-02,서울,39.121308016877634,18.66054054054054,2.9,20.8,70.9,1005.6,11.394455994455992,11,3,3,24.834056399132322,33.27205882352941
2023-11-03,서울,34.19747899159664,15.611228813559322,2.8,19.5,83.3,1004.5,8.5,11,3,4,18.66054054054054,15.841884816753927
2023-11-04,서울,48.39581151832461,18.040625,2.6,17.4,75.5,1009.7,11.394455994455992,11,3,5,15.611228813559322,19.230929989550678
2023-11-05,서울,14.67109634551495,9.387265135699373,3.3,17.3,87.0,1005.1,10.4,11,3,6,18.040625,17.623958333333334
2023-11-06,서울,21.16648879402348,7.5964172813487885,4.9,13.3,84.9,995.9,45.8,11,3,0,9.387265135699373,25.672631578947367
2023-11-07,서울,21.447729672650475,7.723157894736842,3.2,5.8,62.5,1010.9,0.0,11,3,1,7.5964172813487885,30.007383966244724
2023-11-08,서울,26.24705882352941,12.595111583421891,1.7,8.4,55.1,1011.6,11.394455994455992,11,3,2,7.723157894736842,24.834056399132322
2023-11-09,서울,31.22422954303932,16.915254237288135,2.1,11.4,73.1,1008.9,5.1,11,3,3,12.595111583421891,18.66054054054054
2023-11-10,서울,17.649048625792812,9.097354497354498,3.9,3.4,53.1,1015.4,11.394455994455992,11,3,4,16.915254237288135,15.611228813559322
2023-11-11,서울,19.676778242677823,10.352201257861635,2.2,1.7,47.9,1017.8,11.394455994455992,11,3,5,9.097354497354498,18.040625
2023-11-12,서울,19.758115183246073,10.918324607329843,2.2,1.2,53.8,1016.6,11.394455994455992,11,3,6,10.352201257861635,9.387265135699373
2023-11-13,서울,24.78721174004193,13.354430379746836,2.3,2.0,54.0,1017.3,11.394455994455992,11,3,0,10.918324607329843,7.5964172813487885
2023-11-14,서울,28.083245521601686,15.477894736842105,1.7,5.0,66.1,1015.9,11.394455994455992,11,3,1,13.354430379746836,7.723157894736842
2023-11-15,서울,45.957671957671955,29.472075869336145,1.5,7.0,71.4,1016.9,11.394455994455992,11,3,2,15.477894736842105,12.595111583421891
2023-11-16,서울,45.79673913043478,34.322851153039835,1.9,6.6,85.0,1008.4,8.4,11,3,3,29.472075869336145,16.915254237288135
2023-11-17,서울,19.36842105263158,9.28391167192429,2.9,1.6,59.3,1003.1,0.0,11,3,4,34.322851153039835,9.097354497354498
2023-11-18,서울,22.939203354297693,13.523958333333333,3.5,0.6,58.9,1007.3,11.394455994455992,11,3,5,9.28391167192429,10.352201257861635
2023-11-19,서울,41.18723849372385,23.87578288100209,2.4,5.9,68.3,1006.7,11.394455994455992,11,3,6,13.523958333333333,10.918324607329843
2023-11-20,서울,32.448785638859555,18.031612223393044,1.5,6.2,58.4,1012.6,11.394455994455992,11,3,0,23.87578288100209,13.354430379746836
2023-11-21,서울,37.83757961783439,22.31157894736842,1.7,7.4,59.6,1010.9,11.394455994455992,11,3,1,18.031612223393044,15.477894736842105
2023-11-22,서울,42.92742796157951,27.47743966421826,1.8,9.5,68.1,1005.7,11.394455994455992,11,3,2,22.31157894736842,29.472075869336145
2023-11-23,서울,91.65794979079497,48.07322175732217,3.3,9.9,71.1,1003.2,0.1,11,3,3,27.47743966421826,34.322851153039835
2023-11-24,서울,16.785638859556496,7.8978947368421055,3.8,-1.5,51.8,1017.8,11.394455994455992,11,3,4,48.07322175732217,9.28391167192429
2023-11-25,서울,19.115062761506277,9.29559748427673,1.8,-1.3,42.8,1021.5,11.394455994455992,11,3,5,7.8978947368421055,13.523958333333333
2023-11-26,서울,25.111807732497386,15.53125,1.4,4.0,43.6,1013.6,0.0,11,3,6,9.29559748427673,23.87578288100209
2023-11-27,서울,40.955414012738856,24.906414300736067,2.4,6.2,82.9,1003.4,3.6,11,3,0,15.53125,18.031612223393044
2023-11-28,서울,30.44979079497908,17.780564263322884,3.2,1.3,57.5,1010.4,0.0,11,3,1,24.906414300736067,22.31157894736842
2023-11-29,서울,18.63888888888889,9.037775445960126,2.5,-1.4,58.9,1014.2,0.0,11,3,2,17.780564263322884,27.47743966421826
2023-11-30,서울,18.298319327731093,7.492113564668769,2.8,-4.3,48.5,1017.6,11.394455994455992,11,3,3,9.037775445960126,48.07322175732217
2023-12-01,서울,24.159018143009604,10.973175965665236,2.0,-3.2,55.3,1015.4,11.394455994455992,12,4,4,7.492113564668769,7.8978947368421055
2023-12-02,서울,35.413361169102295,19.235908141962422,2.4,2.0,60.8,1013.6,0.0,12,4,5,10.973175965665236,9.29559748427673
2023-12-03,서울,38.23173277661795,22.894351464435147,1.7,0.8,56.3,1015.6,11.394455994455992,12,4,6,19.235908141962422,15.53125
2023-12-04,서울,42.321314952279955,25.83686440677966,1.6,2.7,59.5,1011.1,11.394455994455992,12,4,0,22.894351464435147,24.906414300736067
2023-12-05,서울,44.563230605738575,27.646560846560845,2.0,6.8,55.4,1006.6,11.394455994455992,12,4,1,25.83686440677966,17.780564263322884
2023-12-06,서울,66.6899470899471,46.46723044397463,2.3,6.1,76.1,999.2,3.8,12,4,2,27.646560846560845,9.037775445960126
2023-12-07,서울,64.2081589958159,16.755765199161427,2.6,6.6,64.0,1003.8,11.394455994455992,12,4,3,46.46723044397463,7.492113564668769
2023-12-08,서울,82.90661070304303,22.783983140147523,3.0,11.2,73.4,1002.5,11.394455994455992,12,4,4,16.755765199161427,10.973175965665236
2023-12-09,서울,73.66317991631799,32.026041666666664,2.0,13.7,82.9,1006.8,11.394455994455992,12,4,5,22.783983140147523,19.235908141962422
2023-12-10,서울,76.31452455590387,33.821875,2.0177358490566037,11.4,67.9,1012.0,0.0,12,4,6,32.026041666666664,22.894351464435147
2023-12-11,서울,6.064824654622742,2.5639658848614073,2.0177358490566037,8.9,82.9,1006.7,11.4,12,4,0,33.821875,25.83686440677966
2023-12-12,서울,8.987328405491024,3.342133051742344,2.7,5.4,75.6,1010.5,0.4,12,4,1,2.5639658848614073,27.646560846560845
2023-12-13,서울,15.062966915688367,6.620873269435569,2.4,6.8,74.1,1016.9,11.394455994455992,12,4,2,3.342133051742344,46.46723044397463
2023-12-14,서울,9.750530785562633,5.093121693121693,4.5,7.6,85.8,1011.7,17.0,12,4,3,6.620873269435569,16.755765199161427
2023-12-15,서울,5.897027600849257,2.9727177334732424,3.6,4.9,95.4,1001.7,31.1,12,4,4,5.093121693121693,22.783983140147523
2023-12-16,서울,18.58050383351588,9.207291666666666,5.2,-4.1,68.9,1011.2,1.5,12,4,5,2.9727177334732424,32.026041666666664
2023-12-17,서울,14.281970649895179,6.947983014861996,3.2,-9.8,48.9,1022.8,11.394455994455992,12,4,6,9.207291666666666,33.821875
2023-12-18,서울,15.477296726504752,7.332982086406744,2.2,-7.7,45.1,1023.6,11.394455994455992,12,4,0,6.947983014861996,2.5639658848614073
2023-12-19,서울,26.414814814814815,15.609936575052854,1.9,-3.7,63.1,1017.4,0.3,12,4,1,7.332982086406744,3.342133051742344
2023-12-20,서울,41.707497360084474,26.701052631578946,3.4,-7.4,64.1,1016.3,0.8,12,4,2,15.609936575052854,6.620873269435569
2023-12-21,서울,20.49214659685864,12.463798530954879,3.0,-11.7,57.4,1019.2,11.394455994455992,12,4,3,26.701052631578946,5.093121693121693
2023-12-22,서울,21.451781970649897,11.094379639448569,2.7,-11.6,51.8,1025.0,11.394455994455992,12,4,4,12.463798530954879,2.9727177334732424
2023-12-23,서울,30.08768267223382,18.806687565308255,1.8,-6.8,53.4,1025.5,11.394455994455992,12,4,5,11.094379639448569,9.207291666666666
2023-12-24,서울,35.75429184549356,28.06152241918665,1.6,-2.2,73.4,1019.6,1.1,12,4,6,18.806687565308255,6.947983014861996
2023-12-25,서울,43.31735889243876,34.68821689259646,1.5,-0.7,80.8,1017.4,0.7,12,4,0,28.06152241918665,7.332982086406744
2023-12-26,서울,48.52910052910053,35.159114857744996,1.8,1.9,72.9,1018.0,11.394455994455992,12,4,1,34.68821689259646,15.609936575052854
2023-12-27,서울,76.76371308016877,57.1577287066246,1.4,1.5,76.6,1019.4,11.394455994455992,12,4,2,35.159114857744996,26.701052631578946
2023-12-28,서울,52.390243902439025,40.325288562434416,1.6,1.2,69.5,1017.7,11.394455994455992,12,4,3,57.1577287066246,12.463798530954879
2023-12-29,서울,43.10740354535975,32.671875,1.7,1.3,71.0,1016.2,11.394455994455992,12,4,4,40.325288562434416,11.094379639448569
2023-12-30,서울,40.07006369426752,31.521376433785193,2.6,0.6,92.0,1006.9,13.1,12,4,5,32.671875,18.806687565308255
2023-12-31,서울,23.20216216216216,17.924843423799583,2.0,2.1,95.5,1006.8,4.7,12,4,6,31.521376433785193,28.06152241918665
2024-10-01,서울,15.6760710553814,6.783333333333333,2.5,18.3,67.5,1001.5,2.5,10,3,1,17.924843423799583,34.68821689259646
2024-10-02,서울,16.22962962962963,6.53276955602537,2.5,14.9,48.8,1008.4,11.394455994455992,10,3,2,6.783333333333333,35.159114857744996
2024-10-03,서울,15.627083333333333,6.865625,1.9,16.4,59.0,1011.5,11.394455994455992,10,3,3,6.53276955602537,57.1577287066246
2024-10-04,서울,16.73538788522848,7.7600849256900215,1.8,17.6,60.0,1013.4,11.394455994455992,10,3,4,6.865625,40.325288562434416
2024-10-05,서울,23.478623566214807,12.486458333333333,1.6,17.5,60.4,1012.5,11.394455994455992,10,3,5,7.7600849256900215,32.671875
2024-10-06,서울,22.210416666666667,13.170833333333333,1.4,15.4,73.5,1010.0,0.0,10,3,6,12.486458333333333,31.521376433785193
2024-10-07,서울,38.5795574288725,22.876582278481013,1.3,16.9,73.9,1007.0,11.394455994455992,10,3,0,13.170833333333333,17.924843423799583
2024-10-08,서울,37.016949152542374,22.477754237288135,1.8,17.7,73.9,1006.4,11.394455994455992,10,3,1,22.876582278481013,6.783333333333333
2024-10-09,서울,13.80375782881002,6.770042194092827,2.3,18.8,64.1,1005.7,11.394455994455992,10,3,2,22.477754237288135,6.53276955602537
2024-10-10,서울,20.306364617044228,10.715376226826608,1.9,18.8,66.3,1004.5,0.0,10,3,3,6.770042194092827,6.865625
2024-10-11,서울,35.08855291576674,22.060409924487594,1.8,18.6,68.8,1007.7,11.394455994455992,10,3,4,10.715376226826608,7.7600849256900215
2024-10-12,서울,38.179871520342616,24.067524115755628,1.5,18.3,60.6,1012.3,11.394455994455992,10,3,5,22.060409924487594,12.486458333333333
2024-10-13,서울,27.20877944325482,17.48770053475936,2.0,18.3,67.0,1012.6,11.394455994455992,10,3,6,24.067524115755628,13.170833333333333
2024-10-14,서울,20.625,10.610810810810811,1.9,19.3,70.3,1008.6,0.0,10,3,0,17.48770053475936,22.876582278481013
2024-10-15,서울,20.865490628445425,13.053493449781659,1.8,19.2,85.0,1007.1,0.5,10,3,1,10.610810810810811,22.477754237288135
2024-10-16,서울,36.74279379157428,23.144781144781145,1.5,18.2,76.9,1012.0,11.394455994455992,10,3,2,13.053493449781659,6.770042194092827
2024-10-17,서울,36.94629430719656,21.537540805223067,1.7,19.0,70.4,1011.3,11.394455994455992,10,3,3,23.144781144781145,10.715376226826608
2024-10-18,서울,21.198505869797224,11.932631578947369,2.5,17.4,86.1,1003.2,47.1,10,3,4,21.537540805223067,22.060409924487594
2024-10-19,서울,8.14466737064414,3.888541666666667,3.3,16.6,75.0,1008.5,1.0,10,3,5,11.932631578947369,24.067524115755628
2024-10-20,서울,12.175604626708727,4.082291666666666,3.7,13.4,56.0,1019.7,11.394455994455992,10,3,6,3.888541666666667,17.48770053475936
2024-10-21,서울,16.618002195389682,5.8026172300981465,2.3,14.8,66.4,1013.5,0.0,10,3,0,4.082291666666666,10.610810810810811
2024-10-22,서울,12.050228310502282,6.090182648401827,2.0,15.5,90.8,1003.9,20.6,10,3,1,5.8026172300981465,13.053493449781659
2024-10-23,서울,15.281216069489686,6.681473456121344,3.7,12.7,75.3,1005.6,2.3,10,3,2,6.090182648401827,23.144781144781145
2024-10-24,서울,27.85441020191286,16.04646251319958,1.8,12.5,71.4,1012.1,11.394455994455992,10,3,3,6.681473456121344,21.537540805223067
2024-10-25,서울,27.19392033542977,14.842827004219409,1.7,14.9,64.1,1014.3,11.394455994455992,10,3,4,16.04646251319958,11.932631578947369
2024-10-26,서울,23.04806687565308,12.243979057591623,1.8,17.0,68.3,1010.0,11.394455994455992,10,3,5,14.842827004219409,3.888541666666667
2024-10-27,서울,27.82359081419624,16.510416666666668,1.6,16.0,79.4,1003.5,0.0,10,3,6,12.243979057591623,4.082291666666666
2024-10-28,서울,32.51007423117709,21.17970401691332,2.1,15.7,75.9,1004.8,0.0,10,3,0,16.510416666666668,5.8026172300981465
2024-10-29,서울,15.781621621621621,7.250807319698601,2.3,15.0,64.6,1008.1,0.0,10,3,1,21.17970401691332,6.090182648401827
2024-10-30,서울,28.994582881906826,16.127429805615552,1.6,15.7,71.3,1011.9,11.394455994455992,10,3,2,7.250807319698601,6.681473456121344
2024-10-31,서울,35.41233766233766,21.047619047619047,1.4,15.9,67.8,1012.4,11.394455994455992,10,3,3,16.127429805615552,16.04646251319958
2024-11-01,서울,39.8384697130712,23.91720430107527,1.4,15.3,70.8,1008.8,11.394455994455992,11,3,4,21.047619047619047,14.842827004219409
2024-11-02,서울,33.004171011470284,20.028846153846153,1.9,18.1,58.9,1007.6,11.394455994455992,11,3,5,23.91720430107527,12.243979057591623
2024-11-03,서울,25.9916142557652,14.953537486800423,2.4,17.6,71.1,1010.7,0.0,11,3,6,20.028846153846153,16.510416666666668
2024-11-04,서울,26.76805251641138,13.018599562363239,2.9,14.8,62.0,1009.9,0.1,11,3,0,14.953537486800423,21.17970401691332
2024-11-05,서울,26.756906077348066,10.026490066225165,2.1,9.1,49.8,1011.7,11.394455994455992,11,3,1,13.018599562363239,7.250807319698601
2024-11-06,서울,28.00328227571116,12.718510405257394,2.5,7.5,46.1,1015.7,11.394455994455992,11,3,2,10.026490066225165,16.127429805615552
2024-11-07,서울,42.79389312977099,22.675,1.5,7.8,48.1,1019.1,11.394455994455992,11,3,3,12.718510405257394,21.047619047619047
2024-11-08,서울,37.50266240681576,22.02857142857143,1.5,10.2,50.8,1017.3,11.394455994455992,11,3,4,22.675,23.91720430107527
2024-11-09,서울,33.56694560669456,19.871473354231973,1.4,12.9,55.8,1015.8,11.394455994455992,11,3,5,22.02857142857143,20.028846153846153
2024-11-10,서울,26.172594142259413,15.715328467153284,1.8,14.4,64.0,1011.5,11.394455994455992,11,3,6,19.871473354231973,14.953537486800423
2024-11-11,서울,52.979722518676624,30.84664536741214,1.2,14.6,64.5,1009.2,11.394455994455992,11,3,0,15.715328467153284,13.018599562363239
2024-11-12,서울,39.56195652173913,24.058823529411764,2.2,14.3,66.8,1008.9,11.394455994455992,11,3,1,30.84664536741214,10.026490066225165
2024-11-13,서울,40.892741061755146,22.099352051835854,1.7,14.2,62.9,1011.5,11.394455994455992,11,3,2,24.058823529411764,12.718510405257394
2024-11-14,서울,34.71655328798186,17.571270718232043,1.8,14.8,68.4,1009.6,0.1,11,3,3,22.099352051835854,22.675
2024-11-15,서울,28.937430167597764,16.424309392265194,1.8,17.0,65.1,1008.0,0.0,11,3,4,17.571270718232043,22.02857142857143
2024-11-16,서울,23.690889370932755,13.801518438177874,2.6,17.0,72.5,1005.4,6.5,11,3,5,16.424309392265194,19.871473354231973
2024-11-17,서울,19.893890675241156,9.092672413793103,3.6,7.0,47.6,1013.1,11.394455994455992,11,3,6,13.801518438177874,15.715328467153284
2024-11-18,서울,17.913700107874867,7.363538295577131,2.3,2.8,30.9,1021.6,11.394455994455992,11,3,0,9.092672413793103,30.84664536741214
2024-11-19,서울,26.390191897654585,12.610223642172524,2.0,5.7,49.5,1018.9,11.394455994455992,11,3,1,7.363538295577131,24.058823529411764
2024-11-20,서울,40.79557428872497,24.155789473684212,1.3,6.5,65.8,1013.4,11.394455994455992,11,3,2,12.610223642172524,22.099352051835854
2024-11-21,서울,56.04761904761905,36.213756613756615,2.2,9.7,71.9,1009.0,0.0,11,3,3,24.155789473684212,17.571270718232043
2024-11-22,서울,35.03809523809524,19.530158730158732,2.2,6.2,48.0,1012.6,11.394455994455992,11,3,4,36.213756613756615,16.424309392265194
2024-11-23,서울,24.668410041841003,14.164583333333333,1.7,6.4,47.1,1016.9,11.394455994455992,11,3,5,19.530158730158732,13.801518438177874
2024-11-24,서울,18.529850746268657,11.027196652719665,1.6,7.4,58.4,1018.5,11.394455994455992,11,3,6,14.164583333333333,9.092672413793103
2024-11-25,서울,23.264171122994654,12.75583864118896,2.5,10.1,57.6,1012.4,0.0,11,3,0,11.027196652719665,7.363538295577131
2024-11-26,서울,10.836801752464403,5.060021436227224,3.4,5.8,86.4,1000.9,26.0,11,3,1,12.75583864118896,12.610223642172524
2024-11-27,서울,10.864332603938731,6.4706510138740665,1.4,-0.4,90.6,1000.5,22.4,11,3,2,5.060021436227224,24.155789473684212
2024-11-28,서울,18.75054704595186,12.245726495726496,1.8,0.8,82.0,1000.1,4.9,11,3,3,6.4706510138740665,36.213756613756615
2024-11-29,서울,31.385427666314676,17.972515856236786,1.5,0.2,76.3,1002.2,0.0,11,3,4,12.245726495726496,19.530158730158732
2024-11-30,서울,25.964472309299897,15.91449426485923,1.8,2.5,81.6,1004.5,0.0,11,3,5,17.972515856236786,14.164583333333333
2024-12-01,서울,32.9812108559499,22.877486910994765,2.4,5.2,89.3,1004.9,0.5,12,4,6,15.91449426485923,11.027196652719665
2024-12-02,서울,44.2155625657203,26.9,2.2,6.4,79.9,1005.1,0.0,12,4,0,22.877486910994765,12.75583864118896
2024-12-03,서울,19.08110992529349,7.427505330490405,2.4,1.3,48.6,1012.4,0.0,12,4,1,26.9,5.060021436227224
2024-12-04,서울,24.27777777777778,11.16950959488273,2.1,3.1,52.1,1010.9,0.0,12,4,2,7.427505330490405,6.4706510138740665
2024-12-05,서울,23.18065887353879,10.950106157112527,2.3,3.9,62.8,1006.0,1.8,12,4,3,11.16950959488273,12.245726495726496
2024-12-06,서울,26.510971786833856,9.141065830721002,2.5,2.1,49.3,1010.2,11.394455994455992,12,4,4,10.950106157112527,17.972515856236786
2024-12-07,서울,23.55067920585162,11.723670490093848,2.5,0.2,56.9,1012.9,11.394455994455992,12,4,5,9.141065830721002,15.91449426485923
2024-12-08,서울,23.21294363256785,12.049009384775808,2.2,-0.2,46.5,1015.2,11.394455994455992,12,4,6,11.723670490093848,22.877486910994765
2024-12-09,서울,34.45886075949367,17.40717299578059,1.6,1.0,56.1,1013.8,11.394455994455992,12,4,0,12.049009384775808,26.9
2024-12-10,서울,42.624602332979855,26.503719447396385,1.9,2.6,58.9,1012.8,11.394455994455992,12,4,1,17.40717299578059,7.427505330490405
2024-12-11,서울,61.66025641025641,37.839702760084926,1.6,3.0,50.3,1011.7,11.394455994455992,12,4,2,26.503719447396385,11.16950959488273
2024-12-12,서울,41.184068891280944,22.046659597030754,2.1,0.5,45.8,1013.7,11.394455994455992,12,4,3,37.839702760084926,10.950106157112527
2024-12-13,서울,28.85548523206751,15.462513199577614,2.2,1.0,42.1,1011.2,11.394455994455992,12,4,4,22.046659597030754,9.141065830721002
2024-12-14,서울,28.84375,14.977083333333333,2.2,-0.8,51.0,1013.7,11.394455994455992,12,4,5,15.462513199577614,11.723670490093848
2024-12-15,서울,20.798958333333335,9.619791666666666,2.4,1.2,54.1,1009.9,0.0,12,4,6,14.977083333333333,12.049009384775808
2024-12-16,서울,30.397679324894515,16.10958904109589,1.2,-0.2,65.9,1011.2,0.0,12,4,0,9.619791666666666,17.40717299578059
2024-12-17,서울,26.766561514195583,14.031545741324921,2.2,-0.8,51.8,1014.1,11.394455994455992,12,4,1,16.10958904109589,26.503719447396385
2024-12-18,서울,32.634328358208954,16.181136120042872,2.2,-3.4,47.1,1015.8,11.394455994455992,12,4,2,14.031545741324921,37.839702760084926
2024-12-19,서울,54.182105263157894,30.153191489361703,1.5,-1.4,47.4,1018.2,11.394455994455992,12,4,3,16.181136120042872,22.046659597030754
2024-12-20,서울,58.281052631578945,38.252631578947366,2.0,1.4,60.9,1011.0,0.4,12,4,4,30.153191489361703,15.462513199577614
2024-12-21,서울,49.23640167364017,38.36248682824025,2.8,-0.7,74.1,1008.3,2.9,12,4,5,38.252631578947366,14.977083333333333
2024-12-22,서울,21.134375,9.79468085106383,2.1,-3.4,52.9,1016.3,11.394455994455992,12,4,6,38.36248682824025,9.619791666666666
2024-12-23,서울,29.060796645702307,16.68326271186441,2.2,0.3,58.5,1015.3,11.394455994455992,12,4,0,9.79468085106383,16.10958904109589
2024-12-24,서울,34.244680851063826,18.94240837696335,1.4,-0.4,50.3,1016.9,11.394455994455992,12,4,1,16.68326271186441,14.031545741324921
2024-12-25,서울,32.598958333333336,20.978125,2.0,2.7,63.1,1013.9,0.1,12,4,2,18.94240837696335,16.181136120042872
2024-12-26,서울,64.62684989429175,32.57293868921776,3.4,0.1,57.9,1013.6,0.0,12,4,3,20.978125,30.153191489361703
2024-12-27,서울,30.515923566878982,13.28343949044586,2.7,-2.6,51.4,1014.8,0.0,12,4,4,32.57293868921776,38.252631578947366
2024-12-28,서울,29.9875,13.507291666666667,2.5,-3.0,48.3,1013.1,11.394455994455992,12,4,5,13.28343949044586,38.36248682824025
2024-12-29,서울,25.85625,14.388541666666667,1.5,1.1,56.1,1013.5,11.394455994455992,12,4,6,13.507291666666667,9.79468085106383
2024-12-30,서울,55.47351694915254,32.190677966101696,2.3,5.5,68.5,1007.3,0.0,12,4,0,14.388541666666667,16.68326271186441
2024-12-31,서울,51.254431699687174,18.184759916492695,2.6,0.6,45.8,1010.1,0.0,12,4,1,32.190677966101696,18.94240837696335
2023-01-08,세종,87.64583333333333,28.28472222222222,0.4,0.6,66.8,1013.9,11.394455994455992,1,4,6,76.34027777777777,29.041666666666668
2023-01-09,세종,71.45833333333333,27.770833333333332,1.0,1.7,62.4,1013.6,0.0,1,4,0,28.28472222222222,10.433566433566433
2023-01-10,세종,59.423611111111114,31.131944444444443,0.5,0.7,58.3,1017.5,11.394455994455992,1,4,1,27.770833333333332,15.98611111111111
2023-01-11,세종,67.42657342657343,40.388888888888886,0.5,1.8,56.5,1015.2,11.394455994455992,1,4,2,31.131944444444443,21.60839160839161
2023-01-12,세종,66.20833333333333,40.208333333333336,0.4,4.9,52.6,1011.3,0.1,1,4,3,40.388888888888886,48.63194444444444
2023-01-13,세종,27.854166666666668,16.718309859154928,0.9,8.7,92.5,1000.6,17.5,1,4,4,40.208333333333336,81.54861111111111
2023-01-14,세종,16.680555555555557,10.880281690140846,0.7,7.2,94.9,1002.7,4.8,1,4,5,16.718309859154928,76.34027777777777
2023-01-15,세종,14.48611111111111,8.049645390070921,1.4,0.3,80.8,1007.6,1.0,1,4,6,10.880281690140846,28.28472222222222
2023-01-16,세종,22.9375,11.371428571428572,1.4,-3.3,59.6,1014.1,11.394455994455992,1,4,0,8.049645390070921,27.770833333333332
2023-01-17,세종,33.041666666666664,18.21527777777778,0.7,-2.5,60.3,1015.7,11.394455994455992,1,4,1,11.371428571428572,31.131944444444443
2023-01-18,세종,53.30281690140845,24.056338028169016,1.0,-0.9,61.4,1015.1,11.394455994455992,1,4,2,18.21527777777778,40.388888888888886
2023-01-19,세종,57.326241134751776,22.368794326241133,1.2,0.5,61.1,1012.9,11.394455994455992,1,4,3,24.056338028169016,40.208333333333336
2023-01-20,세종,68.53956834532374,16.014388489208635,2.9,-2.0,51.8,1016.7,0.5,1,4,4,22.368794326241133,16.718309859154928
2023-01-21,세종,27.04861111111111,12.664335664335665,1.1,-3.7,60.1,1019.4,11.394455994455992,1,4,5,16.014388489208635,10.880281690140846
2023-01-22,세종,34.083333333333336,18.506944444444443,1.0,-0.4,59.6,1015.1,11.394455994455992,1,4,6,12.664335664335665,8.049645390070921
2023-01-23,세종,54.826388888888886,29.72222222222222,2.0,0.3,67.5,1012.1,11.394455994455992,1,4,0,18.506944444444443,11.371428571428572
2023-01-24,세종,30.6875,9.055555555555555,3.8,-11.4,58.9,1017.5,0.2,1,4,1,29.72222222222222,18.21527777777778
2023-01-25,세종,22.85,9.95,1.5,-11.5,51.9,1019.4,11.394455994455992,1,4,2,9.055555555555555,24.056338028169016
2023-01-26,세종,31.78723404255319,20.928571428571427,0.8,-6.9,80.5,1013.0,1.5,1,4,3,9.95,22.368794326241133
2023-01-27,세종,31.520833333333332,16.618055555555557,2.7,-6.8,64.5,1012.0,11.394455994455992,1,4,4,20.928571428571427,16.014388489208635
2023-01-28,세종,30.54861111111111,14.61111111111111,1.4,-5.9,67.6,1011.7,11.394455994455992,1,4,5,16.618055555555557,12.664335664335665
2023-01-29,세종,46.59722222222222,15.868055555555555,1.7,-1.7,69.9,1009.0,11.394455994455992,1,4,6,14.61111111111111,18.506944444444443
2023-01-30,세종,41.83216783216783,13.295774647887324,1.8,-0.9,49.8,1012.5,11.394455994455992,1,4,0,15.868055555555555,29.72222222222222
2023-01-31,세종,38.5,15.598540145985401,1.4,1.8,63.3,1007.7,11.394455994455992,1,4,1,13.295774647887324,9.055555555555555
2023-02-01,세종,46.71527777777778,20.242857142857144,2.0177358490566037,-99.0,67.392168755897,1009.249070331447,11.394455994455992,2,4,2,15.598540145985401,9.95
2023-02-02,세종,45.992753623188406,15.978260869565217,2.0177358490566037,-99.0,67.392168755897,1009.249070331447,11.394455994455992,2,4,3,20.242857142857144,20.928571428571427
2023-02-03,세종,43.013888888888886,19.11111111111111,1.4,-1.1,47.3,1012.5,11.394455994455992,2,4,4,15.978260869565217,16.618055555555557
2023-02-04,세종,47.21527777777778,30.678571428571427,1.0,-1.1,62.5,1014.2,11.394455994455992,2,4,5,19.11111111111111,14.61111111111111
2023-02-05,세종,68.31944444444444,48.87943262411348,0.8,0.0,68.9,1014.2,11.394455994455992,2,4,6,30.678571428571427,15.868055555555555
2023-02-06,세종,86.35416666666667,58.611111111111114,0.8,1.8,61.1,1011.3,11.394455994455992,2,4,0,48.87943262411348,13.295774647887324
2023-02-07,세종,108.3125,74.65277777777777,0.8,2.5,60.9,1010.3,11.394455994455992,2,4,1,58.611111111111114,15.598540145985401
2023-02-08,세종,88.45652173913044,60.45323741007194,1.3,1.5,59.3,1015.6,11.394455994455992,2,4,2,74.65277777777777,20.242857142857144
2023-02-09,세종,52.172661870503596,33.542857142857144,1.7,3.1,59.1,1015.5,0.9,2,4,3,60.45323741007194,15.978260869565217
2023-02-10,세종,29.664233576642335,21.51048951048951,1.4,3.2,84.0,1009.9,2.9,2,4,4,33.542857142857144,19.11111111111111
2023-02-11,세종,56.375,40.41258741258741,0.8,0.2,92.9,1012.9,11.394455994455992,2,4,5,21.51048951048951,30.678571428571427
2023-02-12,세종,75.86805555555556,53.99305555555556,1.0,1.1,86.4,1010.7,11.394455994455992,2,4,6,40.41258741258741,48.87943262411348
2023-02-13,세종,58.37593984962406,39.51145038167939,1.6,5.8,65.8,1007.2,11.394455994455992,2,4,0,53.99305555555556,58.611111111111114
2023-02-14,세종,50.76377952755905,29.929133858267715,1.6,1.2,60.9,1011.6,11.394455994455992,2,4,1,39.51145038167939,74.65277777777777
2023-02-15,세종,31.221374045801525,17.651515151515152,1.4,2.7,61.1,1017.4,11.394455994455992,2,4,2,29.929133858267715,60.45323741007194
2023-02-16,세종,28.69924812030075,18.477272727272727,1.3,2.6,67.6,1019.4,11.394455994455992,2,4,3,17.651515151515152,33.542857142857144
2023-02-17,세종,56.03472222222222,38.31468531468531,0.9,3.9,58.1,1016.4,11.394455994455992,2,4,4,18.477272727272727,21.51048951048951
2023-02-18,세종,86.72222222222223,60.638888888888886,0.8,6.1,57.0,1009.0,0.1,2,4,5,38.31468531468531,40.41258741258741
2023-02-19,세종,43.423611111111114,30.555555555555557,2.1,3.2,63.3,1009.1,0.2,2,4,6,60.638888888888886,53.99305555555556
2023-02-20,세종,33.75352112676056,9.642857142857142,2.8,-0.7,50.0,1015.8,11.394455994455992,2,4,0,30.555555555555557,39.51145038167939
2023-02-21,세종,34.99295774647887,17.295774647887324,1.5,-1.5,41.1,1023.1,11.394455994455992,2,4,1,9.642857142857142,29.929133858267715
2023-02-22,세종,40.365671641791046,23.419847328244273,1.1,1.5,56.4,1018.9,11.394455994455992,2,4,2,17.295774647887324,17.651515151515152
2023-02-23,세종,46.916666666666664,27.328,1.5,2.9,53.0,1013.4,11.394455994455992,2,4,3,23.419847328244273,18.477272727272727
2023-02-24,세종,64.9225352112676,39.52777777777778,2.0,2.6,53.4,1013.9,11.394455994455992,2,4,4,27.328,38.31468531468531
2023-02-25,세종,35.826388888888886,16.65277777777778,2.1,0.2,46.9,1021.0,11.394455994455992,2,4,5,39.52777777777778,60.638888888888886
2023-02-26,세종,33.951388888888886,17.58450704225352,1.1,1.5,45.4,1025.4,11.394455994455992,2,4,6,16.65277777777778,30.555555555555557
2023-02-27,세종,49.38461538461539,31.133802816901408,1.0,3.8,49.6,1022.9,11.394455994455992,2,4,0,17.58450704225352,9.642857142857142
2023-02-28,세종,43.53472222222222,27.816901408450704,1.3,5.0,62.8,1016.3,11.394455994455992,2,4,1,31.133802816901408,17.295774647887324
2023-03-01,세종,41.701388888888886,22.8125,2.0,5.8,58.3,1011.4,11.394455994455992,3,1,2,27.816901408450704,23.419847328244273
2023-03-02,세종,48.640845070422536,10.314685314685315,2.8,2.1,29.5,1016.9,11.394455994455992,3,1,3,22.8125,27.328
2023-03-03,세종,45.32608695652174,18.014492753623188,1.4,3.5,54.9,1017.1,11.394455994455992,3,1,4,10.314685314685315,39.52777777777778
2023-03-04,세종,62.72222222222222,33.986111111111114,1.1,6.1,58.8,1017.8,11.394455994455992,3,1,5,18.014492753623188,16.65277777777778
2023-03-05,세종,73.19444444444444,45.451388888888886,1.0,7.4,45.1,1016.2,11.394455994455992,3,1,6,33.986111111111114,17.58450704225352
2023-03-06,세종,57.69444444444444,32.604166666666664,1.1,8.1,43.5,1012.6,11.394455994455992,3,1,0,45.451388888888886,31.133802816901408
2023-03-07,세종,64.99305555555556,32.30555555555556,1.8,11.3,48.0,1009.5,11.394455994455992,3,1,1,32.604166666666664,27.816901408450704
2023-03-08,세종,60.60839160839161,24.742857142857144,1.8,13.8,45.8,1008.2,11.394455994455992,3,1,2,32.30555555555556,22.8125
2023-03-09,세종,57.46478873239437,26.098591549295776,1.8,14.0,57.0,1004.6,11.394455994455992,3,1,3,24.742857142857144,10.314685314685315
2023-03-10,세종,91.45833333333333,45.923611111111114,1.3,13.5,56.5,1008.4,11.394455994455992,3,1,4,26.098591549295776,18.014492753623188
2023-03-11,세종,94.67361111111111,39.763888888888886,1.3,16.0,37.3,1010.8,11.394455994455992,3,1,5,45.923611111111114,33.986111111111114
2023-03-12,세종,62.68055555555556,21.028169014084508,2.2,6.4,65.1,1009.9,9.1,3,1,6,39.763888888888886,45.451388888888886
2023-03-13,세종,36.07575757575758,7.938931297709924,2.1,3.2,35.9,1011.9,11.394455994455992,3,1,0,21.028169014084508,32.604166666666664
2023-03-14,세종,44.1953125,11.817460317460318,1.5,8.5,45.5,1007.6,11.394455994455992,3,1,1,7.938931297709924,32.30555555555556
2023-03-15,세종,43.04615384615385,11.705426356589147,2.2,11.0,60.3,1009.7,11.394455994455992,3,1,2,11.817460317460318,24.742857142857144
2023-03-16,세종,65.0909090909091,10.523076923076923,2.5,5.8,27.4,1017.5,11.394455994455992,3,1,3,11.705426356589147,26.098591549295776
2023-03-17,세종,59.02797202797203,17.517482517482517,1.3,6.9,40.8,1012.4,11.394455994455992,3,1,4,10.523076923076923,45.923611111111114
2023-03-18,세종,58.125,24.569444444444443,2.0,8.3,37.0,1008.4,11.394455994455992,3,1,5,17.517482517482517,39.763888888888886
2023-03-19,세종,79.45138888888889,45.583333333333336,1.4,7.9,50.1,1009.3,11.394455994455992,3,1,6,24.569444444444443,21.028169014084508
2023-03-20,세종,76.54861111111111,46.75352112676056,1.2,9.7,43.1,1005.0,11.394455994455992,3,1,0,45.583333333333336,7.938931297709924
2023-03-21,세종,63.75,27.34027777777778,1.0,12.8,36.8,1001.0,11.394455994455992,3,1,1,46.75352112676056,11.817460317460318
2023-03-22,세종,66.875,36.65034965034965,1.3,16.6,46.0,998.7,11.394455994455992,3,1,2,27.34027777777778,11.705426356589147
2023-03-23,세종,118.67391304347827,37.471014492753625,1.2,14.4,73.1,996.4,9.4,3,1,3,36.65034965034965,10.523076923076923
2023-03-24,세종,169.40714285714284,26.685714285714287,1.5,11.7,53.9,1004.4,11.394455994455992,3,1,4,37.471014492753625,17.517482517482517
2023-03-25,세종,78.75,14.493055555555555,1.7,10.8,66.5,1007.7,11.394455994455992,3,1,5,26.685714285714287,24.569444444444443
2023-03-26,세종,56.71527777777778,14.23611111111111,2.3,8.9,41.4,1007.0,11.394455994455992,3,1,6,14.493055555555555,45.583333333333336
2023-03-27,세종,42.31944444444444,17.0625,1.7,6.8,44.0,1011.2,11.394455994455992,3,1,0,14.23611111111111,46.75352112676056
2023-03-28,세종,83.7,34.27142857142857,1.2,8.1,51.4,1013.2,11.394455994455992,3,1,1,17.0625,27.34027777777778
2023-03-29,세종,80.40277777777777,34.99305555555556,1.2,11.3,48.0,1011.6,11.394455994455992,3,1,2,34.27142857142857,36.65034965034965
2023-03-30,세종,59.53146853146853,23.125874125874127,1.3,13.3,36.5,1008.7,11.394455994455992,3,1,3,34.99305555555556,37.471014492753625
2023-03-31,세종,79.57638888888889,38.13194444444444,1.2,14.1,34.6,1007.5,11.394455994455992,3,1,4,23.125874125874127,26.685714285714287
2023-04-01,세종,76.177304964539,38.333333333333336,1.3,16.1,36.1,1005.3,11.394455994455992,4,1,5,38.13194444444444,14.493055555555555
2023-04-02,세종,42.53846153846154,22.735714285714284,3.0,16.9,29.4,1008.4,11.394455994455992,4,1,6,38.333333333333336,14.23611111111111
2023-04-03,세종,46.69444444444444,27.161971830985916,2.6,16.8,29.0,1011.3,11.394455994455992,4,1,0,22.735714285714284,17.0625
2023-04-04,세종,22.59027777777778,9.0,2.2,15.1,52.8,1008.1,8.4,4,1,1,27.161971830985916,34.27142857142857
2023-04-05,세종,18.51063829787234,9.917293233082706,1.7,12.1,92.9,999.2,15.6,4,1,2,9.0,34.99305555555556
2023-04-06,세종,68.4820143884892,52.10294117647059,1.6,8.8,89.5,1001.0,3.0,4,1,3,9.917293233082706,23.125874125874127
2023-04-07,세종,80.76388888888889,48.0,2.0,8.3,64.3,1004.5,11.394455994455992,4,1,4,52.10294117647059,38.13194444444444
2023-04-08,세종,41.875,7.211267605633803,2.1,7.9,48.5,1009.1,11.394455994455992,4,1,5,48.0,38.333333333333336
2023-04-09,세종,60.5625,12.916083916083917,1.6,9.6,57.1,1008.9,11.394455994455992,4,1,6,7.211267605633803,22.735714285714284
2023-04-10,세종,40.86805555555556,12.034965034965035,1.5,11.9,52.6,1004.9,11.394455994455992,4,1,0,12.916083916083917,27.161971830985916
2023-04-11,세종,43.443661971830984,13.201438848920864,2.4,14.8,69.5,1001.1,1.2,4,1,1,12.034965034965035,9.0
2023-04-12,세종,277.3333333333333,30.638297872340427,2.0,10.5,34.4,1007.5,11.394455994455992,4,1,2,13.201438848920864,9.917293233082706
2023-04-13,세종,181.99290780141843,23.532374100719423,1.2,12.6,35.0,1006.8,11.394455994455992,4,1,3,30.638297872340427,52.10294117647059
2023-04-14,세종,74.90277777777777,15.732394366197184,1.2,15.4,40.3,1002.2,11.394455994455992,4,1,4,23.532374100719423,48.0
2023-04-15,세종,54.854166666666664,15.741258741258742,1.2,12.3,77.9,994.6,8.1,4,1,5,15.732394366197184,7.211267605633803
2023-04-16,세종,99.41666666666667,22.875,1.5,9.9,75.1,995.5,0.3,4,1,6,15.741258741258742,12.916083916083917
2023-04-17,세종,85.02083333333333,19.96527777777778,1.2,12.5,60.1,1004.4,11.394455994455992,4,1,0,22.875,12.034965034965035
2023-04-18,세종,50.955882352941174,14.583941605839415,0.8,13.4,81.1,1000.7,10.1,4,1,1,19.96527777777778,13.201438848920864
2023-04-19,세종,37.11805555555556,12.79020979020979,1.7,19.4,69.8,998.9,11.394455994455992,4,1,2,14.583941605839415,30.638297872340427
2023-04-20,세종,30.416666666666668,12.166666666666666,1.5,18.8,77.3,999.4,11.394455994455992,4,1,3,12.79020979020979,23.532374100719423
2023-04-21,세종,60.56737588652482,20.714285714285715,2.0,17.1,63.6,1001.2,11.394455994455992,4,1,4,12.166666666666666,15.732394366197184
2023-04-22,세종,221.76388888888889,26.986013986013987,2.7,16.0,33.9,1008.4,11.394455994455992,4,1,5,20.714285714285715,15.741258741258742
2023-04-23,세종,137.70138888888889,21.0625,1.7,15.9,37.9,1011.9,11.394455994455992,4,1,6,26.986013986013987,22.875
2023-04-24,세종,47.773049645390074,13.553191489361701,2.0,14.6,47.5,1012.0,11.394455994455992,4,1,0,21.0625,19.96527777777778
2023-04-25,세종,27.106382978723403,12.035971223021583,1.3,9.2,78.4,1005.3,0.4,4,1,1,13.553191489361701,14.583941605839415
2023-04-26,세종,28.35211267605634,13.45,2.0,8.5,73.9,1004.0,11.394455994455992,4,1,2,12.035971223021583,12.79020979020979
2023-04-27,세종,32.837606837606835,17.94736842105263,1.3,12.0,56.1,1009.4,11.394455994455992,4,1,3,13.45,12.166666666666666
2023-04-28,세종,38.22522522522522,14.697247706422019,1.3,15.6,59.3,1005.6,0.0,4,1,4,17.94736842105263,20.714285714285715
2023-04-29,세종,33.22377622377623,12.808510638297872,1.9,13.6,83.4,997.3,1.7,4,1,5,14.697247706422019,26.986013986013987
2023-04-30,세종,43.27777777777778,12.482517482517483,2.0,12.8,63.9,1000.4,11.394455994455992,4,1,6,12.808510638297872,21.0625
2023-05-01,세종,47.083969465648856,17.20769230769231,1.8,14.0,52.1,1006.9,11.394455994455992,5,1,0,12.482517482517483,13.553191489361701
2023-05-02,세종,29.059322033898304,12.854700854700855,1.1,16.4,45.9,1011.5,11.394455994455992,5,1,1,17.20769230769231,12.035971223021583
2023-05-03,세종,36.25954198473283,14.553846153846154,1.3,18.5,50.3,1010.1,11.394455994455992,5,1,2,12.854700854700855,13.45
2023-05-04,세종,31.0625,14.20979020979021,1.8,19.7,66.6,1002.9,2.5,5,1,3,14.553846153846154,17.94736842105263
2023-05-05,세종,7.388888888888889,2.9411764705882355,1.1,18.9,96.0,992.6,72.8,5,1,4,14.20979020979021,14.697247706422019
2023-05-06,세종,5.857142857142857,3.546875,2.1,14.4,94.6,994.7,42.7,5,1,5,2.9411764705882355,12.808510638297872
2023-05-07,세종,31.18881118881119,23.574468085106382,2.0,12.1,74.6,1001.7,0.5,5,1,6,3.546875,12.482517482517483
2023-05-08,세종,32.302158273381295,20.492857142857144,1.3,13.1,64.6,1006.1,11.394455994455992,5,1,0,23.574468085106382,17.20769230769231
2023-05-09,세종,38.141843971631204,22.113475177304963,1.4,15.5,58.3,1006.2,11.394455994455992,5,1,1,20.492857142857144,12.854700854700855
2023-05-10,세종,49.4822695035461,27.901408450704224,1.4,16.6,58.0,1006.3,11.394455994455992,5,1,2,22.113475177304963,14.553846153846154
2023-05-11,세종,45.94326241134752,24.907801418439718,1.1,18.1,55.0,1007.3,11.394455994455992,5,1,3,27.901408450704224,14.20979020979021
2023-05-12,세종,41.09722222222222,22.51388888888889,1.1,17.4,52.3,1006.3,11.394455994455992,5,1,4,24.907801418439718,2.9411764705882355
2023-05-13,세종,32.41958041958042,17.02112676056338,1.7,17.5,59.1,1002.2,11.394455994455992,5,1,5,22.51388888888889,3.546875
2023-05-14,세종,25.77777777777778,14.787234042553191,1.3,17.3,58.6,999.0,11.394455994455992,5,1,6,17.02112676056338,23.574468085106382
2023-05-15,세종,35.74305555555556,18.944055944055943,1.2,19.7,56.4,998.2,11.394455994455992,5,1,0,14.787234042553191,20.492857142857144
2023-05-16,세종,46.96527777777778,22.22222222222222,1.3,22.6,50.3,1000.6,11.394455994455992,5,1,1,18.944055944055943,22.113475177304963
2023-05-17,세종,40.84892086330935,15.264285714285714,1.7,22.6,53.5,1002.8,11.394455994455992,5,1,2,22.22222222222222,27.901408450704224
2023-05-18,세종,29.79020979020979,14.366197183098592,1.9,19.1,69.8,1000.3,11.394455994455992,5,1,3,15.264285714285714,24.907801418439718
2023-05-19,세종,18.08695652173913,9.418439716312056,1.6,20.4,64.6,998.7,11.394455994455992,5,1,4,14.366197183098592,22.51388888888889
2023-05-20,세종,23.11111111111111,12.287769784172662,1.5,20.1,71.6,1000.4,11.394455994455992,5,1,5,9.418439716312056,17.02112676056338
2023-05-21,세종,52.31944444444444,12.815602836879433,1.5,18.1,72.9,999.5,11.394455994455992,5,1,6,12.287769784172662,14.787234042553191
2023-05-22,세종,146.45390070921985,27.078014184397162,1.3,17.2,72.5,998.2,0.5,5,1,0,12.815602836879433,18.944055944055943
2023-05-23,세종,60.262411347517734,18.223776223776223,1.5,17.8,64.9,1000.2,11.394455994455992,5,1,1,27.078014184397162,22.22222222222222
2023-05-24,세종,45.219858156028366,18.141843971631207,0.9,19.3,58.4,1004.1,11.394455994455992,5,1,2,18.223776223776223,15.264285714285714
2023-05-25,세종,38.274647887323944,12.93661971830986,1.3,20.4,50.3,1005.7,11.394455994455992,5,1,3,18.141843971631207,14.366197183098592
2023-05-26,세종,29.545454545454547,11.755244755244755,1.4,21.2,59.3,1007.6,11.394455994455992,5,1,4,12.93661971830986,9.418439716312056
2023-05-27,세종,33.09722222222222,15.618055555555555,0.9,19.9,87.1,1006.8,6.3,5,1,5,11.755244755244755,12.287769784172662
2023-05-28,세종,15.056338028169014,5.885714285714286,1.2,20.0,92.4,1002.4,42.9,5,1,6,15.618055555555555,12.815602836879433
2023-05-29,세종,9.361702127659575,3.676258992805755,1.0,20.6,91.9,999.9,26.0,5,1,0,5.885714285714286,27.078014184397162
2023-05-30,세종,14.846153846153847,5.615384615384615,2.1,21.5,75.1,999.7,11.394455994455992,5,1,1,3.676258992805755,18.223776223776223
2023-05-31,세종,21.65,8.594202898550725,1.9,22.0,58.6,1000.1,11.394455994455992,5,1,2,5.615384615384615,18.141843971631207
2023-06-01,세종,36.020833333333336,18.335664335664337,1.0,21.7,73.5,995.7,11.394455994455992,6,2,3,8.594202898550725,12.93661971830986
2023-06-02,세종,34.75,17.76388888888889,1.6,20.9,75.4,992.5,11.394455994455992,6,2,4,18.335664335664337,11.755244755244755
2023-06-03,세종,30.15277777777778,13.557971014492754,2.1,21.1,57.1,998.4,11.394455994455992,6,2,5,17.76388888888889,15.618055555555555
2023-06-04,세종,28.34027777777778,12.517985611510792,1.5,21.9,54.1,1000.6,11.394455994455992,6,2,6,13.557971014492754,5.885714285714286
2023-06-05,세종,25.412587412587413,11.570422535211268,1.7,20.9,66.3,1001.2,11.394455994455992,6,2,0,12.517985611510792,3.676258992805755
2023-06-06,세종,23.55944055944056,11.832167832167832,1.4,20.3,68.1,997.2,11.394455994455992,6,2,1,11.570422535211268,5.615384615384615
2023-06-07,세종,27.20979020979021,13.368055555555555,1.2,21.3,73.9,998.6,11.394455994455992,6,2,2,11.832167832167832,8.594202898550725
2023-06-08,세종,22.559701492537314,11.115107913669064,1.5,21.6,75.1,994.4,11.394455994455992,6,2,3,13.368055555555555,18.335664335664337
2023-06-09,세종,25.42142857142857,12.536764705882353,1.5,23.1,60.5,993.6,11.394455994455992,6,2,4,11.115107913669064,17.76388888888889
2023-06-10,세종,29.40277777777778,14.804195804195805,1.5,23.4,63.0,994.6,11.394455994455992,6,2,5,12.536764705882353,13.557971014492754
2023-06-11,세종,24.76388888888889,14.17361111111111,1.6,22.8,72.6,994.9,11.394455994455992,6,2,6,14.804195804195805,12.517985611510792
2023-06-12,세종,28.791666666666668,15.48611111111111,1.5,22.6,69.3,995.2,0.0,6,2,0,14.17361111111111,11.570422535211268
2023-06-13,세종,28.281690140845072,14.870503597122303,1.5,22.2,68.6,994.2,0.0,6,2,1,15.48611111111111,11.832167832167832
2023-06-14,세종,27.845070422535212,16.385714285714286,1.4,21.7,69.4,995.6,11.394455994455992,6,2,2,14.870503597122303,13.368055555555555
2023-06-15,세종,30.1056338028169,17.169014084507044,1.5,21.8,69.4,998.4,11.394455994455992,6,2,3,16.385714285714286,11.115107913669064
2023-06-16,세종,30.416666666666668,17.854166666666668,1.5,23.6,63.8,1002.8,11.394455994455992,6,2,4,17.169014084507044,12.536764705882353
2023-06-17,세종,30.708333333333332,17.65034965034965,1.4,24.1,62.3,1002.4,11.394455994455992,6,2,5,17.854166666666668,14.804195804195805
2023-06-18,세종,31.055944055944057,16.833333333333332,1.5,25.1,56.8,997.1,11.394455994455992,6,2,6,17.65034965034965,14.17361111111111
2023-06-19,세종,39.72222222222222,21.37062937062937,1.9,26.2,60.3,996.0,11.394455994455992,6,2,0,16.833333333333332,15.48611111111111
2023-06-20,세종,24.0,10.07638888888889,2.2,23.5,64.4,994.0,8.6,6,2,1,21.37062937062937,14.870503597122303
2023-06-21,세종,16.67391304347826,8.388489208633093,1.1,20.8,92.6,991.2,7.7,6,2,2,10.07638888888889,16.385714285714286
2023-06-22,세종,22.805755395683452,11.861313868613138,1.7,22.5,76.3,994.0,11.394455994455992,6,2,3,8.388489208633093,17.169014084507044
2023-06-23,세종,27.618055555555557,15.51388888888889,1.3,24.9,69.5,999.0,11.394455994455992,6,2,4,11.861313868613138,17.854166666666668
2023-06-24,세종,32.0625,19.272727272727273,1.4,26.2,68.4,1003.3,11.394455994455992,6,2,5,15.51388888888889,17.65034965034965
2023-06-25,세종,24.041666666666668,14.65034965034965,2.1,26.3,61.9,1001.4,11.394455994455992,6,2,6,19.272727272727273,16.833333333333332
2023-06-26,세종,9.618055555555555,3.4892086330935252,1.8,23.8,91.0,996.8,46.4,6,2,0,14.65034965034965,21.37062937062937
2023-06-27,세종,16.6993006993007,8.594405594405595,1.7,25.5,75.8,998.7,7.1,6,2,1,3.4892086330935252,10.07638888888889
2023-06-28,세종,18.56028368794326,7.328571428571428,1.3,23.6,83.8,998.1,1.9,6,2,2,8.594405594405595,8.388489208633093
2023-06-29,세종,22.676258992805757,10.347517730496454,1.4,24.3,91.9,991.9,31.9,6,2,3,7.328571428571428,11.861313868613138
2023-06-30,세종,11.636363636363637,5.111888111888112,1.2,24.3,91.6,990.6,9.0,6,2,4,10.347517730496454,15.51388888888889
2023-07-01,세종,28.034965034965033,13.734265734265735,0.9,26.8,80.5,995.5,11.394455994455992,7,2,5,5.111888111888112,19.272727272727273
2023-07-02,세종,29.98611111111111,18.25531914893617,1.2,27.0,79.0,998.2,11.394455994455992,7,2,6,13.734265734265735,14.65034965034965
2023-07-03,세종,33.83802816901409,19.614285714285714,1.4,27.7,76.8,995.2,11.394455994455992,7,2,0,18.25531914893617,3.4892086330935252
2023-07-04,세종,19.356643356643357,10.805555555555555,1.6,24.7,90.9,990.5,59.2,7,2,1,19.614285714285714,8.594405594405595
2023-07-05,세종,20.4,10.176470588235293,2.0,24.5,79.5,986.6,18.8,7,2,2,10.805555555555555,7.328571428571428
2023-07-06,세종,37.07913669064748,13.548872180451127,1.2,25.7,70.6,992.3,11.394455994455992,7,2,3,10.176470588235293,10.347517730496454
2023-07-07,세종,26.838028169014084,9.328467153284672,1.6,21.5,90.5,992.6,55.2,7,2,4,13.548872180451127,5.111888111888112
2023-07-08,세종,11.215827338129497,4.154929577464789,1.2,24.1,86.8,992.5,0.8,7,2,5,9.328467153284672,13.734265734265735
2023-07-09,세종,23.929577464788732,12.253521126760564,1.3,26.1,85.8,992.7,0.3,7,2,6,4.154929577464789,18.25531914893617
2023-07-10,세종,20.00709219858156,10.381294964028777,1.6,26.1,80.4,994.1,55.6,7,2,0,12.253521126760564,19.614285714285714
2023-07-11,세종,15.942857142857143,6.384615384615385,1.0,23.9,90.1,995.8,16.5,7,2,1,10.381294964028777,10.805555555555555
2023-07-12,세종,19.182481751824817,9.051470588235293,1.0,26.2,86.3,995.4,6.2,7,2,2,6.384615384615385,10.176470588235293
2023-07-13,세종,19.271428571428572,8.50354609929078,1.1,25.1,94.0,994.2,18.2,7,2,3,9.051470588235293,13.548872180451127
2023-07-14,세종,6.215827338129497,2.3740458015267176,2.6,24.5,94.9,989.5,182.7,7,2,4,8.50354609929078,9.328467153284672
2023-07-15,세종,8.680851063829786,3.3884892086330933,1.5,22.8,96.3,991.8,283.7,7,2,5,2.3740458015267176,4.154929577464789
2023-07-16,세종,17.907801418439718,5.431654676258993,1.0,24.0,91.6,997.8,1.4,7,2,6,3.3884892086330933,12.253521126760564
2023-07-17,세종,11.8,3.257575757575758,1.2,25.2,88.9,1001.7,10.4,7,2,0,5.431654676258993,10.381294964028777
2023-07-18,세종,6.474074074074074,1.8345323741007193,1.3,23.2,95.8,1000.6,100.0,7,2,1,3.257575757575758,6.384615384615385
2023-07-19,세종,21.381944444444443,10.7,1.3,25.6,80.8,997.4,11.394455994455992,7,2,2,1.8345323741007193,9.051470588235293
2023-07-20,세종,47.070422535211264,30.40714285714286,1.1,26.0,81.3,999.1,11.394455994455992,7,2,3,10.7,8.50354609929078
2023-07-21,세종,46.404411764705884,31.16058394160584,1.2,27.1,80.4,1001.7,11.394455994455992,7,2,4,30.40714285714286,2.3740458015267176
2023-07-22,세종,21.638297872340427,11.992957746478874,1.7,25.4,82.6,1002.0,0.6,7,2,5,31.16058394160584,3.3884892086330933
2023-07-23,세종,11.142857142857142,4.184397163120567,1.2,25.0,90.4,998.5,27.4,7,2,6,11.992957746478874,5.431654676258993
2023-07-24,세종,11.007042253521126,4.26241134751773,0.9,25.8,87.6,999.0,8.0,7,2,0,4.184397163120567,3.257575757575758
2023-07-25,세종,15.535714285714286,4.673913043478261,1.2,25.3,89.1,1003.0,7.0,7,2,1,4.26241134751773,1.8345323741007193
2023-07-26,세종,14.32089552238806,3.5801526717557253,1.3,25.2,89.1,1005.0,13.4,7,2,2,4.673913043478261,10.7
2023-07-27,세종,16.156028368794328,5.522058823529412,1.3,27.1,81.9,1004.3,0.0,7,2,3,3.5801526717557253,30.40714285714286
2023-07-28,세종,21.90909090909091,11.5,1.1,28.6,77.9,1004.0,11.394455994455992,7,2,4,5.522058823529412,31.16058394160584
2023-07-29,세종,32.42446043165467,21.13986013986014,1.2,29.1,74.4,1004.0,11.394455994455992,7,2,5,11.5,11.992957746478874
2023-07-30,세종,30.294117647058822,19.891666666666666,1.3,27.5,81.4,1003.1,1.1,7,2,6,21.13986013986014,4.184397163120567
2023-07-31,세종,32.152671755725194,19.697674418604652,1.4,27.5,80.8,1002.5,11.394455994455992,7,2,0,19.891666666666666,4.26241134751773
2023-08-01,세종,32.94964028776978,21.546762589928058,1.1,29.2,76.6,1000.3,11.394455994455992,8,2,1,19.697674418604652,4.673913043478261
2023-08-02,세종,38.51428571428571,25.571428571428573,1.3,28.8,74.4,997.8,11.394455994455992,8,2,2,21.546762589928058,3.5801526717557253
2023-08-03,세종,24.47887323943662,14.007194244604317,1.2,28.9,71.0,996.1,11.394455994455992,8,2,3,25.571428571428573,5.522058823529412
2023-08-04,세종,24.041958041958043,12.985714285714286,1.4,29.5,72.3,994.2,11.394455994455992,8,2,4,14.007194244604317,11.5
2023-08-05,세종,26.985915492957748,16.049295774647888,1.6,29.2,70.8,990.7,11.394455994455992,8,2,5,12.985714285714286,21.13986013986014
2023-08-06,세종,20.493055555555557,11.375886524822695,1.3,29.2,73.5,988.1,0.0,8,2,6,16.049295774647888,19.891666666666666
2023-08-07,세종,13.741007194244604,5.597122302158273,1.6,29.5,72.1,989.1,11.394455994455992,8,2,0,11.375886524822695,19.697674418604652
2023-08-08,세종,12.709219858156029,4.934782608695652,2.1,30.2,68.9,991.7,0.0,8,2,1,5.597122302158273,21.546762589928058
2023-08-09,세종,11.577464788732394,4.539568345323741,2.5,26.9,78.4,992.7,21.4,8,2,2,4.934782608695652,25.571428571428573
2023-08-10,세종,4.838235294117647,2.075187969924812,3.6,21.6,94.8,985.7,162.9,8,2,3,4.539568345323741,14.007194244604317
2023-08-11,세종,21.32857142857143,9.022556390977444,2.0,25.1,84.5,990.5,4.8,8,2,4,2.075187969924812,12.985714285714286
2023-08-12,세종,22.229166666666668,10.715328467153284,1.1,24.1,86.6,994.1,1.9,8,2,5,9.022556390977444,16.049295774647888
2023-08-13,세종,29.366197183098592,16.330985915492956,1.0,26.7,83.5,994.6,11.394455994455992,8,2,6,10.715328467153284,11.375886524822695
2023-08-14,세종,32.96503496503497,19.02112676056338,1.2,27.7,77.0,995.5,11.394455994455992,8,2,0,16.330985915492956,5.597122302158273
2023-08-15,세종,32.15277777777778,18.267605633802816,1.7,27.8,76.8,994.3,11.394455994455992,8,2,1,19.02112676056338,4.934782608695652
2023-08-16,세종,28.9,16.884615384615383,1.3,26.6,79.3,993.9,0.0,8,2,2,18.267605633802816,4.539568345323741
2023-08-17,세종,20.62295081967213,10.380165289256198,1.1,26.7,78.5,994.8,11.394455994455992,8,2,3,16.884615384615383,2.075187969924812
2023-08-18,세종,22.683098591549296,12.60431654676259,1.4,28.0,74.6,996.6,11.394455994455992,8,2,4,10.380165289256198,9.022556390977444
2023-08-19,세종,21.166666666666668,11.21985815602837,1.5,28.1,75.3,999.6,0.0,8,2,5,12.60431654676259,10.715328467153284
2023-08-20,세종,25.485714285714284,14.91304347826087,1.3,28.1,74.5,1000.9,11.394455994455992,8,2,6,11.21985815602837,16.330985915492956
2023-08-21,세종,17.319148936170212,8.271428571428572,1.2,28.4,76.4,997.7,0.0,8,2,0,14.91304347826087,19.02112676056338
2023-08-22,세종,18.17910447761194,9.417910447761194,1.5,26.9,81.4,994.5,45.2,8,2,1,8.271428571428572,18.267605633802816
2023-08-23,세종,12.785714285714286,5.181159420289855,1.1,26.2,88.8,994.9,10.6,8,2,2,9.417910447761194,16.884615384615383
2023-08-24,세종,8.808,3.4227642276422765,0.8,25.3,92.6,995.8,23.1,8,2,3,5.181159420289855,10.380165289256198
2023-08-25,세종,19.674418604651162,8.666666666666666,1.4,25.6,77.3,998.0,11.394455994455992,8,2,4,3.4227642276422765,12.60431654676259
2023-08-26,세종,31.12676056338028,17.29078014184397,1.2,24.4,78.6,999.5,11.394455994455992,8,2,5,8.666666666666666,11.21985815602837
2023-08-27,세종,27.46527777777778,16.46099290780142,1.2,26.0,77.6,998.1,11.394455994455992,8,2,6,17.29078014184397,14.91304347826087
2023-08-28,세종,15.49645390070922,7.34965034965035,2.2,26.1,75.5,996.5,0.0,8,2,0,16.46099290780142,8.271428571428572
2023-08-29,세종,11.876811594202898,5.260869565217392,1.3,24.4,89.1,995.9,7.1,8,2,1,7.34965034965035,9.417910447761194
2023-08-30,세종,12.689922480620154,4.6434108527131785,0.9,21.4,95.1,999.5,24.6,8,2,2,5.260869565217392,5.181159420289855
2023-08-31,세종,22.275,11.38655462184874,1.0,22.2,84.4,1000.7,11.394455994455992,8,2,3,4.6434108527131785,3.4227642276422765
2023-09-01,세종,29.2265625,15.874015748031496,1.1,22.6,81.4,1001.9,11.394455994455992,9,3,4,11.38655462184874,8.666666666666666
2023-09-02,세종,26.25,14.827338129496402,1.3,24.5,75.0,1001.4,11.394455994455992,9,3,5,15.874015748031496,17.29078014184397
2023-09-03,세종,10.255474452554745,4.66412213740458,1.2,26.9,80.3,1001.8,0.6,9,3,6,14.827338129496402,16.46099290780142
2023-09-04,세종,19.16058394160584,8.323741007194245,1.3,27.2,79.6,1001.7,11.394455994455992,9,3,0,4.66412213740458,7.34965034965035
2023-09-05,세종,20.680555555555557,8.471014492753623,1.3,26.3,75.4,1001.4,11.394455994455992,9,3,1,8.323741007194245,5.260869565217392
2023-09-06,세종,20.67883211678832,9.562962962962963,1.3,26.0,71.5,1001.6,11.394455994455992,9,3,2,8.471014492753623,4.6434108527131785
2023-09-07,세종,22.20979020979021,10.201438848920864,1.4,24.7,65.1,1004.1,11.394455994455992,9,3,3,9.562962962962963,11.38655462184874
2023-09-08,세종,21.124087591240876,9.529411764705882,1.1,22.8,67.5,1003.0,11.394455994455992,9,3,4,10.201438848920864,15.874015748031496
2023-09-09,세종,30.085106382978722,16.429577464788732,0.9,24.0,72.5,1000.9,11.394455994455992,9,3,5,9.529411764705882,14.827338129496402
2023-09-10,세종,30.041958041958043,17.223021582733814,1.1,24.7,73.4,1000.0,11.394455994455992,9,3,6,16.429577464788732,4.66412213740458
2023-09-11,세종,32.464285714285715,20.18705035971223,1.2,24.4,73.3,999.5,11.394455994455992,9,3,0,17.223021582733814,8.323741007194245
2023-09-12,세종,28.043478260869566,16.869565217391305,0.9,24.1,75.0,1000.7,11.394455994455992,9,3,1,20.18705035971223,8.471014492753623
2023-09-13,세종,20.89051094890511,12.186567164179104,1.3,20.7,93.0,1001.6,29.7,9,3,2,16.869565217391305,9.562962962962963
2023-09-14,세종,11.425531914893616,5.544776119402985,1.5,22.1,87.8,1002.4,5.2,9,3,3,12.186567164179104,10.201438848920864
2023-09-15,세종,9.397163120567376,3.7333333333333334,1.3,22.4,92.6,1003.3,16.3,9,3,4,5.544776119402985,9.529411764705882
2023-09-16,세종,7.507142857142857,3.8248175182481754,1.2,22.9,94.1,1001.8,101.2,9,3,5,3.7333333333333334,16.429577464788732
2023-09-17,세종,10.753521126760564,5.537313432835821,0.9,24.3,87.1,1000.4,2.7,9,3,6,3.8248175182481754,17.223021582733814
2023-09-18,세종,14.647482014388489,6.528985507246377,1.2,23.6,86.0,1002.5,11.394455994455992,9,3,0,5.537313432835821,20.18705035971223
2023-09-19,세종,23.21323529411765,13.045801526717558,0.9,23.0,85.6,1004.2,11.394455994455992,9,3,1,6.528985507246377,16.869565217391305
2023-09-20,세종,26.471014492753625,14.522727272727273,1.7,20.9,95.3,999.2,161.4,9,3,2,13.045801526717558,12.186567164179104
2023-09-21,세종,11.432624113475176,3.888059701492537,1.7,18.7,86.0,1000.9,1.3,9,3,3,14.522727272727273,5.544776119402985
2023-09-22,세종,19.59027777777778,8.97872340425532,1.0,18.4,81.8,1005.9,11.394455994455992,9,3,4,3.888059701492537,3.7333333333333334
2023-09-23,세종,21.82857142857143,10.23021582733813,1.2,19.5,78.9,1009.4,11.394455994455992,9,3,5,8.97872340425532,3.8248175182481754
2023-09-24,세종,15.293706293706293,5.614285714285714,2.1,20.7,65.1,1009.2,11.394455994455992,9,3,6,10.23021582733813,5.537313432835821
2023-09-25,세종,15.734265734265735,4.3428571428571425,1.3,21.5,75.8,1005.8,4.7,9,3,0,5.614285714285714,6.528985507246377
2023-09-26,세종,9.546099290780141,3.9214285714285713,1.2,20.6,96.3,1002.5,46.1,9,3,1,4.3428571428571425,13.045801526717558
2023-09-27,세종,13.833333333333334,5.625899280575539,1.1,22.0,87.0,1001.3,0.4,9,3,2,3.9214285714285713,14.522727272727273
2023-09-28,세종,37.69444444444444,21.5,1.3,22.0,79.6,1003.9,11.394455994455992,9,3,3,5.625899280575539,3.888059701492537
2023-09-29,세종,44.521126760563384,23.22142857142857,1.0,19.8,81.5,1004.1,11.394455994455992,9,3,4,21.5,8.97872340425532
2023-09-30,세종,20.98611111111111,9.553191489361701,1.4,18.4,81.9,1001.8,3.5,9,3,5,23.22142857142857,10.23021582733813
2023-10-01,세종,23.503496503496503,8.845070422535212,2.0,17.2,66.6,1004.5,11.394455994455992,10,3,6,9.553191489361701,5.614285714285714
2023-10-02,세종,18.90972222222222,9.706293706293707,1.2,16.6,67.8,1007.9,11.394455994455992,10,3,0,8.845070422535212,4.3428571428571425
2023-10-03,세종,21.1056338028169,11.140845070422536,0.9,15.4,83.0,1007.4,11.394455994455992,10,3,1,9.706293706293707,3.9214285714285713
2023-10-04,세종,22.636363636363637,11.858156028368795,1.3,17.7,76.4,1004.0,11.394455994455992,10,3,2,11.140845070422536,5.625899280575539
2023-10-05,세종,39.028169014084504,7.696296296296296,3.1,14.3,44.9,1006.3,11.394455994455992,10,3,3,11.858156028368795,21.5
2023-10-06,세종,25.65277777777778,11.865248226950355,1.3,14.2,65.0,1008.9,11.394455994455992,10,3,4,7.696296296296296,23.22142857142857
2023-10-07,세종,24.99290780141844,13.11111111111111,1.3,15.9,73.9,1011.4,11.394455994455992,10,3,5,11.865248226950355,9.553191489361701
2023-10-08,세종,14.753521126760564,6.579710144927536,1.7,17.4,67.3,1011.9,11.394455994455992,10,3,6,13.11111111111111,8.845070422535212
2023-10-09,세종,17.67132867132867,7.964539007092198,1.2,17.2,74.8,1009.3,11.394455994455992,10,3,0,6.579710144927536,9.706293706293707
2023-10-10,세종,26.1875,14.521739130434783,1.2,16.4,77.1,1010.5,11.394455994455992,10,3,1,7.964539007092198,11.140845070422536
2023-10-11,세종,30.25531914893617,15.8,1.0,16.7,69.0,1013.7,11.394455994455992,10,3,2,14.521739130434783,11.858156028368795
2023-10-12,세종,28.571428571428573,14.891304347826088,0.9,16.3,68.1,1013.7,11.394455994455992,10,3,3,15.8,7.696296296296296
2023-10-13,세종,34.9375,19.985294117647058,0.8,16.2,76.5,1007.5,11.394455994455992,10,3,4,14.891304347826088,11.865248226950355
2023-10-14,세종,33.041666666666664,20.16058394160584,1.1,14.7,84.3,1000.1,0.0,10,3,5,19.985294117647058,13.11111111111111
2023-10-15,세종,23.070422535211268,14.656934306569344,1.4,14.7,82.1,1001.1,11.394455994455992,10,3,6,20.16058394160584,6.579710144927536
2023-10-16,세종,34.52205882352941,14.609929078014185,1.4,14.7,66.4,1005.2,11.394455994455992,10,3,0,14.656934306569344,7.964539007092198
2023-10-17,세종,28.645390070921987,13.106382978723405,0.9,12.7,72.0,1009.1,11.394455994455992,10,3,1,14.609929078014185,14.521739130434783
2023-10-18,세종,27.48175182481752,16.579710144927535,1.0,14.1,74.4,1009.3,11.394455994455992,10,3,2,13.106382978723405,15.8
2023-10-19,세종,26.361702127659573,14.884057971014492,1.0,14.9,89.5,1005.7,3.3,10,3,3,16.579710144927535,14.891304347826088
2023-10-20,세종,15.552447552447552,5.913669064748201,2.8,12.1,61.3,1007.1,2.0,10,3,4,14.884057971014492,19.985294117647058
2023-10-21,세종,17.879432624113477,7.2377622377622375,1.6,9.7,69.1,1010.4,0.0,10,3,5,5.913669064748201,20.16058394160584
2023-10-22,세종,21.45138888888889,9.76595744680851,1.0,11.6,74.8,1013.0,11.394455994455992,10,3,6,7.2377622377622375,14.656934306569344
2023-10-23,세종,28.216783216783217,14.671328671328672,0.8,13.4,81.6,1012.4,11.394455994455992,10,3,0,9.76595744680851,14.609929078014185
2023-10-24,세종,34.02877697841727,21.33812949640288,0.8,14.0,81.6,1009.9,11.394455994455992,10,3,1,14.671328671328672,13.106382978723405
2023-10-25,세종,35.21705426356589,24.234848484848484,0.8,15.2,83.1,1007.8,11.394455994455992,10,3,2,21.33812949640288,16.579710144927535
2023-10-26,세종,45.48780487804878,28.456,1.2,16.5,82.1,1004.8,11.394455994455992,10,3,3,24.234848484848484,14.884057971014492
2023-10-27,세종,51.67479674796748,27.458646616541355,1.3,14.7,71.6,1004.4,11.394455994455992,10,3,4,28.456,5.913669064748201
2023-10-28,세종,42.022222222222226,24.581560283687942,0.8,12.8,81.1,1008.1,11.394455994455992,10,3,5,27.458646616541355,7.2377622377622375
2023-10-29,세종,34.273381294964025,23.685314685314687,0.8,13.2,74.9,1011.0,11.394455994455992,10,3,6,24.581560283687942,9.76595744680851
2023-10-30,세종,40.817460317460316,26.706349206349206,0.7,14.1,77.4,1012.0,11.394455994455992,10,3,0,23.685314685314687,14.671328671328672
2023-10-31,세종,45.66153846153846,30.35433070866142,0.9,14.5,75.4,1011.7,11.394455994455992,10,3,1,26.706349206349206,21.33812949640288
2023-11-01,세종,38.39716312056738,19.46527777777778,1.4,18.0,76.3,1008.2,11.394455994455992,11,3,2,30.35433070866142,24.234848484848484
2023-11-02,세종,28.46853146853147,13.552238805970148,1.4,19.5,63.9,1006.9,11.394455994455992,11,3,3,19.46527777777778,28.456
2023-11-03,세종,29.323943661971832,15.335714285714285,1.7,19.4,78.0,1005.7,11.394455994455992,11,3,4,13.552238805970148,27.458646616541355
2023-11-04,세종,36.07746478873239,20.816901408450704,1.3,18.5,86.9,1009.7,0.4,11,3,5,15.335714285714285,24.581560283687942
2023-11-05,세종,18.76388888888889,12.644927536231885,2.1,19.4,78.0,1005.6,5.2,11,3,6,20.816901408450704,23.685314685314687
2023-11-06,세종,21.713178294573645,8.103174603174603,3.2,15.4,69.5,998.2,15.5,11,3,0,12.644927536231885,26.706349206349206
2023-11-07,세종,19.572580645161292,7.61344537815126,2.3,8.2,61.9,1010.8,0.0,11,3,1,8.103174603174603,30.35433070866142
2023-11-08,세종,26.209302325581394,14.829457364341085,1.0,8.1,67.5,1011.8,11.394455994455992,11,3,2,7.61344537815126,19.46527777777778
2023-11-09,세종,33.52,20.336206896551722,1.1,11.8,77.1,1009.5,4.6,11,3,3,14.829457364341085,13.552238805970148
2023-11-10,세종,17.422535211267604,9.566176470588236,3.1,5.5,48.8,1014.5,0.1,11,3,4,20.336206896551722,15.335714285714285
2023-11-11,세종,20.207142857142856,13.333333333333334,1.4,2.2,59.8,1017.8,11.394455994455992,11,3,5,9.566176470588236,20.816901408450704
2023-11-12,세종,20.1294964028777,14.0,1.4,1.9,67.1,1016.8,11.394455994455992,11,3,6,13.333333333333334,12.644927536231885
2023-11-13,세종,20.76388888888889,13.830985915492958,1.5,2.6,66.4,1017.4,11.394455994455992,11,3,0,14.0,8.103174603174603
2023-11-14,세종,26.549295774647888,17.659574468085108,1.1,5.6,71.8,1016.2,11.394455994455992,11,3,1,13.830985915492958,7.61344537815126
2023-11-15,세종,46.32857142857143,34.170212765957444,0.9,7.0,72.9,1017.1,11.394455994455992,11,3,2,17.659574468085108,14.829457364341085
2023-11-16,세종,50.96402877697842,40.2589928057554,0.9,5.3,93.0,1009.5,7.1,11,3,3,34.170212765957444,20.336206896551722
2023-11-17,세종,14.293706293706293,8.566433566433567,1.9,2.4,79.3,1003.9,3.2,11,3,4,40.2589928057554,9.566176470588236
2023-11-18,세종,17.93617021276596,11.027777777777779,2.0,2.1,72.5,1008.0,0.2,11,3,5,8.566433566433567,13.333333333333334
2023-11-19,세종,34.888888888888886,19.5625,1.7,7.8,72.0,1007.6,11.394455994455992,11,3,6,11.027777777777779,14.0
2023-11-20,세종,27.622377622377623,16.356643356643357,0.9,6.1,62.4,1012.9,11.394455994455992,11,3,0,19.5625,13.830985915492958
2023-11-21,세종,33.22222222222222,21.64788732394366,0.7,6.1,63.6,1011.2,11.394455994455992,11,3,1,16.356643356643357,17.659574468085108
2023-11-22,세종,33.90510948905109,23.7007299270073,0.9,7.7,76.9,1006.5,11.394455994455992,11,3,2,21.64788732394366,34.170212765957444
2023-11-23,세종,59.44604316546763,29.574626865671643,2.2,11.5,63.5,1003.7,11.394455994455992,11,3,3,23.7007299270073,40.2589928057554
2023-11-24,세종,14.713286713286713,7.514285714285714,3.2,1.2,51.8,1017.6,11.394455994455992,11,3,4,29.574626865671643,8.566433566433567
2023-11-25,세종,17.97902097902098,11.134751773049645,1.4,-0.8,41.5,1021.5,11.394455994455992,11,3,5,7.514285714285714,11.027777777777779
2023-11-26,세종,29.229166666666668,21.055944055944057,0.8,4.1,51.3,1014.0,0.1,11,3,6,11.134751773049645,19.5625
2023-11-27,세종,28.77777777777778,21.895833333333332,1.2,7.0,86.3,1004.5,3.4,11,3,0,21.055944055944057,16.356643356643357
2023-11-28,세종,28.64748201438849,17.573529411764707,2.2,3.4,63.0,1010.8,11.394455994455992,11,3,1,21.895833333333332,21.64788732394366
2023-11-29,세종,23.231884057971016,16.74125874125874,1.9,2.4,70.5,1014.2,0.2,11,3,2,17.573529411764707,23.7007299270073
2023-11-30,세종,18.02158273381295,9.0,2.4,-2.2,57.3,1017.9,11.394455994455992,11,3,3,16.74125874125874,29.574626865671643
2023-12-01,세종,23.02777777777778,13.569444444444445,1.9,-1.3,62.9,1015.7,11.394455994455992,12,4,4,9.0,7.514285714285714
2023-12-02,세종,31.395833333333332,21.482517482517483,1.1,2.6,68.4,1014.6,11.394455994455992,12,4,5,13.569444444444445,11.134751773049645
2023-12-03,세종,34.140845070422536,21.816901408450704,1.4,2.6,53.8,1015.8,11.394455994455992,12,4,6,21.482517482517483,21.055944055944057
2023-12-04,세종,45.52777777777778,33.25174825174825,0.8,2.1,68.4,1011.4,11.394455994455992,12,4,0,21.816901408450704,21.895833333333332
2023-12-05,세종,51.62237762237762,38.326241134751776,0.6,3.7,72.4,1007.2,11.394455994455992,12,4,1,33.25174825174825,17.573529411764707
2023-12-06,세종,75.13235294117646,57.731884057971016,1.5,6.1,77.9,1000.5,0.6,12,4,2,38.326241134751776,16.74125874125874
2023-12-07,세종,58.84782608695652,15.316176470588236,1.9,6.7,58.9,1005.2,11.394455994455992,12,4,3,57.731884057971016,9.0
2023-12-08,세종,71.23611111111111,18.718309859154928,1.7,11.7,65.0,1003.7,11.394455994455992,12,4,4,15.316176470588236,13.569444444444445
2023-12-09,세종,56.520833333333336,23.57638888888889,1.7,14.8,75.4,1007.2,11.394455994455992,12,4,5,18.718309859154928,21.482517482517483
2023-12-10,세종,71.05797101449275,44.951388888888886,1.1,13.4,78.9,1011.5,11.394455994455992,12,4,6,23.57638888888889,21.816901408450704
2023-12-11,세종,22.97902097902098,10.450704225352112,2.2,12.0,84.5,1004.9,35.3,12,4,0,44.951388888888886,33.25174825174825
2023-12-12,세종,9.755244755244755,5.708955223880597,2.0,7.4,76.4,1009.5,0.1,12,4,1,10.450704225352112,38.326241134751776
2023-12-13,세종,18.13888888888889,10.748251748251748,1.3,9.2,70.8,1016.7,11.394455994455992,12,4,2,5.708955223880597,57.731884057971016
2023-12-14,세종,13.602836879432624,7.093525179856115,2.1,9.9,81.5,1011.4,27.1,12,4,3,10.748251748251748,15.316176470588236
2023-12-15,세종,8.847222222222221,6.204225352112676,1.1,8.7,96.8,1001.6,41.5,12,4,4,7.093525179856115,18.718309859154928
2023-12-16,세종,13.169354838709678,8.161971830985916,3.2,-1.6,81.3,1011.9,2.6,12,4,5,6.204225352112676,23.57638888888889
2023-12-17,세종,16.02777777777778,10.407142857142857,2.5,-8.3,65.5,1023.1,11.394455994455992,12,4,6,8.161971830985916,44.951388888888886
2023-12-18,세종,18.354166666666668,13.057971014492754,1.3,-5.8,64.3,1023.6,11.394455994455992,12,4,0,10.407142857142857,10.450704225352112
2023-12-19,세종,32.41958041958042,24.944055944055943,1.1,-2.4,64.6,1017.4,11.394455994455992,12,4,1,13.057971014492754,5.708955223880597
2023-12-20,세종,31.8125,24.06993006993007,2.8,-5.2,73.0,1016.3,0.2,12,4,2,24.944055944055943,10.748251748251748
2023-12-21,세종,18.382978723404257,12.53191489361702,2.1,-9.4,70.1,1019.3,11.394455994455992,12,4,3,24.06993006993007,7.093525179856115
2023-12-22,세종,20.180555555555557,12.33093525179856,2.1,-9.3,64.8,1025.1,11.394455994455992,12,4,4,12.53191489361702,6.204225352112676
2023-12-23,세종,26.46853146853147,19.321428571428573,0.7,-5.8,62.9,1025.7,11.394455994455992,12,4,5,12.33093525179856,8.161971830985916
2023-12-24,세종,35.028985507246375,31.118055555555557,0.4,-1.7,80.5,1019.9,0.6,12,4,6,19.321428571428573,10.407142857142857
2023-12-25,세종,41.21582733812949,34.14685314685315,0.8,-0.4,86.9,1018.3,0.2,12,4,0,31.118055555555557,13.057971014492754
2023-12-26,세종,39.394366197183096,31.45390070921986,0.8,1.9,81.4,1018.9,11.394455994455992,12,4,1,34.14685314685315,24.944055944055943
2023-12-27,세종,47.50704225352113,35.85314685314685,0.4,2.2,82.8,1019.4,11.394455994455992,12,4,2,31.45390070921986,24.06993006993007
2023-12-28,세종,59.92198581560284,46.26315789473684,0.7,0.9,87.8,1018.1,11.394455994455992,12,4,3,35.85314685314685,12.53191489361702
2023-12-29,세종,67.375,54.358333333333334,0.7,2.0,81.0,1016.3,11.394455994455992,12,4,4,46.26315789473684,12.33093525179856
2023-12-30,세종,87.91666666666667,67.55833333333334,0.5,0.5,93.3,1007.4,2.5,12,4,5,54.358333333333334,19.321428571428573
2023-12-31,세종,36.45,28.07563025210084,1.3,3.5,88.6,1007.5,1.6,12,4,6,67.55833333333334,31.118055555555557
2024-10-01,세종,16.82638888888889,7.741258741258742,1.3,16.8,83.0,1002.2,1.2,10,3,1,28.07563025210084,34.14685314685315
2024-10-02,세종,16.929078014184398,8.076923076923077,1.7,14.0,62.4,1008.2,11.394455994455992,10,3,2,7.741258741258742,31.45390070921986
2024-10-03,세종,17.88888888888889,9.8,0.9,12.1,89.0,1011.6,3.0,10,3,3,8.076923076923077,35.85314685314685
2024-10-04,세종,12.381944444444445,7.087301587301587,1.0,14.9,85.8,1013.6,11.394455994455992,10,3,4,9.8,46.26315789473684
2024-10-05,세종,17.4375,9.618055555555555,0.8,15.9,79.4,1012.5,11.394455994455992,10,3,5,7.087301587301587,54.358333333333334
2024-10-06,세종,20.493055555555557,11.027777777777779,0.7,15.8,89.4,1010.1,0.1,10,3,6,9.618055555555555,67.55833333333334
2024-10-07,세종,29.958333333333332,17.354166666666668,0.7,16.4,89.3,1007.4,1.2,10,3,0,11.027777777777779,28.07563025210084
2024-10-08,세종,42.08391608391609,26.825,0.7,15.7,88.8,1006.6,11.394455994455992,10,3,1,17.354166666666668,7.741258741258742
2024-10-09,세종,24.70138888888889,12.389830508474576,1.0,17.6,75.1,1005.8,11.394455994455992,10,3,2,26.825,8.076923076923077
2024-10-10,세종,16.517482517482517,7.697478991596639,1.3,17.3,77.5,1004.9,0.1,10,3,3,12.389830508474576,9.8
2024-10-11,세종,25.37323943661972,15.370967741935484,0.6,16.4,85.0,1008.1,11.394455994455992,10,3,4,7.697478991596639,7.087301587301587
2024-10-12,세종,34.986111111111114,23.387323943661972,0.6,16.3,80.8,1012.7,11.394455994455992,10,3,5,15.370967741935484,9.618055555555555
2024-10-13,세종,27.204225352112676,17.81118881118881,0.9,16.9,81.3,1012.6,11.394455994455992,10,3,6,23.387323943661972,11.027777777777779
2024-10-14,세종,20.23611111111111,11.381944444444445,0.6,17.3,93.4,1008.9,9.0,10,3,0,17.81118881118881,17.354166666666668
2024-10-15,세종,13.846153846153847,7.859154929577465,0.7,18.1,96.4,1007.5,13.9,10,3,1,11.381944444444445,26.825
2024-10-16,세종,33.205673758865245,18.654411764705884,0.8,18.0,89.6,1012.0,11.394455994455992,10,3,2,7.859154929577465,12.389830508474576
2024-10-17,세종,28.013986013986013,13.223776223776223,1.0,18.3,84.8,1011.4,11.394455994455992,10,3,3,18.654411764705884,7.697478991596639
2024-10-18,세종,22.0,10.359154929577464,1.1,18.7,93.0,1003.0,52.1,10,3,4,13.223776223776223,15.370967741935484
2024-10-19,세종,11.267605633802816,6.763888888888889,2.4,17.0,87.8,1007.8,2.4,10,3,5,10.359154929577464,23.387323943661972
2024-10-20,세종,12.680555555555555,3.8680555555555554,3.5,13.1,61.9,1019.2,11.394455994455992,10,3,6,6.763888888888889,17.81118881118881
2024-10-21,세종,21.485714285714284,7.907801418439717,0.9,13.7,84.1,1013.3,0.1,10,3,0,3.8680555555555554,11.381944444444445
2024-10-22,세종,12.13986013986014,7.118055555555555,1.1,16.6,95.5,1004.4,12.2,10,3,1,7.907801418439717,7.859154929577465
2024-10-23,세종,16.12213740458015,6.263565891472868,2.1,13.8,76.0,1006.3,1.3,10,3,2,7.118055555555555,18.654411764705884
2024-10-24,세종,25.650793650793652,13.119047619047619,1.1,11.6,78.5,1012.1,11.394455994455992,10,3,3,6.263565891472868,13.223776223776223
2024-10-25,세종,27.618055555555557,13.840277777777779,0.9,13.9,78.5,1014.0,11.394455994455992,10,3,4,13.119047619047619,10.359154929577464
2024-10-26,세종,21.93984962406015,10.034722222222221,1.1,16.6,76.6,1010.2,11.394455994455992,10,3,5,13.840277777777779,6.763888888888889
2024-10-27,세종,25.729166666666668,13.416666666666666,0.8,15.2,86.5,1004.2,0.5,10,3,6,10.034722222222221,3.8680555555555554
2024-10-28,세종,30.29078014184397,19.48951048951049,1.5,14.7,81.5,1004.9,11.394455994455992,10,3,0,13.416666666666666,7.907801418439717
2024-10-29,세종,17.04225352112676,6.873239436619718,1.5,14.8,71.3,1008.2,0.0,10,3,1,19.48951048951049,7.118055555555555
2024-10-30,세종,31.992481203007518,19.015037593984964,0.8,14.5,79.0,1012.1,11.394455994455992,10,3,2,6.873239436619718,6.263565891472868
2024-10-31,세종,32.04477611940298,19.31578947368421,0.6,14.4,78.4,1012.4,11.394455994455992,10,3,3,19.015037593984964,13.119047619047619
2024-11-01,세종,34.95774647887324,21.846153846153847,1.2,13.3,89.3,1008.8,2.6,11,3,4,19.31578947368421,13.840277777777779
2024-11-02,세종,23.041666666666668,13.909090909090908,1.3,17.1,76.0,1007.3,0.0,11,3,5,21.846153846153847,10.034722222222221
2024-11-03,세종,21.95104895104895,12.694444444444445,0.9,16.1,79.3,1011.5,11.394455994455992,11,3,6,13.909090909090908,13.416666666666666
2024-11-04,세종,25.930555555555557,14.776223776223777,1.9,14.1,73.1,1010.4,0.5,11,3,0,12.694444444444445,19.48951048951049
2024-11-05,세종,24.993055555555557,11.32638888888889,1.6,9.5,59.8,1011.7,11.394455994455992,11,3,1,14.776223776223777,6.873239436619718
2024-11-06,세종,22.92086330935252,12.482014388489208,1.3,7.2,59.0,1015.8,11.394455994455992,11,3,2,11.32638888888889,19.015037593984964
2024-11-07,세종,35.108695652173914,23.39568345323741,0.6,7.5,69.6,1019.0,11.394455994455992,11,3,3,12.482014388489208,19.31578947368421
2024-11-08,세종,40.13986013986014,27.666666666666668,0.5,10.1,74.9,1017.2,11.394455994455992,11,3,4,23.39568345323741,21.846153846153847
2024-11-09,세종,36.16428571428571,22.696296296296296,0.6,12.4,77.5,1015.7,11.394455994455992,11,3,5,27.666666666666668,13.909090909090908
2024-11-10,세종,26.734265734265733,18.444444444444443,0.7,13.4,76.8,1011.7,11.394455994455992,11,3,6,22.696296296296296,12.694444444444445
2024-11-11,세종,35.8,22.515384615384615,0.6,13.2,75.6,1009.6,11.394455994455992,11,3,0,18.444444444444443,14.776223776223777
2024-11-12,세종,44.473214285714285,27.858407079646017,1.1,13.2,71.6,1009.3,11.394455994455992,11,3,1,22.515384615384615,11.32638888888889
2024-11-13,세종,35.7787610619469,21.141592920353983,0.7,12.9,75.8,1011.7,11.394455994455992,11,3,2,27.858407079646017,12.482014388489208
2024-11-14,세종,32.02290076335878,17.28030303030303,0.6,14.0,78.8,1010.0,0.3,11,3,3,21.141592920353983,23.39568345323741
2024-11-15,세종,23.03472222222222,13.395833333333334,1.3,14.8,78.8,1008.3,3.9,11,3,4,17.28030303030303,27.666666666666668
2024-11-16,세종,21.323943661971832,12.784722222222221,0.9,16.7,74.5,1005.9,0.7,11,3,5,13.395833333333334,22.696296296296296
2024-11-17,세종,19.256944444444443,9.601398601398602,2.5,8.8,53.8,1012.7,0.0,11,3,6,12.784722222222221,18.444444444444443
2024-11-18,세종,18.34027777777778,9.180555555555555,2.2,2.9,34.0,1021.2,11.394455994455992,11,3,0,9.601398601398602,22.515384615384615
2024-11-19,세종,26.727272727272727,14.874125874125873,0.8,5.0,62.5,1018.8,11.394455994455992,11,3,1,9.180555555555555,27.858407079646017
2024-11-20,세종,39.263888888888886,26.03472222222222,0.6,6.3,71.5,1013.9,0.0,11,3,2,14.874125874125873,21.141592920353983
2024-11-21,세종,48.020833333333336,34.03521126760563,0.9,9.1,78.1,1010.0,0.0,11,3,3,26.03472222222222,17.28030303030303
2024-11-22,세종,29.923076923076923,17.27659574468085,1.7,7.4,54.1,1012.5,11.394455994455992,11,3,4,34.03521126760563,13.395833333333334
2024-11-23,세종,31.45138888888889,20.875,0.7,4.9,64.9,1016.6,11.394455994455992,11,3,5,17.27659574468085,12.784722222222221
2024-11-24,세종,29.27777777777778,21.45138888888889,0.5,6.4,68.8,1018.5,11.394455994455992,11,3,6,20.875,9.601398601398602
2024-11-25,세종,25.70138888888889,17.35211267605634,1.6,9.6,67.5,1012.9,0.1,11,3,0,21.45138888888889,9.180555555555555
2024-11-26,세종,13.82638888888889,6.006944444444445,2.2,7.5,76.3,1002.4,24.6,11,3,1,17.35211267605634,14.874125874125873
2024-11-27,세종,11.833333333333334,6.014084507042254,2.1,1.9,82.4,1001.7,6.0,11,3,2,6.006944444444445,26.03472222222222
2024-11-28,세종,14.568345323741006,9.408759124087592,1.6,2.9,87.0,1001.2,3.8,11,3,3,6.014084507042254,34.03521126760563
2024-11-29,세종,23.354166666666668,14.566433566433567,1.3,2.1,79.6,1002.8,0.6,11,3,4,9.408759124087592,17.27659574468085
2024-11-30,세종,19.708333333333332,12.787234042553191,1.2,4.3,83.6,1005.3,11.394455994455992,11,3,5,14.566433566433567,20.875
2023-01-08,울산,54.70454545454545,29.555977229601517,1.8,4.8,41.0,1013.8,11.394455994455992,1,4,6,56.499025341130604,36.479166666666664
2023-01-09,울산,72.45873320537429,34.8131021194605,2.0,7.6,49.4,1012.3,11.394455994455992,1,4,0,29.555977229601517,9.770833333333334
2023-01-10,울산,52.01727447216891,27.942418426103647,1.6,5.8,59.9,1017.7,0.0,1,4,1,34.8131021194605,9.621730382293762
2023-01-11,울산,35.374524714828894,19.65267175572519,1.2,7.9,44.4,1014.7,11.394455994455992,1,4,2,27.942418426103647,13.948387096774194
2023-01-12,울산,42.68320610687023,24.11111111111111,1.2,10.1,57.3,1012.8,0.0,1,4,3,19.65267175572519,49.01555555555556
2023-01-13,울산,20.838899803536346,13.335353535353535,1.9,13.8,97.0,1002.4,39.4,1,4,4,24.11111111111111,57.28199566160521
2023-01-14,울산,20.89514563106796,13.553606237816764,2.3,9.3,90.9,1003.6,0.7,1,4,5,13.335353535353535,56.499025341130604
2023-01-15,울산,13.121212121212121,8.838709677419354,2.5,4.8,88.6,1005.2,1.1,1,4,6,13.553606237816764,29.555977229601517
2023-01-16,울산,22.843809523809522,15.617590822179732,3.5,0.6,54.3,1010.7,11.394455994455992,1,4,0,8.838709677419354,34.8131021194605
2023-01-17,울산,24.7112810707457,15.330783938814532,2.7,0.3,39.1,1013.7,11.394455994455992,1,4,1,15.617590822179732,27.942418426103647
2023-01-18,울산,46.96204933586338,26.756190476190476,2.2,1.5,51.5,1014.4,11.394455994455992,1,4,2,15.330783938814532,19.65267175572519
2023-01-19,울산,45.532442748091604,24.116412213740457,1.9,1.6,48.9,1013.0,11.394455994455992,1,4,3,26.756190476190476,24.11111111111111
2023-01-20,울산,64.52651515151516,23.678030303030305,2.7,2.0,35.9,1013.6,11.394455994455992,1,4,4,24.116412213740457,13.335353535353535
2023-01-21,울산,18.685009487666033,9.291428571428572,3.1,-1.2,29.3,1018.1,11.394455994455992,1,4,5,23.678030303030305,13.553606237816764
2023-01-22,울산,19.92979127134725,12.347248576850095,1.4,2.1,39.1,1015.0,11.394455994455992,1,4,6,9.291428571428572,8.838709677419354
2023-01-23,울산,35.313092979127134,19.375,2.6,4.6,43.5,1009.8,11.394455994455992,1,4,0,12.347248576850095,15.617590822179732
2023-01-24,울산,36.07524752475248,15.81404174573055,5.7,-7.0,29.0,1011.4,11.394455994455992,1,4,1,19.375,15.330783938814532
2023-01-25,울산,13.300952380952381,7.25763358778626,3.3,-7.5,24.0,1016.6,11.394455994455992,1,4,2,15.81404174573055,26.756190476190476
2023-01-26,울산,23.695817490494296,12.478178368121442,1.6,-1.6,43.8,1012.6,11.394455994455992,1,4,3,7.25763358778626,24.116412213740457
2023-01-27,울산,37.25,14.579654510556622,4.3,-2.3,34.5,1007.8,11.394455994455992,1,4,4,12.478178368121442,23.678030303030305
2023-01-28,울산,22.734345351043643,11.217054263565892,3.5,-3.6,35.3,1009.8,11.394455994455992,1,4,5,14.579654510556622,9.291428571428572
2023-01-29,울산,33.354166666666664,12.366223908918407,2.5,0.9,44.4,1008.6,11.394455994455992,1,4,6,11.217054263565892,12.347248576850095
2023-01-30,울산,33.97714285714286,14.697142857142858,2.9,1.3,30.6,1010.9,11.394455994455992,1,4,0,12.366223908918407,19.375
2023-01-31,울산,30.399232245681382,15.207619047619048,2.3,3.8,32.9,1008.7,11.394455994455992,1,4,1,14.697142857142858,15.81404174573055
2023-02-01,울산,45.15559772296015,21.1957773512476,2.5,7.5,42.1,1005.6,11.394455994455992,2,4,2,15.207619047619048,7.25763358778626
2023-02-02,울산,37.90857142857143,21.58969465648855,2.8,2.5,35.9,1013.7,11.394455994455992,2,4,3,21.1957773512476,12.478178368121442
2023-02-03,울산,37.377394636015325,22.034416826003824,2.4,3.7,35.0,1010.4,11.394455994455992,2,4,4,21.58969465648855,14.579654510556622
2023-02-04,울산,35.40530303030303,22.47817836812144,3.0,2.0,31.8,1012.5,11.394455994455992,2,4,5,22.034416826003824,11.217054263565892
2023-02-05,울산,38.28707224334601,27.2882703777336,2.0,3.7,30.5,1013.4,11.394455994455992,2,4,6,22.47817836812144,12.366223908918407
2023-02-06,울산,41.19885277246654,28.613725490196078,1.7,6.1,37.4,1010.9,11.394455994455992,2,4,0,27.2882703777336,14.697142857142858
2023-02-07,울산,51.917624521072796,33.23946360153257,2.1,6.5,63.3,1009.6,11.394455994455992,2,4,1,28.613725490196078,15.207619047619048
2023-02-08,울산,54.81679389312977,37.59428571428571,2.2,6.0,51.9,1013.9,11.394455994455992,2,4,2,33.23946360153257,21.1957773512476
2023-02-09,울산,42.89333333333333,29.158396946564885,2.7,5.2,55.4,1017.1,1.2,2,4,3,37.59428571428571,21.58969465648855
2023-02-10,울산,12.212927756653992,8.131428571428572,2.8,5.0,80.8,1008.6,22.1,2,4,4,29.158396946564885,22.034416826003824
2023-02-11,울산,41.64952380952381,32.7685009487666,1.5,5.7,70.5,1012.5,11.394455994455992,2,4,5,8.131428571428572,22.47817836812144
2023-02-12,울산,38.20683111954459,28.838709677419356,2.2,6.9,64.9,1010.5,0.2,2,4,6,32.7685009487666,27.2882703777336
2023-02-13,울산,30.31153846153846,18.68714011516315,3.1,6.2,74.9,1007.1,1.1,2,4,0,28.838709677419356,28.613725490196078
2023-02-14,울산,22.57088122605364,13.512380952380953,2.6,4.0,70.6,1011.3,0.0,2,4,1,18.68714011516315,33.23946360153257
2023-02-15,울산,13.722753346080307,8.492277992277993,2.5,2.2,77.6,1019.3,0.4,2,4,2,13.512380952380953,37.59428571428571
2023-02-16,울산,22.47408829174664,13.326129666011788,1.9,4.4,73.1,1019.8,11.394455994455992,2,4,3,8.492277992277993,29.158396946564885
2023-02-17,울산,43.18975332068311,29.33587786259542,1.8,5.7,52.3,1016.6,0.0,2,4,4,13.326129666011788,8.131428571428572
2023-02-18,울산,36.744680851063826,29.13926499032882,1.3,7.2,91.9,1009.2,3.0,2,4,5,29.33587786259542,32.7685009487666
2023-02-19,울산,31.76660341555977,24.265151515151516,3.3,8.2,48.6,1005.3,0.0,2,4,6,29.13926499032882,28.838709677419356
2023-02-20,울산,33.669216061185466,11.38432122370937,3.2,2.9,28.9,1013.1,11.394455994455992,2,4,0,24.265151515151516,18.68714011516315
2023-02-21,울산,25.79047619047619,11.730401529636712,2.7,0.7,45.6,1022.4,11.394455994455992,2,4,1,11.38432122370937,13.512380952380953
2023-02-22,울산,24.565464895635674,13.752851711026617,1.8,4.3,54.3,1018.9,11.394455994455992,2,4,2,11.730401529636712,8.492277992277993
2023-02-23,울산,35.43295019157088,23.017241379310345,2.1,8.2,48.5,1011.2,11.394455994455992,2,4,3,13.752851711026617,13.326129666011788
2023-02-24,울산,64.5068493150685,43.46875,3.0,7.0,45.3,1011.3,11.394455994455992,2,4,4,23.017241379310345,29.33587786259542
2023-02-25,울산,32.67613636363637,18.501893939393938,2.9,3.3,50.8,1018.6,11.394455994455992,2,4,5,43.46875,29.13926499032882
2023-02-26,울산,35.63825757575758,22.823863636363637,2.1,4.2,41.3,1024.7,11.394455994455992,2,4,6,18.501893939393938,24.265151515151516
2023-02-27,울산,46.599236641221374,29.94455066921606,1.4,6.9,46.0,1022.4,11.394455994455992,2,4,0,22.823863636363637,11.38432122370937
2023-02-28,울산,36.27745664739884,23.093869731800766,2.4,9.4,39.9,1015.3,11.394455994455992,2,4,1,29.94455066921606,11.730401529636712
2023-03-01,울산,34.39204545454545,21.568181818181817,2.3,9.3,52.4,1009.4,0.0,3,1,2,23.093869731800766,13.752851711026617
2023-03-02,울산,34.02471482889734,14.081749049429657,2.7,4.2,26.3,1014.6,11.394455994455992,3,1,3,21.568181818181817,23.017241379310345
2023-03-03,울산,46.876660341555976,20.17267552182163,2.5,7.2,23.1,1015.4,11.394455994455992,3,1,4,14.081749049429657,43.46875
2023-03-04,울산,59.916666666666664,30.446969696969695,2.7,8.8,49.6,1017.4,11.394455994455992,3,1,5,20.17267552182163,18.501893939393938
2023-03-05,울산,35.03409090909091,17.920454545454547,1.5,8.5,64.5,1017.0,11.394455994455992,3,1,6,30.446969696969695,22.823863636363637
2023-03-06,울산,53.43320610687023,30.74187380497132,1.8,11.4,47.0,1012.3,11.394455994455992,3,1,0,17.920454545454547,29.94455066921606
2023-03-07,울산,68.43346007604563,36.096774193548384,2.5,13.6,40.6,1010.3,11.394455994455992,3,1,1,30.74187380497132,23.093869731800766
2023-03-08,울산,58.70075757575758,27.320075757575758,2.5,15.2,36.6,1009.2,11.394455994455992,3,1,2,36.096774193548384,21.568181818181817
2023-03-09,울산,42.599236641221374,20.52581261950287,2.5,15.2,69.4,1005.0,0.0,3,1,3,27.320075757575758,14.081749049429657
2023-03-10,울산,87.77566539923954,31.800759013282732,1.6,13.3,65.8,1010.4,11.394455994455992,3,1,4,20.52581261950287,20.17267552182163
2023-03-11,울산,98.1534090909091,42.371212121212125,1.3,16.1,55.9,1011.6,11.394455994455992,3,1,5,31.800759013282732,30.446969696969695
2023-03-12,울산,57.02713178294574,28.620622568093385,2.7,10.4,73.5,1007.8,15.9,3,1,6,42.371212121212125,17.920454545454547
2023-03-13,울산,37.914230019493175,19.359683794466402,2.7,4.7,33.0,1011.1,11.394455994455992,3,1,0,28.620622568093385,30.74187380497132
2023-03-14,울산,58.17782026768642,15.923371647509578,2.5,10.2,42.1,1009.7,11.394455994455992,3,1,1,19.359683794466402,36.096774193548384
2023-03-15,울산,33.138671875,12.470703125,3.9,14.4,62.5,1010.1,11.394455994455992,3,1,2,15.923371647509578,27.320075757575758
2023-03-16,울산,54.98481973434535,14.2865275142315,2.7,10.7,49.6,1014.8,11.394455994455992,3,1,3,12.470703125,20.52581261950287
2023-03-17,울산,43.712380952380954,13.163809523809524,2.6,8.6,62.0,1013.1,11.394455994455992,3,1,4,14.2865275142315,31.800759013282732
2023-03-18,울산,31.470588235294116,11.580645161290322,2.3,9.6,61.8,1007.4,11.394455994455992,3,1,5,13.163809523809524,42.371212121212125
2023-03-19,울산,58.33143939393939,26.96590909090909,2.1,10.4,42.6,1008.6,11.394455994455992,3,1,6,11.580645161290322,28.620622568093385
2023-03-20,울산,58.8125,27.25,2.1,12.2,49.9,1005.2,11.394455994455992,3,1,0,26.96590909090909,19.359683794466402
2023-03-21,울산,53.247126436781606,25.391969407265773,1.9,14.3,53.6,1002.6,11.394455994455992,3,1,1,27.25,15.923371647509578
2023-03-22,울산,27.37065637065637,15.63883495145631,1.4,16.0,76.6,1001.2,1.6,3,1,2,25.391969407265773,12.470703125
2023-03-23,울산,14.391050583657588,8.885416666666666,1.7,14.1,92.1,996.4,50.8,3,1,3,15.63883495145631,14.2865275142315
2023-03-24,울산,113.60536398467433,23.94857142857143,2.9,11.6,69.0,1006.2,0.0,3,1,4,8.885416666666666,13.163809523809524
2023-03-25,울산,113.24810606060606,19.309297912713472,2.6,9.9,65.3,1009.3,11.394455994455992,3,1,5,23.94857142857143,11.580645161290322
2023-03-26,울산,97.32386363636364,23.05871212121212,2.0,10.7,70.8,1006.0,0.0,3,1,6,19.309297912713472,26.96590909090909
2023-03-27,울산,40.636893203883496,14.592592592592593,2.5,9.6,43.6,1010.0,11.394455994455992,3,1,0,23.05871212121212,27.25
2023-03-28,울산,48.45614035087719,22.36969696969697,2.0,11.5,46.4,1013.0,11.394455994455992,3,1,1,14.592592592592593,25.391969407265773
2023-03-29,울산,99.56761904761905,47.70980392156863,1.7,12.3,54.0,1011.8,11.394455994455992,3,1,2,22.36969696969697,15.63883495145631
2023-03-30,울산,93.77103718199609,49.917808219178085,1.4,14.6,47.0,1008.6,11.394455994455992,3,1,3,47.70980392156863,8.885416666666666
2023-03-31,울산,68.96899224806202,34.25048543689321,2.3,15.8,36.6,1007.6,11.394455994455992,3,1,4,49.917808219178085,23.94857142857143
2023-04-01,울산,68.98863636363636,36.78030303030303,2.4,13.7,66.6,1007.4,11.394455994455992,4,1,5,34.25048543689321,19.309297912713472
2023-04-02,울산,40.140151515151516,19.910984848484848,3.5,13.4,61.5,1010.2,11.394455994455992,4,1,6,36.78030303030303,23.05871212121212
2023-04-03,울산,25.131474103585656,10.635270541082164,2.9,13.1,61.5,1014.2,11.394455994455992,4,1,0,19.910984848484848,14.592592592592593
2023-04-04,울산,27.86679920477137,12.345528455284553,1.7,14.6,71.6,1011.3,0.5,4,1,1,10.635270541082164,22.36969696969697
2023-04-05,울산,18.678500986193296,10.00845665961945,3.9,14.9,90.4,1002.5,22.7,4,1,2,12.345528455284553,47.70980392156863
2023-04-06,울산,24.521568627450982,16.814090019569473,2.7,14.6,69.4,999.0,1.9,4,1,3,10.00845665961945,49.917808219178085
2023-04-07,울산,66.560546875,41.9921875,2.7,12.9,47.0,1001.4,5.3,4,1,4,16.814090019569473,34.25048543689321
2023-04-08,울산,32.82575757575758,11.348484848484848,3.2,10.3,26.0,1007.3,11.394455994455992,4,1,5,41.9921875,36.78030303030303
2023-04-09,울산,36.39204545454545,10.155303030303031,2.4,13.5,25.1,1008.0,11.394455994455992,4,1,6,11.348484848484848,19.910984848484848
2023-04-10,울산,41.7037037037037,12.155945419103315,2.7,14.4,39.9,1005.9,11.394455994455992,4,1,0,10.155303030303031,10.635270541082164
2023-04-11,울산,30.12770137524558,9.86078431372549,4.7,18.1,58.9,1001.5,11.394455994455992,4,1,1,12.155945419103315,12.345528455284553
2023-04-12,울산,229.37689393939394,34.45075757575758,2.9,14.0,25.4,1005.4,11.394455994455992,4,1,2,9.86078431372549,10.00845665961945
2023-04-13,울산,97.47348484848484,21.102272727272727,1.8,14.7,31.5,1006.8,11.394455994455992,4,1,3,34.45075757575758,16.814090019569473
2023-04-14,울산,55.08253358925144,20.128598848368522,1.6,14.6,61.1,1003.7,0.5,4,1,4,21.102272727272727,41.9921875
2023-04-15,울산,20.236742424242426,11.734848484848484,1.6,12.0,88.9,994.4,5.4,4,1,5,20.128598848368522,11.348484848484848
2023-04-16,울산,68.59280303030303,24.176136363636363,1.8,10.1,80.3,995.4,5.8,4,1,6,11.734848484848484,10.155303030303031
2023-04-17,울산,83.35249042145594,28.191570881226053,1.8,12.7,61.8,1005.9,11.394455994455992,4,1,0,24.176136363636363,12.155945419103315
2023-04-18,울산,66.04980842911877,23.963671128107073,2.5,16.2,77.9,1002.1,2.4,4,1,1,28.191570881226053,9.86078431372549
2023-04-19,울산,50.1605415860735,27.337811900191937,1.7,17.1,80.5,1001.0,11.394455994455992,4,1,2,23.963671128107073,34.45075757575758
2023-04-20,울산,49.57088122605364,26.96360153256705,1.4,19.6,71.5,998.5,11.394455994455992,4,1,3,27.337811900191937,21.102272727272727
2023-04-21,울산,216.0133843212237,38.02107279693487,3.4,15.1,52.6,1003.3,11.394455994455992,4,1,4,26.96360153256705,20.128598848368522
2023-04-22,울산,263.0681818181818,42.93939393939394,3.2,13.0,48.6,1010.7,11.394455994455992,4,1,5,38.02107279693487,11.734848484848484
2023-04-23,울산,54.48295454545455,14.808712121212121,2.4,12.3,56.4,1014.2,11.394455994455992,4,1,6,42.93939393939394,24.176136363636363
2023-04-24,울산,32.08030592734226,12.314779270633398,2.3,12.1,59.8,1014.7,11.394455994455992,4,1,0,14.808712121212121,28.191570881226053
2023-04-25,울산,22.386100386100384,13.0,1.7,9.6,83.1,1005.2,9.7,4,1,1,12.314779270633398,23.963671128107073
2023-04-26,울산,36.883141762452105,18.720306513409962,2.7,13.4,53.1,1002.2,11.394455994455992,4,1,2,13.0,27.337811900191937
2023-04-27,울산,35.138728323699425,17.846153846153847,2.2,13.6,62.6,1010.3,11.394455994455992,4,1,3,18.720306513409962,26.96360153256705
2023-04-28,울산,34.76908396946565,16.900763358778626,3.1,16.7,56.5,1006.7,11.394455994455992,4,1,4,17.846153846153847,38.02107279693487
2023-04-29,울산,22.08969465648855,11.783938814531549,2.8,16.5,84.3,996.9,3.5,4,1,5,16.900763358778626,42.93939393939394
2023-04-30,울산,41.746212121212125,15.386363636363637,3.2,15.9,43.6,999.4,11.394455994455992,4,1,6,11.783938814531549,14.808712121212121
2023-05-01,울산,47.965779467680605,19.259469696969695,2.4,15.6,46.5,1006.3,11.394455994455992,5,1,0,15.386363636363637,12.314779270633398
2023-05-02,울산,40.906130268199234,21.528846153846153,1.6,15.4,59.6,1013.4,11.394455994455992,5,1,1,19.259469696969695,13.0
2023-05-03,울산,40.203809523809525,20.88718929254302,2.6,17.1,57.9,1011.8,11.394455994455992,5,1,2,21.528846153846153,18.720306513409962
2023-05-04,울산,25.83877159309021,14.154142581888246,2.9,17.9,71.8,1006.5,1.6,5,1,3,20.88718929254302,17.846153846153847
2023-05-05,울산,17.570075757575758,9.184466019417476,4.6,18.2,92.0,997.2,37.6,5,1,4,14.154142581888246,16.900763358778626
2023-05-06,울산,11.115606936416185,7.845360824742268,3.5,13.1,91.0,998.1,62.4,5,1,5,9.184466019417476,11.783938814531549
2023-05-07,울산,30.485768500948765,20.90530303030303,4.0,11.8,75.1,1001.6,3.2,5,1,6,7.845360824742268,15.386363636363637
2023-05-08,울산,25.591954022988507,15.575815738963533,2.7,13.5,50.8,1006.3,11.394455994455992,5,1,0,20.90530303030303,19.259469696969695
2023-05-09,울산,37.355339805825245,24.272030651340994,1.3,16.2,48.6,1005.4,11.394455994455992,5,1,1,15.575815738963533,21.528846153846153
2023-05-10,울산,47.2851711026616,26.072243346007603,2.1,18.1,55.1,1006.0,11.394455994455992,5,1,2,24.272030651340994,20.88718929254302
2023-05-11,울산,37.76061776061776,19.738049713193117,2.1,15.5,68.4,1010.0,11.394455994455992,5,1,3,26.072243346007603,14.154142581888246
2023-05-12,울산,34.912045889101336,16.606118546845124,1.8,17.4,57.0,1007.4,11.394455994455992,5,1,4,19.738049713193117,9.184466019417476
2023-05-13,울산,20.170454545454547,13.833333333333334,1.4,14.6,86.5,1003.8,2.7,5,1,5,16.606118546845124,7.845360824742268
2023-05-14,울산,31.869318181818183,22.920303605313094,1.2,17.3,75.4,999.3,11.394455994455992,5,1,6,13.833333333333334,20.90530303030303
2023-05-15,울산,48.031496062992126,32.14450867052023,1.4,19.5,63.8,999.1,11.394455994455992,5,1,0,22.920303605313094,15.575815738963533
2023-05-16,울산,63.1041257367387,40.62669245647969,1.2,22.7,60.0,1000.9,11.394455994455992,5,1,1,32.14450867052023,24.272030651340994
2023-05-17,울산,52.93320235756385,28.81992337164751,2.2,23.5,50.6,1003.7,11.394455994455992,5,1,2,40.62669245647969,26.072243346007603
2023-05-18,울산,37.0,24.576402321083172,1.3,17.7,84.0,1001.7,16.4,5,1,3,28.81992337164751,19.738049713193117
2023-05-19,울산,16.519685039370078,9.268145161290322,2.9,16.9,83.9,999.8,8.5,5,1,4,24.576402321083172,16.606118546845124
2023-05-20,울산,23.554924242424242,13.163809523809524,2.0,17.6,73.9,1001.3,11.394455994455992,5,1,5,9.268145161290322,13.833333333333334
2023-05-21,울산,39.55407969639469,21.462857142857143,1.5,21.7,61.4,997.6,11.394455994455992,5,1,6,13.163809523809524,22.920303605313094
2023-05-22,울산,124.37878787878788,32.68939393939394,1.8,16.7,67.1,998.2,0.0,5,1,0,21.462857142857143,32.14450867052023
2023-05-23,울산,80.82558139534883,24.385658914728683,2.1,17.4,61.4,1000.6,11.394455994455992,5,1,1,32.68939393939394,40.62669245647969
2023-05-24,울산,33.27992277992278,16.152509652509654,1.5,17.4,66.0,1005.6,11.394455994455992,5,1,2,24.385658914728683,28.81992337164751
2023-05-25,울산,27.55893536121673,13.988549618320612,1.8,18.1,64.5,1007.3,11.394455994455992,5,1,3,16.152509652509654,24.576402321083172
2023-05-26,울산,28.948076923076922,15.584291187739463,1.8,19.9,69.8,1009.0,0.0,5,1,4,13.988549618320612,9.268145161290322
2023-05-27,울산,30.511406844106464,16.1425855513308,1.9,21.8,72.3,1008.5,0.0,5,1,5,15.584291187739463,13.163809523809524
2023-05-28,울산,19.248046875,10.94331983805668,3.0,21.8,79.9,1003.9,2.4,5,1,6,16.1425855513308,21.462857142857143
2023-05-29,울산,10.503080082135524,6.309133489461359,1.1,20.0,95.0,1001.4,59.0,5,1,0,10.94331983805668,32.68939393939394
2023-05-30,울산,15.631048387096774,9.448770491803279,1.9,18.1,88.6,1002.2,1.4,5,1,1,6.309133489461359,24.385658914728683
2023-05-31,울산,21.237354085603112,11.103515625,2.4,18.3,66.8,1002.4,11.394455994455992,5,1,2,9.448770491803279,16.152509652509654
2023-06-01,울산,24.89840637450199,16.745631067961163,1.0,16.3,87.4,997.6,18.1,6,2,3,11.103515625,13.988549618320612
2023-06-02,울산,27.610136452241715,18.044834307992204,2.3,21.7,70.9,991.5,11.9,6,2,4,16.745631067961163,15.584291187739463
2023-06-03,울산,35.14962121212121,20.738636363636363,1.6,20.3,65.1,997.6,11.394455994455992,6,2,5,18.044834307992204,16.1425855513308
2023-06-04,울산,26.540796963946867,16.33712121212121,2.0,22.4,47.9,1000.0,11.394455994455992,6,2,6,20.738636363636363,10.94331983805668
2023-06-05,울산,30.938104448742745,17.39071566731141,2.0,22.7,50.6,1000.2,11.394455994455992,6,2,0,16.33712121212121,6.309133489461359
2023-06-06,울산,26.248576850094878,17.459302325581394,2.1,20.6,67.5,997.1,11.394455994455992,6,2,1,17.39071566731141,9.448770491803279
2023-06-07,울산,41.155206286836936,26.468,1.6,22.8,64.3,998.6,11.394455994455992,6,2,2,17.459302325581394,11.103515625
2023-06-08,울산,27.99607843137255,17.33921568627451,1.8,21.3,68.3,995.8,11.394455994455992,6,2,3,26.468,16.745631067961163
2023-06-09,울산,37.52462121212121,23.8212927756654,1.2,21.8,71.6,994.5,11.394455994455992,6,2,4,17.33921568627451,18.044834307992204
2023-06-10,울산,36.303030303030305,25.384469696969695,1.8,22.2,75.4,996.8,11.394455994455992,6,2,5,23.8212927756654,20.738636363636363
2023-06-11,울산,25.15719696969697,16.859848484848484,1.4,21.8,81.9,996.4,11.394455994455992,6,2,6,25.384469696969695,16.33712121212121
2023-06-12,울산,26.893333333333334,18.202676864244744,1.4,21.6,80.6,996.1,0.1,6,2,0,16.859848484848484,17.39071566731141
2023-06-13,울산,30.73217726396917,20.81081081081081,1.3,22.5,77.5,994.6,11.394455994455992,6,2,1,18.202676864244744,17.459302325581394
2023-06-14,울산,32.67178502879079,23.330134357005758,1.8,20.4,84.8,996.5,3.7,6,2,2,20.81081081081081,26.468
2023-06-15,울산,22.90648854961832,15.290076335877863,1.4,19.5,82.4,999.1,2.3,6,2,3,23.330134357005758,17.33921568627451
2023-06-16,울산,43.0550284629981,31.241904761904763,1.4,23.4,68.6,1002.4,11.394455994455992,6,2,4,15.290076335877863,23.8212927756654
2023-06-17,울산,41.104166666666664,28.185606060606062,1.4,25.2,59.9,1001.6,11.394455994455992,6,2,5,31.241904761904763,25.384469696969695
2023-06-18,울산,37.05492424242424,26.631878557874764,1.9,25.5,56.9,997.3,11.394455994455992,6,2,6,28.185606060606062,16.859848484848484
2023-06-19,울산,37.846456692913385,21.94674556213018,2.6,23.1,71.4,998.5,11.394455994455992,6,2,0,26.631878557874764,18.202676864244744
2023-06-20,울산,22.365111561866126,8.69450101832994,2.3,21.4,73.6,997.3,0.0,6,2,1,21.94674556213018,20.81081081081081
2023-06-21,울산,17.334004024144868,10.587866108786612,1.6,20.8,91.6,992.7,14.5,6,2,2,8.69450101832994,23.330134357005758
2023-06-22,울산,34.224409448818896,20.10547667342799,1.3,22.7,79.5,993.5,11.394455994455992,6,2,3,10.587866108786612,15.290076335877863
2023-06-23,울산,20.909980430528375,12.534516765285996,2.2,22.2,72.8,1000.4,11.394455994455992,6,2,4,20.10547667342799,31.241904761904763
2023-06-24,울산,15.463878326996198,8.911937377690803,1.7,21.4,77.6,1005.8,11.394455994455992,6,2,5,12.534516765285996,28.185606060606062
2023-06-25,울산,16.78219696969697,11.224,1.2,22.2,81.0,1004.3,15.6,6,2,6,8.911937377690803,26.631878557874764
2023-06-26,울산,12.591522157996147,6.930753564154786,2.5,24.1,87.6,1000.0,23.0,6,2,0,11.224,21.94674556213018
2023-06-27,울산,16.35564053537285,9.47011952191235,3.7,26.6,74.9,999.8,4.2,6,2,1,6.930753564154786,8.69450101832994
2023-06-28,울산,17.243564356435645,10.31610337972167,2.1,23.4,82.6,999.1,17.1,6,2,2,9.47011952191235,10.587866108786612
2023-06-29,울산,20.02912621359223,12.555772994129159,3.3,25.5,82.1,994.1,13.6,6,2,3,10.31610337972167,20.10547667342799
2023-06-30,울산,22.025590551181104,14.42800788954635,1.5,23.1,90.1,992.2,17.3,6,2,4,12.555772994129159,12.534516765285996
2023-07-01,울산,33.631178707224336,25.272380952380953,1.3,23.1,82.8,996.9,11.394455994455992,7,2,5,14.42800788954635,8.911937377690803
2023-07-02,울산,33.45075757575758,23.376893939393938,1.3,25.9,76.9,998.6,11.394455994455992,7,2,6,25.272380952380953,11.224
2023-07-03,울산,31.903660886319845,21.93050193050193,1.4,24.7,82.8,997.4,11.394455994455992,7,2,0,23.376893939393938,6.930753564154786
2023-07-04,울산,22.327485380116958,15.867961165048543,1.3,24.1,86.1,993.6,0.7,7,2,1,21.93050193050193,9.47011952191235
2023-07-05,울산,21.61078998073218,11.40891472868217,2.9,27.5,68.0,986.2,13.9,7,2,2,15.867961165048543,10.31610337972167
2023-07-06,울산,49.750950570342205,24.880228136882128,1.6,26.9,60.0,993.2,11.394455994455992,7,2,3,11.40891472868217,12.555772994129159
2023-07-07,울산,36.267175572519086,24.494274809160306,1.4,21.4,87.4,994.6,43.8,7,2,4,24.880228136882128,14.42800788954635
2023-07-08,울산,25.49621212121212,17.652751423149905,0.8,21.8,92.5,994.4,5.7,7,2,5,24.494274809160306,25.272380952380953
2023-07-09,울산,40.31439393939394,30.414772727272727,1.3,24.7,86.3,994.7,11.394455994455992,7,2,6,17.652751423149905,23.376893939393938
2023-07-10,울산,38.04615384615385,26.009671179883945,2.2,26.8,78.8,995.7,0.0,7,2,0,30.414772727272727,21.93050193050193
2023-07-11,울산,25.378846153846155,15.152804642166345,2.4,24.2,88.4,997.3,24.9,7,2,1,26.009671179883945,15.867961165048543
2023-07-12,울산,19.181644359464627,11.927063339731285,2.4,26.3,81.4,996.5,2.7,7,2,2,15.152804642166345,11.40891472868217
2023-07-13,울산,27.233269598470365,16.169201520912548,1.6,26.0,85.4,996.8,1.2,7,2,3,11.927063339731285,24.880228136882128
2023-07-14,울산,15.275665399239545,7.109195402298851,4.5,25.8,84.1,993.1,13.6,7,2,4,16.169201520912548,24.494274809160306
2023-07-15,울산,14.138257575757576,6.851923076923077,4.7,27.3,76.1,993.6,1.6,7,2,5,7.109195402298851,17.652751423149905
2023-07-16,울산,12.255238095238095,6.700575815738963,1.5,24.1,91.6,999.5,53.3,7,2,6,6.851923076923077,30.414772727272727
2023-07-17,울산,16.10810810810811,7.8560157790927025,2.3,27.2,81.0,1003.0,13.8,7,2,0,6.700575815738963,26.009671179883945
2023-07-18,울산,18.22047244094488,10.51129363449692,1.5,24.4,93.1,1001.4,86.7,7,2,1,7.8560157790927025,15.152804642166345
2023-07-19,울산,14.240384615384615,8.399585921325052,1.8,23.7,84.3,998.4,0.0,7,2,2,10.51129363449692,11.927063339731285
2023-07-20,울산,39.210216110019644,28.577603143418468,1.1,24.6,82.5,999.9,11.394455994455992,7,2,3,8.399585921325052,16.169201520912548
2023-07-21,울산,25.810650887573964,16.541501976284586,1.0,24.5,79.1,1004.1,11.394455994455992,7,2,4,28.577603143418468,7.109195402298851
2023-07-22,울산,23.248106060606062,14.071969696969697,1.3,24.7,82.3,1005.3,0.0,7,2,5,16.541501976284586,6.851923076923077
2023-07-23,울산,18.295454545454547,11.100378787878787,2.9,26.7,82.1,1001.2,0.0,7,2,6,14.071969696969697,6.700575815738963
2023-07-24,울산,14.022727272727273,6.8914285714285715,2.8,27.1,81.3,1000.5,2.7,7,2,0,11.100378787878787,7.8560157790927025
2023-07-25,울산,15.903353057199212,8.225352112676056,2.4,27.4,75.9,1004.0,11.394455994455992,7,2,1,6.8914285714285715,10.51129363449692
2023-07-26,울산,30.08587786259542,20.62549019607843,1.3,27.2,81.0,1005.8,2.3,7,2,2,8.225352112676056,8.399585921325052
2023-07-27,울산,32.29087452471483,21.817490494296578,1.2,28.1,71.9,1004.9,11.394455994455992,7,2,3,20.62549019607843,28.577603143418468
2023-07-28,울산,39.159695817490494,29.60952380952381,1.2,28.7,69.8,1004.9,11.394455994455992,7,2,4,21.817490494296578,16.541501976284586
2023-07-29,울산,39.02840909090909,30.376893939393938,1.2,28.5,72.3,1005.1,11.394455994455992,7,2,5,29.60952380952381,14.071969696969697
2023-07-30,울산,28.565464895635674,21.140417457305503,1.4,28.2,74.0,1004.1,11.394455994455992,7,2,6,30.376893939393938,11.100378787878787
2023-07-31,울산,27.10940499040307,18.37917485265226,1.3,28.1,69.0,1003.0,11.394455994455992,7,2,0,21.140417457305503,6.8914285714285715
2023-08-01,울산,20.760076775431862,12.865900383141762,1.2,28.2,68.5,1001.7,11.394455994455992,8,2,1,18.37917485265226,8.225352112676056
2023-08-02,울산,29.273764258555133,18.625239005736137,1.2,28.3,76.5,998.6,11.394455994455992,8,2,2,12.865900383141762,20.62549019607843
2023-08-03,울산,25.83206106870229,15.919847328244275,1.3,29.2,71.6,996.9,11.394455994455992,8,2,3,18.625239005736137,21.817490494296578
2023-08-04,울산,22.39770554493308,12.961612284069098,1.3,29.0,72.5,995.1,11.394455994455992,8,2,4,15.919847328244275,29.60952380952381
2023-08-05,울산,19.9618320610687,11.911368015414258,1.2,29.1,72.6,991.3,11.394455994455992,8,2,5,12.961612284069098,30.376893939393938
2023-08-06,울산,12.855513307984792,8.044573643410853,2.3,29.0,71.9,989.4,11.394455994455992,8,2,6,11.911368015414258,21.140417457305503
2023-08-07,울산,16.731800766283524,9.30485436893204,2.9,27.7,76.9,990.5,0.0,8,2,0,8.044573643410853,18.37917485265226
2023-08-08,울산,14.35049504950495,7.203155818540434,3.1,26.3,78.5,993.4,11.394455994455992,8,2,1,9.30485436893204,12.865900383141762
2023-08-09,울산,12.477911646586346,6.520958083832335,4.2,24.1,89.5,992.6,36.7,8,2,2,7.203155818540434,18.625239005736137
2023-08-10,울산,16.54075546719682,7.862275449101796,5.6,24.9,87.1,983.7,146.3,8,2,3,6.520958083832335,15.919847328244275
2023-08-11,울산,20.774900398406373,11.183266932270916,2.9,26.7,72.9,992.7,11.394455994455992,8,2,4,7.862275449101796,12.961612284069098
2023-08-12,울산,28.39761431411531,17.047619047619047,1.4,26.0,78.0,994.8,0.0,8,2,5,11.183266932270916,11.911368015414258
2023-08-13,울산,26.069582504970178,17.30952380952381,1.9,25.4,80.0,996.0,11.394455994455992,8,2,6,17.047619047619047,8.044573643410853
2023-08-14,울산,21.75,13.822,2.2,26.0,78.3,996.7,11.394455994455992,8,2,0,17.30952380952381,9.30485436893204
2023-08-15,울산,18.954372623574145,11.369047619047619,2.9,25.5,73.0,995.0,11.394455994455992,8,2,1,13.822,7.203155818540434
2023-08-16,울산,26.59036144578313,14.430927835051547,1.5,25.0,79.5,995.2,11.394455994455992,8,2,2,11.369047619047619,6.520958083832335
2023-08-17,울산,15.631027253668764,8.757575757575758,1.5,24.6,83.1,996.6,0.0,8,2,3,14.430927835051547,7.862275449101796
2023-08-18,울산,13.349576271186441,8.161220043572985,1.5,24.7,91.8,998.0,41.4,8,2,4,8.757575757575758,11.183266932270916
2023-08-19,울산,23.377118644067796,16.11416490486258,1.0,26.0,91.1,1000.9,28.9,8,2,5,8.161220043572985,17.047619047619047
2023-08-20,울산,25.15625,18.246835443037973,1.3,27.2,85.5,1002.1,1.8,8,2,6,16.11416490486258,17.30952380952381
2023-08-21,울산,29.145833333333332,19.91966173361522,1.2,27.8,79.8,999.8,11.394455994455992,8,2,0,18.246835443037973,13.822
2023-08-22,울산,32.68789808917197,23.149253731343283,2.1,28.1,75.0,996.9,11.394455994455992,8,2,1,19.91966173361522,11.369047619047619
2023-08-23,울산,26.487124463519315,17.806451612903224,1.9,27.8,78.1,997.1,0.1,8,2,2,23.149253731343283,14.430927835051547
2023-08-24,울산,14.69375,7.6050955414012735,2.1,25.0,91.1,998.2,105.3,8,2,3,17.806451612903224,8.757575757575758
2023-08-25,울산,19.968619246861923,11.648535564853557,1.5,26.2,77.9,998.1,5.2,8,2,4,7.6050955414012735,8.161220043572985
2023-08-26,울산,27.241666666666667,16.25625,2.2,25.8,74.3,999.7,11.394455994455992,8,2,5,11.648535564853557,16.11416490486258
2023-08-27,울산,22.83125,13.947916666666666,2.3,25.5,78.9,999.5,11.394455994455992,8,2,6,16.25625,18.246835443037973
2023-08-28,울산,20.458333333333332,11.0125,1.9,25.1,84.9,999.3,0.7,8,2,0,13.947916666666666,19.91966173361522
2023-08-29,울산,19.19375,10.05625,2.8,26.3,84.5,998.4,0.2,8,2,1,11.0125,23.149253731343283
2023-08-30,울산,20.322175732217573,10.39375,2.6,26.5,82.3,999.6,0.0,8,2,2,10.05625,17.806451612903224
2023-08-31,울산,18.10901467505241,9.736951983298539,1.8,25.2,85.4,1000.2,36.7,8,2,3,10.39375,7.6050955414012735
2023-09-01,울산,15.251585623678647,9.042283298097251,1.5,23.4,91.8,1001.9,17.0,9,3,4,9.736951983298539,11.648535564853557
2023-09-02,울산,13.731656184486374,7.807610993657505,1.7,23.8,88.0,1002.8,5.9,9,3,5,9.042283298097251,16.25625
2023-09-03,울산,16.575,8.364016736401673,1.6,25.1,83.9,1003.3,11.394455994455992,9,3,6,7.807610993657505,13.947916666666666
2023-09-04,울산,19.159663865546218,9.943157894736842,2.2,25.2,81.8,1002.7,2.1,9,3,0,8.364016736401673,11.0125
2023-09-05,울산,19.191176470588236,8.745222929936306,3.3,25.1,71.8,1001.9,11.394455994455992,9,3,1,9.943157894736842,10.05625
2023-09-06,울산,21.027083333333334,10.840336134453782,3.3,24.6,74.9,1002.2,0.0,9,3,2,8.745222929936306,10.39375
2023-09-07,울산,24.115546218487395,10.193684210526316,3.4,23.5,71.8,1004.7,11.394455994455992,9,3,3,10.840336134453782,9.736951983298539
2023-09-08,울산,17.547916666666666,6.95,2.5,22.8,69.5,1003.3,0.0,9,3,4,10.193684210526316,9.042283298097251
2023-09-09,울산,13.902083333333334,7.177083333333333,2.0,22.0,74.1,1002.3,11.394455994455992,9,3,5,6.95,7.807610993657505
2023-09-10,울산,11.516666666666667,6.69375,1.9,22.7,75.4,1001.5,11.394455994455992,9,3,6,7.177083333333333,8.364016736401673
2023-09-11,울산,16.867088607594937,8.900634249471459,1.4,23.9,78.1,1000.1,11.394455994455992,9,3,0,6.69375,9.943157894736842
2023-09-12,울산,24.233684210526317,15.790697674418604,1.2,25.0,79.8,1001.5,11.394455994455992,9,3,1,8.900634249471459,8.745222929936306
2023-09-13,울산,22.872384937238493,15.366108786610878,1.5,24.1,89.6,1001.5,45.3,9,3,2,15.790697674418604,10.840336134453782
2023-09-14,울산,14.662473794549266,9.228813559322035,1.7,22.3,90.4,1003.3,15.6,9,3,3,15.366108786610878,10.193684210526316
2023-09-15,울산,14.396659707724426,7.43312101910828,1.6,23.4,89.3,1004.3,3.9,9,3,4,9.228813559322035,6.95
2023-09-16,울산,20.17436974789916,12.729957805907173,0.7,23.2,94.0,1003.8,19.6,9,3,5,7.43312101910828,7.177083333333333
2023-09-17,울산,11.2882096069869,5.9157427937915745,1.3,23.3,91.1,1001.8,61.9,9,3,6,12.729957805907173,6.69375
2023-09-18,울산,17.78524945770065,8.32181425485961,1.5,25.0,84.1,1003.0,0.8,9,3,0,5.9157427937915745,8.900634249471459
2023-09-19,울산,28.34957627118644,16.40506329113924,1.4,24.4,75.3,1004.0,11.394455994455992,9,3,1,8.32181425485961,15.790697674418604
2023-09-20,울산,37.17834394904459,25.43231441048035,1.3,22.3,87.8,1000.7,37.4,9,3,2,16.40506329113924,15.366108786610878
2023-09-21,울산,14.600431965442764,7.239080459770115,2.4,19.5,84.8,1001.1,61.5,9,3,3,25.43231441048035,9.228813559322035
2023-09-22,울산,19.3375,8.355042016806722,1.9,19.8,77.1,1006.0,11.394455994455992,9,3,4,7.239080459770115,7.43312101910828
2023-09-23,울산,15.96659707724426,7.123949579831932,2.8,20.2,71.3,1009.6,0.5,9,3,5,8.355042016806722,12.729957805907173
2023-09-24,울산,17.03125,6.864583333333333,3.6,21.6,64.4,1010.0,11.394455994455992,9,3,6,7.123949579831932,5.9157427937915745
2023-09-25,울산,17.861607142857142,6.075170842824601,2.4,21.7,76.1,1006.7,0.0,9,3,0,6.864583333333333,8.32181425485961
2023-09-26,울산,15.953020134228188,10.39243498817967,0.9,21.1,92.6,1003.9,4.1,9,3,1,6.075170842824601,16.40506329113924
2023-09-27,울산,23.25330396475771,16.524361948955917,1.2,23.2,85.4,1001.5,0.2,9,3,2,10.39243498817967,25.43231441048035
2023-09-28,울산,15.621052631578948,10.065573770491802,2.2,23.6,67.9,1003.0,11.394455994455992,9,3,3,16.524361948955917,7.239080459770115
2023-09-29,울산,40.614583333333336,28.357456140350877,2.1,21.9,74.8,1004.1,11.394455994455992,9,3,4,10.065573770491802,8.355042016806722
2023-09-30,울산,25.545833333333334,18.80921052631579,1.8,19.4,75.4,1000.9,0.9,9,3,5,28.357456140350877,7.123949579831932
2023-10-01,울산,27.177824267782427,12.874725274725275,2.3,19.1,59.6,1003.5,11.394455994455992,10,3,6,18.80921052631579,6.864583333333333
2023-10-02,울산,17.484649122807017,9.638157894736842,2.1,17.9,56.8,1007.9,11.394455994455992,10,3,0,12.874725274725275,6.075170842824601
2023-10-03,울산,18.401287553648068,11.013274336283185,1.6,17.4,76.1,1007.6,0.5,10,3,1,9.638157894736842,10.39243498817967
2023-10-04,울산,19.265392781316347,12.37117903930131,2.0,19.4,65.0,1003.1,11.394455994455992,10,3,2,11.013274336283185,16.524361948955917
2023-10-05,울산,26.104166666666668,10.880952380952381,2.6,16.6,42.1,1004.2,11.394455994455992,10,3,3,12.37117903930131,10.065573770491802
2023-10-06,울산,30.966101694915253,12.639846743295019,1.8,16.7,54.5,1008.2,11.394455994455992,10,3,4,10.880952380952381,28.357456140350877
2023-10-07,울산,19.410416666666666,10.570075757575758,1.9,17.8,63.9,1012.1,0.0,10,3,5,12.639846743295019,18.80921052631579
2023-10-08,울산,13.15,6.489563567362429,3.0,18.3,65.6,1012.5,0.0,10,3,6,10.570075757575758,12.874725274725275
2023-10-09,울산,12.56875,6.691287878787879,2.2,17.6,79.5,1009.1,0.2,10,3,0,6.489563567362429,9.638157894736842
2023-10-10,울산,20.468487394957982,11.916030534351146,2.4,17.5,67.9,1010.0,11.394455994455992,10,3,1,6.691287878787879,11.013274336283185
2023-10-11,울산,23.734864300626306,11.233396584440227,2.5,17.5,54.9,1014.2,11.394455994455992,10,3,2,11.916030534351146,12.37117903930131
2023-10-12,울산,19.5418410041841,10.472380952380952,2.2,16.5,60.5,1014.0,11.394455994455992,10,3,3,11.233396584440227,10.880952380952381
2023-10-13,울산,20.92662473794549,12.519011406844106,1.6,17.4,65.6,1007.8,11.394455994455992,10,3,4,10.472380952380952,12.639846743295019
2023-10-14,울산,24.872916666666665,16.554924242424242,1.6,17.5,69.5,1000.0,3.1,10,3,5,12.519011406844106,10.570075757575758
2023-10-15,울산,20.929166666666667,15.171102661596958,2.6,16.6,62.4,1000.0,11.394455994455992,10,3,6,16.554924242424242,6.489563567362429
2023-10-16,울산,31.666666666666668,17.9375,2.0,16.9,57.8,1004.1,11.394455994455992,10,3,0,15.171102661596958,6.691287878787879
2023-10-17,울산,35.68487394957983,17.762906309751433,2.0,15.2,58.3,1008.3,11.394455994455992,10,3,1,17.9375,11.916030534351146
2023-10-18,울산,34.02105263157895,18.45889101338432,1.5,16.6,58.9,1009.5,11.394455994455992,10,3,2,17.762906309751433,11.233396584440227
2023-10-19,울산,30.260416666666668,17.265774378585085,1.7,18.1,60.6,1005.7,0.0,10,3,3,18.45889101338432,10.472380952380952
2023-10-20,울산,17.96842105263158,8.589251439539348,3.1,13.6,49.4,1004.5,0.5,10,3,4,17.265774378585085,12.519011406844106
2023-10-21,울산,19.583333333333332,8.036121673003802,2.4,12.4,44.5,1009.8,11.394455994455992,10,3,5,8.589251439539348,16.554924242424242
2023-10-22,울산,16.15625,9.490530303030303,1.7,14.0,49.0,1012.3,11.394455994455992,10,3,6,8.036121673003802,15.171102661596958
2023-10-23,울산,32.58786610878661,16.712927756653993,1.6,15.2,62.3,1012.4,11.394455994455992,10,3,0,9.490530303030303,17.9375
2023-10-24,울산,35.26875,21.28030303030303,1.2,15.1,65.6,1009.9,11.394455994455992,10,3,1,16.712927756653993,17.762906309751433
2023-10-25,울산,36.057815845824415,23.1431334622824,1.5,16.2,67.4,1007.5,11.394455994455992,10,3,2,21.28030303030303,18.45889101338432
2023-10-26,울산,45.23529411764706,28.747609942638622,1.4,17.3,63.1,1004.2,11.394455994455992,10,3,3,23.1431334622824,17.265774378585085
2023-10-27,울산,46.924369747899156,26.165714285714287,2.3,14.4,71.4,1003.6,0.0,10,3,4,28.747609942638622,8.589251439539348
2023-10-28,울산,24.572916666666668,14.085227272727273,1.5,13.9,69.3,1008.6,11.394455994455992,10,3,5,26.165714285714287,8.036121673003802
2023-10-29,울산,21.395833333333332,12.278409090909092,1.7,14.1,70.4,1012.1,11.394455994455992,10,3,6,14.085227272727273,9.490530303030303
2023-10-30,울산,33.24947589098532,20.0532319391635,1.0,14.8,71.0,1012.1,11.394455994455992,10,3,0,12.278409090909092,16.712927756653993
2023-10-31,울산,43.88075313807531,26.867424242424242,0.9,16.1,56.6,1011.3,11.394455994455992,10,3,1,20.0532319391635,21.28030303030303
2023-11-01,울산,42.84583333333333,24.78409090909091,1.5,18.5,55.6,1008.8,11.394455994455992,11,3,2,26.867424242424242,23.1431334622824
2023-11-02,울산,43.53151260504202,25.66287878787879,1.5,20.2,57.1,1007.6,11.394455994455992,11,3,3,24.78409090909091,28.747609942638622
2023-11-03,울산,33.09012875536481,18.03696498054475,2.4,20.6,58.1,1006.2,11.394455994455992,11,3,4,25.66287878787879,26.165714285714287
2023-11-04,울산,28.96875,19.020833333333332,1.7,18.0,80.5,1011.2,0.0,11,3,5,18.03696498054475,14.085227272727273
2023-11-05,울산,33.00647948164147,24.29941291585127,1.5,19.4,83.1,1009.5,0.1,11,3,6,19.020833333333332,12.278409090909092
2023-11-06,울산,21.26865671641791,11.055009823182711,4.4,18.9,63.0,998.2,21.0,11,3,0,24.29941291585127,20.0532319391635
2023-11-07,울산,26.04862579281184,10.011583011583012,2.9,11.7,35.5,1008.2,11.394455994455992,11,3,1,11.055009823182711,26.867424242424242
2023-11-08,울산,20.794117647058822,10.40648854961832,1.4,11.7,57.3,1012.4,11.394455994455992,11,3,2,10.011583011583012,24.78409090909091
2023-11-09,울산,26.464135021097047,14.821497120921306,1.6,16.0,68.9,1009.8,11.394455994455992,11,3,3,10.40648854961832,25.66287878787879
2023-11-10,울산,23.281512605042018,14.465648854961833,2.5,11.5,55.3,1010.1,3.0,11,3,4,14.821497120921306,18.03696498054475
2023-11-11,울산,20.214583333333334,10.293560606060606,2.8,7.2,47.3,1015.1,11.394455994455992,11,3,5,14.465648854961833,19.020833333333332
2023-11-12,울산,17.01260504201681,9.869481765834934,3.3,4.8,41.9,1013.8,11.394455994455992,11,3,6,10.293560606060606,24.29941291585127
2023-11-13,울산,17.94456289978678,9.585271317829458,2.8,5.0,36.5,1014.8,11.394455994455992,11,3,0,9.869481765834934,11.055009823182711
2023-11-14,울산,20.247334754797443,10.94186046511628,2.6,7.8,46.5,1014.8,11.394455994455992,11,3,1,9.585271317829458,10.011583011583012
2023-11-15,울산,31.331236897274632,18.99618320610687,1.9,8.7,54.5,1016.7,11.394455994455992,11,3,2,10.94186046511628,10.40648854961832
2023-11-16,울산,34.0210970464135,21.79383429672447,1.7,8.1,71.4,1009.5,9.0,11,3,3,18.99618320610687,14.821497120921306
2023-11-17,울산,18.88818565400844,11.05984555984556,2.8,6.3,51.3,1002.0,11.394455994455992,11,3,4,21.79383429672447,14.465648854961833
2023-11-18,울산,16.197916666666668,8.672348484848484,4.0,3.9,48.1,1004.3,0.0,11,3,5,11.05984555984556,10.293560606060606
2023-11-19,울산,22.4375,10.996212121212121,2.6,9.2,50.9,1006.5,11.394455994455992,11,3,6,8.672348484848484,9.869481765834934
2023-11-20,울산,38.75625,20.58171206225681,2.0,9.3,54.3,1012.3,11.394455994455992,11,3,0,10.996212121212121,9.585271317829458
2023-11-21,울산,36.48510638297872,21.303571428571427,1.2,10.0,52.4,1010.6,11.394455994455992,11,3,1,20.58171206225681,10.94186046511628
2023-11-22,울산,32.1827731092437,18.192678227360307,1.6,12.7,59.3,1006.5,11.394455994455992,11,3,2,21.303571428571427,18.99618320610687
2023-11-23,울산,46.0210970464135,23.43295019157088,2.9,16.9,51.4,1001.6,11.394455994455992,11,3,3,18.192678227360307,21.79383429672447
2023-11-24,울산,26.22641509433962,9.840304182509506,3.8,4.4,29.8,1014.4,11.394455994455992,11,3,4,23.43295019157088,11.05984555984556
2023-11-25,울산,17.004166666666666,8.178502879078694,2.2,2.2,40.6,1020.0,11.394455994455992,11,3,5,9.840304182509506,8.672348484848484
2023-11-26,울산,21.683333333333334,12.370722433460076,1.8,6.3,34.9,1013.9,11.394455994455992,11,3,6,8.178502879078694,10.996212121212121
2023-11-27,울산,32.48373101952278,15.921875,1.6,9.8,56.9,1004.3,11.394455994455992,11,3,0,12.370722433460076,20.58171206225681
2023-11-28,울산,36.509761388286336,16.68577075098814,2.3,6.6,44.5,1008.9,11.394455994455992,11,3,1,15.921875,21.303571428571427
2023-11-29,울산,29.362255965292842,15.678642714570858,2.0,5.0,53.6,1012.7,11.394455994455992,11,3,2,16.68577075098814,18.192678227360307
2023-11-30,울산,21.235416666666666,9.222664015904572,3.1,1.1,35.4,1014.5,11.394455994455992,11,3,3,15.678642714570858,23.43295019157088
2023-12-01,울산,21.564853556485357,8.543560606060606,3.3,1.3,40.0,1013.3,11.394455994455992,12,4,4,9.222664015904572,9.840304182509506
2023-12-02,울산,20.694560669456067,10.926136363636363,2.4,4.5,49.3,1014.6,11.394455994455992,12,4,5,8.543560606060606,8.178502879078694
2023-12-03,울산,34.46764091858038,21.27462121212121,1.7,5.6,45.4,1014.5,11.394455994455992,12,4,6,10.926136363636363,12.370722433460076
2023-12-04,울산,34.63461538461539,18.746153846153845,1.7,7.1,33.8,1010.5,11.394455994455992,12,4,0,21.27462121212121,15.921875
2023-12-05,울산,32.371848739495796,18.00381679389313,1.8,8.0,42.6,1006.8,11.394455994455992,12,4,1,18.746153846153845,16.68577075098814
2023-12-06,울산,45.21353065539112,28.234165067178502,1.7,8.9,56.6,1000.4,0.0,12,4,2,18.00381679389313,15.678642714570858
2023-12-07,울산,64.10208333333334,25.842205323193916,2.7,8.7,36.9,1005.4,11.394455994455992,12,4,3,28.234165067178502,9.222664015904572
2023-12-08,울산,73.4,20.323863636363637,4.0,13.2,58.0,1006.2,11.394455994455992,12,4,4,25.842205323193916,8.543560606060606
2023-12-09,울산,55.37916666666667,18.795454545454547,2.5,15.5,62.0,1008.1,11.394455994455992,12,4,5,20.323863636363637,10.926136363636363
2023-12-10,울산,65.05648535564853,28.66287878787879,1.5,12.0,74.5,1013.2,11.394455994455992,12,4,6,18.795454545454547,21.27462121212121
2023-12-11,울산,36.08974358974359,15.553571428571429,3.7,13.6,92.8,1005.9,49.6,12,4,0,28.66287878787879,18.746153846153845
2023-12-12,울산,10.3,4.525164113785558,3.6,8.8,79.1,1009.9,0.0,12,4,1,15.553571428571429,18.00381679389313
2023-12-13,울산,15.970588235294118,6.711832061068702,2.0,8.7,74.3,1018.3,11.394455994455992,12,4,2,4.525164113785558,28.234165067178502
2023-12-14,울산,20.84518828451883,11.765625,1.4,9.8,87.1,1013.8,24.3,12,4,3,6.711832061068702,25.842205323193916
2023-12-15,울산,8.544276457883369,6.027484143763213,1.7,8.4,95.5,1002.6,50.6,12,4,4,11.765625,20.323863636363637
2023-12-16,울산,11.887265135699373,7.136882129277566,2.5,3.0,64.6,1007.6,1.0,12,4,5,6.027484143763213,18.795454545454547
2023-12-17,울산,11.006263048016702,7.152671755725191,3.7,-4.4,37.3,1020.0,11.394455994455992,12,4,6,7.136882129277566,28.66287878787879
2023-12-18,울산,12.763440860215054,7.089320388349514,2.6,-2.4,38.1,1021.7,11.394455994455992,12,4,0,7.152671755725191,15.553571428571429
2023-12-19,울산,17.169603524229075,9.061224489795919,2.2,0.9,35.3,1016.3,11.394455994455992,12,4,1,7.089320388349514,4.525164113785558
2023-12-20,울산,28.73469387755102,19.246,2.7,-1.1,50.5,1013.1,0.0,12,4,2,9.061224489795919,6.711832061068702
2023-12-21,울산,16.31919191919192,9.195959595959597,3.3,-5.7,37.5,1017.0,11.394455994455992,12,4,3,19.246,11.765625
2023-12-22,울산,18.489021956087825,8.436254980079681,4.1,-5.4,32.8,1021.6,11.394455994455992,12,4,4,9.195959595959597,6.027484143763213
2023-12-23,울산,14.418650793650794,8.236580516898607,2.9,-2.2,36.5,1024.1,11.394455994455992,12,4,5,8.436254980079681,7.136882129277566
2023-12-24,울산,21.724206349206348,15.755952380952381,1.9,0.5,51.4,1019.6,0.0,12,4,6,8.236580516898607,7.152671755725191
2023-12-25,울산,30.71031746031746,21.320717131474105,2.3,1.3,51.6,1017.8,11.394455994455992,12,4,0,15.755952380952381,7.089320388349514
2023-12-26,울산,32.34747474747475,21.280241935483872,1.9,4.2,50.3,1018.1,11.394455994455992,12,4,1,21.320717131474105,9.061224489795919
2023-12-27,울산,41.13461538461539,25.963320463320464,1.9,5.5,63.1,1019.6,11.394455994455992,12,4,2,21.280241935483872,19.246
2023-12-28,울산,51.53371868978805,35.541425818882466,1.9,5.1,59.3,1016.3,11.394455994455992,12,4,3,25.963320463320464,9.195959595959597
2023-12-29,울산,59.2557251908397,43.26628352490422,2.3,5.0,53.1,1015.0,11.394455994455992,12,4,4,35.541425818882466,8.436254980079681
2023-12-30,울산,54.22348484848485,41.672348484848484,1.8,6.4,56.8,1007.5,1.1,12,4,5,43.26628352490422,8.236580516898607
2023-12-31,울산,31.089015151515152,24.003795066413662,2.7,6.0,71.8,1005.5,0.1,12,4,6,41.672348484848484,15.755952380952381
2024-10-01,울산,19.33514492753623,9.606884057971014,1.8,22.1,66.6,1000.5,0.0,10,3,1,24.003795066413662,21.320717131474105
2024-10-02,울산,17.05214152700186,6.078467153284672,3.3,17.3,48.1,1006.6,0.0,10,3,2,9.606884057971014,21.280241935483872
2024-10-03,울산,12.608695652173912,5.288043478260869,3.6,16.1,84.0,1010.0,14.2,10,3,3,6.078467153284672,25.963320463320464
2024-10-04,울산,13.83695652173913,5.893115942028985,2.3,17.3,72.5,1013.6,0.2,10,3,4,5.288043478260869,35.541425818882466
2024-10-05,울산,13.538175046554935,5.822463768115942,2.4,18.6,70.6,1012.6,11.394455994455992,10,3,5,5.893115942028985,43.26628352490422
2024-10-06,울산,13.039772727272727,6.465579710144928,1.7,18.4,82.0,1009.6,2.9,10,3,6,5.822463768115942,41.672348484848484
2024-10-07,울산,13.082242990654205,7.253211009174312,1.9,16.1,89.3,1006.7,7.1,10,3,0,6.465579710144928,24.003795066413662
2024-10-08,울산,26.934426229508198,17.114754098360656,2.3,18.0,79.8,1006.1,1.5,10,3,1,7.253211009174312,9.606884057971014
2024-10-09,울산,18.041666666666668,7.507246376811594,2.7,17.6,71.8,1006.7,0.0,10,3,2,17.114754098360656,6.078467153284672
2024-10-10,울산,18.574585635359117,8.33395176252319,1.9,17.3,73.4,1005.2,11.394455994455992,10,3,3,7.507246376811594,5.288043478260869
2024-10-11,울산,22.97632058287796,11.800362976406534,1.2,17.9,75.4,1008.3,11.394455994455992,10,3,4,8.33395176252319,5.893115942028985
2024-10-12,울산,24.780797101449274,14.66123188405797,1.3,18.4,74.1,1012.7,11.394455994455992,10,3,5,11.800362976406534,5.822463768115942
2024-10-13,울산,17.420289855072465,9.81340579710145,2.1,19.4,74.5,1013.6,0.0,10,3,6,14.66123188405797,6.465579710144928
2024-10-14,울산,22.79591836734694,10.935543278084715,1.4,20.1,86.8,1009.8,25.1,10,3,0,9.81340579710145,7.253211009174312
2024-10-15,울산,20.851576994434136,13.61878453038674,1.4,21.1,88.4,1007.3,12.3,10,3,1,10.935543278084715,17.114754098360656
2024-10-16,울산,31.118613138686133,14.658759124087592,2.2,20.5,76.1,1012.0,11.394455994455992,10,3,2,13.61878453038674,7.507246376811594
2024-10-17,울산,30.17818181818182,12.719202898550725,1.9,19.3,78.3,1012.7,11.394455994455992,10,3,3,14.658759124087592,8.33395176252319
2024-10-18,울산,27.846863468634687,12.848263254113345,1.5,21.3,89.0,1005.2,36.0,10,3,4,12.719202898550725,11.800362976406534
2024-10-19,울산,14.648550724637682,6.836363636363636,3.1,17.2,88.6,1008.5,2.1,10,3,5,12.848263254113345,14.66123188405797
2024-10-20,울산,20.713768115942027,6.223636363636364,3.6,15.0,58.1,1020.1,0.1,10,3,6,6.836363636363636,9.81340579710145
2024-10-21,울산,24.881818181818183,8.174863387978142,1.8,18.0,76.8,1013.9,2.9,10,3,0,6.223636363636364,10.935543278084715
2024-10-22,울산,14.28415300546448,7.83029197080292,1.7,19.1,96.3,1005.0,58.3,10,3,1,8.174863387978142,13.61878453038674
2024-10-23,울산,15.552102376599635,7.2299270072992705,2.5,17.5,58.6,1004.1,11.394455994455992,10,3,2,7.83029197080292,14.658759124087592
2024-10-24,울산,22.207720588235293,10.979779411764707,2.5,14.8,65.4,1010.8,11.394455994455992,10,3,3,7.2299270072992705,12.719202898550725
2024-10-25,울산,22.108892921960074,9.41712204007286,1.9,16.8,75.8,1015.0,11.394455994455992,10,3,4,10.979779411764707,12.848263254113345
2024-10-26,울산,20.954710144927535,9.092391304347826,2.0,17.9,71.5,1011.5,11.394455994455992,10,3,5,9.41712204007286,6.836363636363636
2024-10-27,울산,17.85144927536232,9.753623188405797,1.5,16.0,81.5,1004.3,1.8,10,3,6,9.092391304347826,6.223636363636364
2024-10-28,울산,25.87226277372263,15.147540983606557,2.6,15.3,80.5,1005.3,9.8,10,3,0,9.753623188405797,8.174863387978142
2024-10-29,울산,19.40221402214022,6.619047619047619,2.4,15.2,72.3,1008.9,11.394455994455992,10,3,1,15.147540983606557,7.83029197080292
2024-10-30,울산,20.624074074074073,10.44731977818854,1.9,15.5,71.3,1012.0,11.394455994455992,10,3,2,6.619047619047619,7.2299270072992705
2024-10-31,울산,27.671559633027524,14.89945155393053,1.8,16.1,76.3,1013.0,11.394455994455992,10,3,3,10.44731977818854,10.979779411764707
2024-11-01,울산,17.48913043478261,11.156079854809438,1.3,14.6,92.3,1009.6,26.8,11,3,4,14.89945155393053,9.41712204007286
2024-11-02,울산,19.38586956521739,9.908925318761383,3.5,17.0,80.1,1006.7,22.7,11,3,5,11.156079854809438,9.092391304347826
2024-11-03,울산,25.679347826086957,11.996370235934664,2.0,15.8,71.9,1012.6,11.394455994455992,11,3,6,9.908925318761383,9.753623188405797
2024-11-04,울산,28.974545454545453,16.418181818181818,1.6,15.6,69.3,1009.7,11.394455994455992,11,3,0,11.996370235934664,15.147540983606557
2024-11-05,울산,30.766355140186917,15.809345794392524,2.4,12.9,58.9,1008.8,11.394455994455992,11,3,1,16.418181818181818,6.619047619047619
2024-11-06,울산,22.01518026565465,10.245318352059925,2.9,9.4,37.3,1014.0,11.394455994455992,11,3,2,15.809345794392524,10.44731977818854
2024-11-07,울산,24.749084249084248,12.143897996357012,1.8,12.0,62.8,1018.8,11.394455994455992,11,3,3,10.245318352059925,14.89945155393053
2024-11-08,울산,24.468864468864467,12.420475319926874,1.5,13.2,79.1,1018.0,11.394455994455992,11,3,4,12.143897996357012,11.156079854809438
2024-11-09,울산,18.280797101449274,9.903985507246377,1.9,14.2,76.9,1016.2,11.394455994455992,11,3,5,12.420475319926874,9.908925318761383
2024-11-10,울산,17.818840579710145,9.456521739130435,1.2,14.7,80.6,1012.0,11.394455994455992,11,3,6,9.903985507246377,11.996370235934664
2024-11-11,울산,22.67818181818182,11.614545454545455,1.8,15.3,75.8,1009.7,11.394455994455992,11,3,0,9.456521739130435,16.418181818181818
2024-11-12,울산,28.26788990825688,16.451197053406997,1.5,15.3,62.3,1008.3,11.394455994455992,11,3,1,11.614545454545455,15.809345794392524
2024-11-13,울산,32.03113553113553,14.431693989071038,1.9,14.4,66.9,1013.0,0.0,11,3,2,16.451197053406997,10.245318352059925
2024-11-14,울산,28.69372693726937,15.14862385321101,1.5,14.5,71.0,1011.1,0.0,11,3,3,14.431693989071038,12.143897996357012
2024-11-15,울산,34.87385740402194,20.713768115942027,1.5,16.2,72.6,1009.4,0.0,11,3,4,15.14862385321101,12.420475319926874
2024-11-16,울산,25.09963768115942,13.815217391304348,1.3,17.5,74.9,1006.5,11.394455994455992,11,3,5,20.713768115942027,9.903985507246377
2024-11-17,울산,24.231884057971016,14.31340579710145,2.3,13.1,60.1,1008.8,11.394455994455992,11,3,6,13.815217391304348,9.456521739130435
2024-11-18,울산,21.58703703703704,8.478181818181818,3.5,6.4,47.1,1018.8,11.394455994455992,11,3,0,14.31340579710145,11.614545454545455
2024-11-19,울산,14.990825688073395,6.8010948905109485,2.1,8.4,71.3,1019.2,0.6,11,3,1,8.478181818181818,16.451197053406997
2024-11-20,울산,27.53369763205829,15.73224043715847,2.0,9.1,59.3,1012.7,11.394455994455992,11,3,2,6.8010948905109485,14.431693989071038
2024-11-21,울산,43.613678373382626,26.27389705882353,2.3,10.3,60.9,1009.7,11.394455994455992,11,3,3,15.73224043715847,15.14862385321101
2024-11-22,울산,36.309653916211296,21.36842105263158,2.2,9.2,51.6,1011.1,11.394455994455992,11,3,4,26.27389705882353,20.713768115942027
2024-11-23,울산,17.71014492753623,9.481884057971014,2.4,8.3,66.9,1016.9,11.394455994455992,11,3,5,21.36842105263158,13.815217391304348
2024-11-24,울산,12.86,7.0851449275362315,1.6,8.9,75.3,1019.2,11.394455994455992,11,3,6,9.481884057971014,14.31340579710145
2024-11-25,울산,19.32029795158287,9.496336996336996,1.3,9.9,75.1,1016.2,0.1,11,3,0,7.0851449275362315,8.478181818181818
2024-11-26,울산,18.985185185185184,8.609981515711645,2.8,11.2,60.8,1001.7,17.3,11,3,1,9.496336996336996,6.8010948905109485
2024-11-27,울산,15.071691176470589,7.246296296296296,3.0,5.9,47.9,1002.2,11.394455994455992,11,3,2,8.609981515711645,15.73224043715847
2024-11-28,울산,20.285974499089253,9.531760435571687,3.1,6.0,50.5,1000.7,11.394455994455992,11,3,3,7.246296296296296,26.27389705882353
2024-11-29,울산,17.379310344827587,9.511796733212341,2.6,5.5,52.8,1001.4,11.394455994455992,11,3,4,9.531760435571687,21.36842105263158
2024-11-30,울산,16.458333333333332,7.820652173913044,3.3,7.8,46.6,1004.5,11.394455994455992,11,3,5,9.511796733212341,9.481884057971014
2024-12-01,울산,24.546296296296298,13.476851851851851,1.3,9.2,62.4,1006.4,0.0,12,4,6,7.820652173913044,7.0851449275362315
2024-12-02,울산,35.646511627906975,19.516279069767442,2.0,11.8,60.6,1005.8,11.394455994455992,12,4,0,13.476851851851851,9.496336996336996
2024-12-03,울산,36.120370370370374,20.212962962962962,2.7,7.1,39.1,1009.9,11.394455994455992,12,4,1,19.516279069767442,8.609981515711645
2024-12-04,울산,23.787037037037038,11.291666666666666,2.9,5.0,40.6,1009.9,11.394455994455992,12,4,2,20.212962962962962,7.246296296296296
2024-12-05,울산,23.46153846153846,12.421052631578947,1.7,5.8,52.4,1006.0,11.394455994455992,12,4,3,11.291666666666666,9.531760435571687
2024-12-06,울산,24.806122448979593,12.576530612244898,1.8,6.1,47.5,1008.6,11.394455994455992,12,4,4,12.421052631578947,9.511796733212341
2024-12-07,울산,19.317708333333332,11.484375,2.3,4.0,44.3,1011.7,11.394455994455992,12,4,5,12.576530612244898,7.820652173913044
2024-12-08,울산,16.022346368715084,9.197916666666666,3.1,2.8,36.5,1012.8,11.394455994455992,12,4,6,11.484375,13.476851851851851
2024-12-09,울산,22.301136363636363,10.126315789473685,2.3,3.5,44.1,1012.8,11.394455994455992,12,4,0,9.197916666666666,19.516279069767442
2024-12-10,울산,26.286458333333332,13.390625,2.0,4.9,43.8,1011.4,11.394455994455992,12,4,1,10.126315789473685,20.212962962962962
2024-12-11,울산,32.828125,19.416666666666668,2.6,6.1,56.9,1010.2,11.394455994455992,12,4,2,13.390625,11.291666666666666
2024-12-12,울산,36.712765957446805,21.555555555555557,2.6,4.7,44.3,1011.5,11.394455994455992,12,4,3,19.416666666666668,12.421052631578947
2024-12-13,울산,25.280423280423282,12.216931216931217,2.6,3.7,30.9,1009.2,11.394455994455992,12,4,4,21.555555555555557,12.576530612244898
2024-12-14,울산,21.055555555555557,11.13586956521739,3.8,2.2,36.4,1011.9,11.394455994455992,12,4,5,12.216931216931217,11.484375
2024-12-15,울산,16.147368421052633,9.5,2.0,3.9,52.6,1009.5,11.394455994455992,12,4,6,11.13586956521739,9.197916666666666
2024-12-16,울산,24.069148936170212,10.705882352941176,2.4,3.0,41.4,1010.8,11.394455994455992,12,4,0,9.5,10.126315789473685
2024-12-17,울산,23.229166666666668,12.322916666666666,2.4,3.5,40.9,1013.1,11.394455994455992,12,4,1,10.705882352941176,13.390625
2024-12-18,울산,27.073684210526316,12.848167539267015,2.7,0.6,43.0,1012.8,11.394455994455992,12,4,2,12.322916666666666,19.416666666666668
2024-12-19,울산,28.769633507853403,13.405263157894737,2.5,1.9,45.0,1016.7,11.394455994455992,12,4,3,12.848167539267015,21.555555555555557
2024-12-20,울산,28.825396825396826,14.46875,1.8,4.7,44.5,1011.4,11.394455994455992,12,4,4,13.405263157894737,12.216931216931217
2024-12-21,울산,31.121052631578948,20.958333333333332,3.0,1.7,58.0,1006.6,0.0,12,4,5,14.46875,11.13586956521739
2024-12-22,울산,17.546875,10.366492146596858,3.1,-0.3,35.9,1012.8,11.394455994455992,12,4,6,20.958333333333332,9.5
2024-12-23,울산,17.45744680851064,7.88421052631579,3.7,3.3,43.1,1014.0,11.394455994455992,12,4,0,10.366492146596858,10.705882352941176
2024-12-24,울산,24.932291666666668,13.3125,2.0,3.4,34.6,1015.9,11.394455994455992,12,4,1,7.88421052631579,12.322916666666666
2024-12-25,울산,30.963541666666668,19.260416666666668,1.6,4.0,44.5,1013.8,11.394455994455992,12,4,2,13.3125,12.848167539267015
2024-12-26,울산,40.23157894736842,21.478947368421053,2.1,4.4,42.6,1011.0,11.394455994455992,12,4,3,19.260416666666668,13.405263157894737
2024-12-27,울산,23.036649214659686,10.193717277486911,2.6,0.5,40.4,1013.0,11.394455994455992,12,4,4,21.478947368421053,14.46875
2024-12-28,울산,23.605263157894736,13.244791666666666,4.3,0.3,43.1,1011.0,11.394455994455992,12,4,5,10.193717277486911,20.958333333333332
2024-12-29,울산,17.848958333333332,9.885416666666666,2.7,2.7,51.9,1014.3,11.394455994455992,12,4,6,13.244791666666666,10.366492146596858
2024-12-30,울산,34.552083333333336,17.40625,1.8,6.4,52.9,1009.3,11.394455994455992,12,4,0,9.885416666666666,7.88421052631579
2024-12-31,울산,31.171875,13.15625,2.5,4.8,27.3,1007.6,11.394455994455992,12,4,1,17.40625,13.3125
2023-01-08,인천,138.15213178294573,47.21511627906977,1.8,1.9,63.8,1016.1,11.394455994455992,1,4,6,86.67722772277227,36.987154150197625
2023-01-09,인천,92.484375,35.9267578125,3.6,2.1,57.0,1016.4,11.394455994455992,1,4,0,47.21511627906977,12.09452736318408
2023-01-10,인천,57.00897308075773,30.586934673366834,2.2,0.5,61.8,1020.1,11.394455994455992,1,4,1,35.9267578125,17.31659836065574
2023-01-11,인천,67.68023833167825,44.2359437751004,1.5,1.9,69.8,1017.4,11.394455994455992,1,4,2,30.586934673366834,25.135802469135804
2023-01-12,인천,71.50738916256158,50.37821782178218,2.2,6.1,53.1,1013.3,0.0,1,4,3,44.2359437751004,44.531568228105904
2023-01-13,인천,22.516161616161614,15.318809776833156,2.6,7.3,95.6,1002.5,36.0,1,4,4,50.37821782178218,74.3986083499006
2023-01-14,인천,18.443548387096776,12.736401673640167,2.5,5.4,95.4,1005.5,3.6,1,4,5,15.318809776833156,86.67722772277227
2023-01-15,인천,17.664602683178536,12.704569606801275,3.2,-1.6,91.5,1010.0,1.3,1,4,6,12.736401673640167,47.21511627906977
2023-01-16,인천,19.435613682092555,11.386317907444669,3.5,-5.5,58.3,1017.1,11.394455994455992,1,4,0,12.704569606801275,35.9267578125
2023-01-17,인천,34.08997955010225,19.10123966942149,1.8,-3.5,61.0,1018.0,0.0,1,4,1,11.386317907444669,30.586934673366834
2023-01-18,인천,57.115,25.991053677932406,2.3,-2.6,60.3,1017.8,11.394455994455992,1,4,2,19.10123966942149,44.2359437751004
2023-01-19,인천,68.72020202020202,27.007889546351084,3.3,0.6,61.8,1014.1,1.5,1,4,3,25.991053677932406,50.37821782178218
2023-01-20,인천,68.38861629048087,17.939571150097464,4.7,-3.3,46.4,1019.2,11.394455994455992,1,4,4,27.007889546351084,15.318809776833156
2023-01-21,인천,23.736178467507276,12.04496578690127,2.1,-4.3,48.9,1021.7,11.394455994455992,1,4,5,17.939571150097464,12.736401673640167
2023-01-22,인천,31.1622934888241,16.193170731707315,2.0,0.0,51.8,1017.4,11.394455994455992,1,4,6,12.04496578690127,12.704569606801275
2023-01-23,인천,54.998062015503876,31.858812074001946,3.4,-1.4,67.9,1015.3,11.394455994455992,1,4,0,16.193170731707315,11.386317907444669
2023-01-24,인천,24.749757516973812,9.833333333333334,6.5,-14.6,51.8,1021.2,11.394455994455992,1,4,1,31.858812074001946,19.10123966942149
2023-01-25,인천,22.49157581764123,10.415991902834008,2.7,-11.3,46.0,1021.5,0.0,1,4,2,9.833333333333334,25.991053677932406
2023-01-26,인천,32.862626262626264,23.09261186264308,2.4,-5.4,75.9,1015.2,1.6,1,4,3,10.415991902834008,27.007889546351084
2023-01-27,인천,36.388118811881185,18.927794263105834,5.6,-7.0,52.9,1014.6,11.394455994455992,1,4,4,23.09261186264308,17.939571150097464
2023-01-28,인천,34.64105058365759,11.061764705882354,3.5,-5.5,49.8,1013.8,11.394455994455992,1,4,5,18.927794263105834,12.04496578690127
2023-01-29,인천,48.96414728682171,17.204457364341085,3.7,-1.5,56.6,1010.4,11.394455994455992,1,4,6,11.061764705882354,16.193170731707315
2023-01-30,인천,42.34220907297831,15.631163708086785,2.5,-0.6,54.8,1014.7,11.394455994455992,1,4,0,17.204457364341085,31.858812074001946
2023-01-31,인천,39.88282025819265,17.223214285714285,3.9,2.7,68.1,1008.8,11.394455994455992,1,4,1,15.631163708086785,9.833333333333334
2023-02-01,인천,57.386521308225966,29.29195630585899,3.5,-0.4,70.3,1011.7,11.394455994455992,2,4,2,17.223214285714285,10.415991902834008
2023-02-02,인천,46.37165510406343,16.693756194251733,3.4,-3.1,50.8,1018.5,11.394455994455992,2,4,3,29.29195630585899,23.09261186264308
2023-02-03,인천,40.23833167825224,20.032738095238095,2.6,-2.2,50.1,1015.1,11.394455994455992,2,4,4,16.693756194251733,18.927794263105834
2023-02-04,인천,46.76721629485936,32.3488824101069,2.1,-0.2,57.1,1016.4,11.394455994455992,2,4,5,20.032738095238095,11.061764705882354
2023-02-05,인천,66.5800193986421,50.341747572815535,2.4,1.8,73.5,1016.2,11.394455994455992,2,4,6,32.3488824101069,17.204457364341085
2023-02-06,인천,80.77822177822178,60.58433734939759,2.5,2.7,75.5,1013.9,11.394455994455992,2,4,0,50.341747572815535,15.631163708086785
2023-02-07,인천,79.9077079107505,60.69379450661241,2.6,2.2,78.1,1013.2,11.394455994455992,2,4,1,60.58433734939759,17.223214285714285
2023-02-08,인천,57.5660569105691,40.65513733468973,2.9,1.5,58.9,1018.3,11.394455994455992,2,4,2,60.69379450661241,29.29195630585899
2023-02-09,인천,43.0281973816717,28.003024193548388,2.7,3.9,47.3,1017.9,0.0,2,4,3,40.65513733468973,16.693756194251733
2023-02-10,인천,26.185410334346503,20.116424116424117,2.4,3.3,79.3,1012.6,0.2,2,4,4,28.003024193548388,20.032738095238095
2023-02-11,인천,47.15083251714006,37.00788954635109,2.1,1.6,75.8,1015.2,11.394455994455992,2,4,5,20.116424116424117,32.3488824101069
2023-02-12,인천,74.09844054580897,60.685546875,2.7,3.0,70.5,1013.2,11.394455994455992,2,4,6,37.00788954635109,50.341747572815535
2023-02-13,인천,43.344861660079054,30.703373015873016,3.5,4.4,68.0,1010.4,11.394455994455992,2,4,0,60.685546875,60.58433734939759
2023-02-14,인천,38.9457058242843,22.808300395256918,4.0,0.4,47.8,1014.7,11.394455994455992,2,4,1,30.703373015873016,60.69379450661241
2023-02-15,인천,22.81174089068826,13.472448979591837,2.9,2.5,48.3,1020.2,11.394455994455992,2,4,2,22.808300395256918,40.65513733468973
2023-02-16,인천,27.8804780876494,18.30823293172691,2.5,1.7,69.6,1021.7,0.0,2,4,3,13.472448979591837,28.003024193548388
2023-02-17,인천,42.23947895791583,29.576423576423576,2.0,3.1,71.5,1018.8,11.394455994455992,2,4,4,18.30823293172691,20.116424116424117
2023-02-18,인천,82.26520438683949,63.69721115537848,2.0,3.9,68.4,1011.3,11.394455994455992,2,4,5,29.576423576423576,37.00788954635109
2023-02-19,인천,42.96719681908549,28.046511627906977,3.6,2.6,60.5,1011.3,0.3,2,4,6,63.69721115537848,60.685546875
2023-02-20,인천,40.20668693009119,10.321827411167513,5.0,-0.6,44.8,1018.5,11.394455994455992,2,4,0,28.046511627906977,30.703373015873016
2023-02-21,인천,32.09726443768997,16.448834853090172,3.3,-2.0,45.6,1026.0,11.394455994455992,2,4,1,10.321827411167513,22.808300395256918
2023-02-22,인천,41.733805668016196,25.907444668008047,1.9,0.0,59.9,1021.7,11.394455994455992,2,4,2,16.448834853090172,13.472448979591837
2023-02-23,인천,33.24201853759011,19.678824721377914,2.0,2.3,72.6,1015.9,11.394455994455992,2,4,3,25.907444668008047,18.30823293172691
2023-02-24,인천,56.47684729064039,34.189268292682925,3.6,2.6,61.0,1016.5,11.394455994455992,2,4,4,19.678824721377914,29.576423576423576
2023-02-25,인천,35.78488372093023,16.886627906976745,4.6,0.1,42.3,1023.7,11.394455994455992,2,4,5,34.189268292682925,63.69721115537848
2023-02-26,인천,36.10271317829457,22.231292517006803,2.2,1.8,51.6,1028.0,11.394455994455992,2,4,6,16.886627906976745,28.046511627906977
2023-02-27,인천,49.23837784371909,33.50694444444444,2.1,3.0,60.8,1025.5,11.394455994455992,2,4,0,22.231292517006803,10.321827411167513
2023-02-28,인천,43.36153071500504,30.337044534412957,2.3,4.0,68.9,1018.6,11.394455994455992,2,4,1,33.50694444444444,16.448834853090172
2023-03-01,인천,38.51603498542274,20.630709426627796,3.2,5.2,59.9,1014.1,11.394455994455992,3,1,2,30.337044534412957,25.907444668008047
2023-03-02,인천,54.80989330746848,11.560620756547042,4.6,1.9,39.3,1019.4,11.394455994455992,3,1,3,20.630709426627796,19.678824721377914
2023-03-03,인천,36.4091796875,13.32,3.0,4.3,68.8,1019.0,11.394455994455992,3,1,4,11.560620756547042,34.189268292682925
2023-03-04,인천,54.44325897187197,30.484818805093045,2.1,6.5,74.6,1020.3,11.394455994455992,3,1,5,13.32,16.886627906976745
2023-03-05,인천,54.080156402737046,35.7646484375,1.5,6.7,54.4,1018.9,11.394455994455992,3,1,6,30.484818805093045,22.231292517006803
2023-03-06,인천,65.12462006079028,41.14589665653495,2.3,7.9,53.8,1014.7,11.394455994455992,3,1,0,35.7646484375,33.50694444444444
2023-03-07,인천,58.33402922755741,29.035343035343036,3.2,10.0,68.4,1011.4,11.394455994455992,3,1,1,41.14589665653495,30.337044534412957
2023-03-08,인천,55.848609680741504,25.01938775510204,3.3,12.3,67.5,1010.1,4.4,3,1,2,29.035343035343036,20.630709426627796
2023-03-09,인천,43.2359437751004,27.750503018108652,2.5,7.4,90.8,1007.3,1.1,3,1,3,25.01938775510204,11.560620756547042
2023-03-10,인천,77.45624385447394,44.50049554013875,1.9,10.7,69.5,1010.3,11.394455994455992,3,1,4,27.750503018108652,13.32
2023-03-11,인천,101.39631782945736,56.525193798449614,3.0,13.5,58.3,1013.1,11.394455994455992,3,1,5,44.50049554013875,30.484818805093045
2023-03-12,인천,48.078947368421055,20.285853658536585,4.5,4.5,68.3,1012.0,4.5,3,1,6,56.525193798449614,35.7646484375
2023-03-13,인천,34.25357873210634,8.243877551020407,4.1,2.3,41.5,1014.0,11.394455994455992,3,1,0,20.285853658536585,41.14589665653495
2023-03-14,인천,44.86125385405961,10.816410256410256,4.6,8.0,54.5,1009.2,11.394455994455992,3,1,1,8.243877551020407,29.035343035343036
2023-03-15,인천,59.36704900938478,13.847758081334725,4.0,7.9,66.5,1012.1,11.394455994455992,3,1,2,10.816410256410256,25.01938775510204
2023-03-16,인천,59.737435897435894,11.773333333333333,3.6,4.3,37.0,1020.5,11.394455994455992,3,1,3,13.847758081334725,27.750503018108652
2023-03-17,인천,48.219941348973606,19.13600782778865,2.9,6.0,37.6,1015.5,11.394455994455992,3,1,4,11.773333333333333,44.50049554013875
2023-03-18,인천,61.632751937984494,29.70262390670554,3.3,6.7,47.9,1011.2,11.394455994455992,3,1,5,19.13600782778865,56.525193798449614
2023-03-19,인천,98.31553398058253,66.74780915287245,2.4,4.7,81.1,1012.0,11.394455994455992,3,1,6,29.70262390670554,20.285853658536585
2023-03-20,인천,82.23054187192118,53.198019801980195,1.7,6.7,65.1,1007.8,11.394455994455992,3,1,0,66.74780915287245,8.243877551020407
2023-03-21,인천,79.33097880928355,47.482376636455186,2.0,10.7,45.8,1003.8,11.394455994455992,3,1,1,53.198019801980195,10.816410256410256
2023-03-22,인천,92.44488977955912,53.045180722891565,2.2,14.1,50.6,1001.7,11.394455994455992,3,1,2,47.482376636455186,13.847758081334725
2023-03-23,인천,143.10294117647058,35.081372549019605,4.3,14.4,50.8,999.1,0.0,3,1,3,53.045180722891565,11.773333333333333
2023-03-24,인천,126.66634050880626,23.010763209393346,3.6,9.7,34.5,1007.2,11.394455994455992,3,1,4,35.081372549019605,19.13600782778865
2023-03-25,인천,92.35755813953489,26.419573643410853,2.6,9.6,63.4,1010.0,11.394455994455992,3,1,5,23.010763209393346,29.70262390670554
2023-03-26,인천,50.82718446601942,14.539728682170542,4.2,8.1,29.6,1009.8,11.394455994455992,3,1,6,26.419573643410853,66.74780915287245
2023-03-27,인천,48.130520117762515,20.708537782139352,2.5,6.2,56.1,1013.9,11.394455994455992,3,1,0,14.539728682170542,53.198019801980195
2023-03-28,인천,59.02683896620278,27.832329317269075,2.1,7.7,61.3,1015.7,11.394455994455992,3,1,1,20.708537782139352,47.482376636455186
2023-03-29,인천,89.17171717171718,45.49740394600207,1.8,9.6,65.1,1014.3,11.394455994455992,3,1,2,27.832329317269075,53.045180722891565
2023-03-30,인천,100.60483870967742,54.574055158324825,1.9,11.1,52.9,1011.6,11.394455994455992,3,1,3,45.49740394600207,35.081372549019605
2023-03-31,인천,105.56453201970443,54.85911330049261,1.9,11.5,52.8,1010.4,11.394455994455992,3,1,4,54.574055158324825,23.010763209393346
2023-04-01,인천,106.96899224806202,62.72771317829457,1.9,15.0,50.0,1007.9,11.394455994455992,4,1,5,54.85911330049261,26.419573643410853
2023-04-02,인천,58.497546614327774,35.3846908734053,2.5,17.9,25.4,1010.7,11.394455994455992,4,1,6,62.72771317829457,14.539728682170542
2023-04-03,인천,62.18470705064548,38.425024826216486,2.6,18.8,24.8,1013.6,11.394455994455992,4,1,0,35.3846908734053,20.708537782139352
2023-04-04,인천,40.81529294935452,22.66568338249754,3.3,17.0,37.3,1009.8,10.6,4,1,1,38.425024826216486,27.832329317269075
2023-04-05,인천,20.93149171270718,13.409043112513144,4.4,10.6,95.9,1000.2,40.5,4,1,2,22.66568338249754,45.49740394600207
2023-04-06,인천,79.5042372881356,64.40471092077088,3.2,7.7,94.8,1002.5,2.5,4,1,3,13.409043112513144,54.574055158324825
2023-04-07,인천,55.817288801571706,25.18511263467189,3.6,8.0,65.8,1006.4,11.394455994455992,4,1,4,64.40471092077088,54.85911330049261
2023-04-08,인천,44.74368932038835,8.947623666343356,3.4,8.1,59.4,1010.8,11.394455994455992,4,1,5,25.18511263467189,62.72771317829457
2023-04-09,인천,65.61396702230844,17.096993210475265,3.3,9.4,65.4,1010.7,11.394455994455992,4,1,6,8.947623666343356,35.3846908734053
2023-04-10,인천,45.556435643564356,15.90513833992095,4.5,12.4,49.3,1006.5,11.394455994455992,4,1,0,17.096993210475265,38.425024826216486
2023-04-11,인천,88.66733870967742,20.825825825825827,5.3,12.0,70.6,1002.4,0.3,4,1,1,15.90513833992095,22.66568338249754
2023-04-12,인천,250.3502538071066,31.261523046092183,3.2,9.4,49.3,1009.7,11.394455994455992,4,1,2,20.825825825825827,13.409043112513144
2023-04-13,인천,199.07142857142858,31.12449799196787,2.2,11.3,40.0,1009.2,11.394455994455992,4,1,3,31.261523046092183,64.40471092077088
2023-04-14,인천,93.69126213592233,21.278640776699028,2.8,14.8,63.3,1004.9,11.394455994455992,4,1,4,31.12449799196787,25.18511263467189
2023-04-15,인천,51.73326867119302,19.289783889980352,2.6,11.3,86.9,996.8,2.9,4,1,5,21.278640776699028,8.947623666343356
2023-04-16,인천,110.21555118110236,33.43700787401575,2.5,9.7,77.8,997.7,11.394455994455992,4,1,6,19.289783889980352,17.096993210475265
2023-04-17,인천,96.71089108910891,28.038652130822598,2.4,12.0,63.0,1006.5,11.394455994455992,4,1,0,33.43700787401575,15.90513833992095
2023-04-18,인천,52.978125,24.20523560209424,2.8,13.7,76.8,1003.0,1.2,4,1,1,28.038652130822598,20.825825825825827
2023-04-19,인천,47.663891779396465,27.37747653806048,2.2,17.5,69.5,1001.4,11.394455994455992,4,1,2,24.20523560209424,31.261523046092183
2023-04-20,인천,18.427624309392264,10.259893048128342,2.3,13.2,92.8,1002.3,0.0,4,1,3,27.37747653806048,31.12449799196787
2023-04-21,인천,79.73616600790514,16.41526263627354,4.2,15.1,38.4,1004.5,11.394455994455992,4,1,4,10.259893048128342,21.278640776699028
2023-04-22,인천,60.414965986394556,14.166019417475729,3.3,16.7,17.4,1011.2,11.394455994455992,4,1,5,16.41526263627354,19.289783889980352
2023-04-23,인천,57.260911736178464,17.16116504854369,2.5,15.8,32.3,1014.5,11.394455994455992,4,1,6,14.166019417475729,33.43700787401575
2023-04-24,인천,54.78152929493545,17.67490118577075,3.2,14.4,42.5,1014.2,11.394455994455992,4,1,0,17.16116504854369,28.038652130822598
2023-04-25,인천,35.40526849037487,16.778006166495373,2.4,10.6,64.9,1007.4,0.0,4,1,1,17.67490118577075,24.20523560209424
2023-04-26,인천,25.972644376899694,12.962474645030426,3.8,9.2,70.9,1005.9,11.394455994455992,4,1,2,16.778006166495373,27.37747653806048
2023-04-27,인천,38.71343873517787,23.026574803149607,2.3,10.8,70.0,1011.9,11.394455994455992,4,1,3,12.962474645030426,10.259893048128342
2023-04-28,인천,37.35579781962339,19.471115537848604,2.5,14.5,63.0,1007.8,2.1,4,1,4,23.026574803149607,16.41526263627354
2023-04-29,인천,26.807192807192806,14.011111111111111,4.2,12.1,86.5,998.9,10.3,4,1,5,19.471115537848604,14.166019417475729
2023-04-30,인천,41.002909796314256,14.875848690591658,3.4,11.5,74.6,1002.1,0.0,4,1,6,14.011111111111111,17.16116504854369
2023-05-01,인천,36.326550387596896,15.566019417475728,2.2,13.1,66.5,1009.3,11.394455994455992,5,1,0,14.875848690591658,17.67490118577075
2023-05-02,인천,41.57739307535642,17.64574898785425,2.0,16.0,43.9,1013.9,11.394455994455992,5,1,1,15.566019417475728,16.778006166495373
2023-05-03,인천,47.75779625779626,21.35036496350365,2.2,18.9,50.4,1012.5,11.394455994455992,5,1,2,17.64574898785425,12.962474645030426
2023-05-04,인천,48.84823284823285,24.665608465608464,2.2,20.2,64.6,1004.7,11.394455994455992,5,1,3,21.35036496350365,23.026574803149607
2023-05-05,인천,10.606936416184972,5.621818181818182,3.7,17.6,91.9,993.8,14.3,5,1,4,24.665608465608464,19.471115537848604
2023-05-06,인천,14.388826815642458,8.458715596330276,4.8,12.9,82.3,998.2,47.5,5,1,5,5.621818181818182,14.011111111111111
2023-05-07,인천,33.41614906832298,24.86195652173913,2.5,14.3,46.9,1004.5,0.0,5,1,6,8.458715596330276,14.875848690591658
2023-05-08,인천,39.80083857442348,25.43122270742358,2.4,14.1,59.3,1008.5,11.394455994455992,5,1,0,24.86195652173913,15.566019417475728
2023-05-09,인천,52.05702217529039,30.457423580786028,2.5,14.1,69.3,1008.5,11.394455994455992,5,1,1,25.43122270742358,17.64574898785425
2023-05-10,인천,64.11695278969957,38.27926960257788,1.9,16.6,61.5,1008.8,11.394455994455992,5,1,2,30.457423580786028,21.35036496350365
2023-05-11,인천,53.20546448087432,27.94868995633188,2.0,17.6,53.9,1009.7,11.394455994455992,5,1,3,38.27926960257788,24.665608465608464
2023-05-12,인천,50.519913885898816,30.241935483870968,1.8,16.7,57.0,1008.7,11.394455994455992,5,1,4,27.94868995633188,5.621818181818182
2023-05-13,인천,36.59456635318704,23.262329485834208,2.0,15.9,70.9,1005.1,11.394455994455992,5,1,5,30.241935483870968,8.458715596330276
2023-05-14,인천,23.631413612565446,14.528101802757158,2.2,16.7,62.0,1001.6,11.394455994455992,5,1,6,23.262329485834208,24.86195652173913
2023-05-15,인천,41.029094827586206,23.509169363538295,2.3,19.4,56.4,1000.3,11.394455994455992,5,1,0,14.528101802757158,25.43122270742358
2023-05-16,인천,59.47692307692308,34.00986842105263,2.9,21.3,59.3,1002.4,11.394455994455992,5,1,1,23.509169363538295,30.457423580786028
2023-05-17,인천,34.08779931584949,15.866513233601841,3.4,21.1,74.3,1005.0,11.394455994455992,5,1,2,34.00986842105263,38.27926960257788
2023-05-18,인천,37.020833333333336,20.601984564498345,2.0,20.6,74.9,1002.6,0.0,5,1,3,15.866513233601841,27.94868995633188
2023-05-19,인천,27.376205787781352,15.687768240343347,2.3,21.2,61.8,1001.2,11.394455994455992,5,1,4,20.601984564498345,30.241935483870968
2023-05-20,인천,27.218649517684888,17.392432432432432,3.0,18.3,75.3,1002.3,11.394455994455992,5,1,5,15.687768240343347,23.262329485834208
2023-05-21,인천,63.8862660944206,21.922995780590718,3.2,15.2,88.4,1001.8,0.3,5,1,6,17.392432432432432,14.528101802757158
2023-05-22,인천,150.93473684210525,35.68,2.1,18.2,67.9,1000.2,11.394455994455992,5,1,0,21.922995780590718,23.509169363538295
2023-05-23,인천,77.97008547008546,22.585470085470085,2.1,19.2,57.9,1002.3,11.394455994455992,5,1,1,35.68,34.00986842105263
2023-05-24,인천,38.34662236987818,17.96795580110497,2.0,18.4,54.5,1006.3,11.394455994455992,5,1,2,22.585470085470085,15.866513233601841
2023-05-25,인천,36.470464135021096,16.617894736842103,2.2,19.5,53.9,1008.2,0.0,5,1,3,17.96795580110497,20.601984564498345
2023-05-26,인천,34.20205128205128,15.85948717948718,2.2,20.1,57.0,1010.0,0.1,5,1,4,16.617894736842103,15.687768240343347
2023-05-27,인천,29.47767393561786,17.18963730569948,1.6,19.0,89.0,1008.7,28.1,5,1,5,15.85948717948718,17.392432432432432
2023-05-28,인천,11.133016627078385,6.989064398541919,2.6,18.1,96.6,1004.0,40.9,5,1,6,17.18963730569948,21.922995780590718
2023-05-29,인천,17.868995633187772,10.99108138238573,1.1,21.0,90.6,1002.2,2.6,5,1,0,6.989064398541919,35.68
2023-05-30,인천,40.29417989417989,22.921108742004265,1.8,22.3,76.5,1001.8,11.394455994455992,5,1,1,10.99108138238573,22.585470085470085
2023-05-31,인천,29.595263724434876,14.780303030303031,2.4,21.0,64.6,1002.4,11.394455994455992,5,1,2,22.921108742004265,17.96795580110497
2023-06-01,인천,36.28372591006424,22.369967355821544,1.4,21.1,74.8,998.1,11.394455994455992,6,2,3,14.780303030303031,16.617894736842103
2023-06-02,인천,26.387669801462906,15.015772870662461,1.7,18.6,82.6,995.1,0.0,6,2,4,22.369967355821544,15.85948717948718
2023-06-03,인천,34.58937691521961,14.925737538148525,2.8,20.6,61.6,1000.5,11.394455994455992,6,2,5,15.015772870662461,17.18963730569948
2023-06-04,인천,41.02446483180428,22.03967446592065,2.5,19.5,72.9,1002.7,0.0,6,2,6,14.925737538148525,6.989064398541919
2023-06-05,인천,31.631908237747655,16.661087866108787,3.0,19.4,76.1,1003.0,11.394455994455992,6,2,0,22.03967446592065,10.99108138238573
2023-06-06,인천,17.4503582395087,9.526041666666666,2.5,19.2,77.1,999.8,11.394455994455992,6,2,1,16.661087866108787,22.921108742004265
2023-06-07,인천,25.507415254237287,14.578663793103448,2.6,19.6,80.5,1000.4,11.394455994455992,6,2,2,9.526041666666666,14.780303030303031
2023-06-08,인천,16.51357220412595,8.335886214442013,3.2,19.2,84.4,996.6,1.3,6,2,3,14.578663793103448,22.369967355821544
2023-06-09,인천,27.548218029350103,17.27537796976242,2.0,21.0,77.4,995.7,1.0,6,2,4,8.335886214442013,15.015772870662461
2023-06-10,인천,32.869877049180324,19.716188524590162,2.9,21.8,74.1,996.7,5.0,6,2,5,17.27537796976242,14.925737538148525
2023-06-11,인천,24.71058091286307,16.728125,1.2,21.6,78.1,997.3,11.2,6,2,6,19.716188524590162,22.03967446592065
2023-06-12,인천,26.800847457627118,16.79891891891892,1.7,20.2,78.0,997.7,0.0,6,2,0,16.728125,16.661087866108787
2023-06-13,인천,22.092105263157894,13.668146503884573,2.3,20.4,76.6,996.8,11.394455994455992,6,2,1,16.79891891891892,9.526041666666666
2023-06-14,인천,26.480046948356808,17.433691756272403,2.0,20.5,76.0,998.1,11.394455994455992,6,2,2,13.668146503884573,14.578663793103448
2023-06-15,인천,31.21081081081081,20.780941949616647,2.4,20.8,78.0,1000.7,11.394455994455992,6,2,3,17.433691756272403,8.335886214442013
2023-06-16,인천,19.29468085106383,12.51819184123484,2.1,21.7,69.0,1005.4,11.394455994455992,6,2,4,20.780941949616647,17.27537796976242
2023-06-17,인천,17.518947368421053,11.379194630872483,1.9,22.2,71.1,1005.2,11.394455994455992,6,2,5,12.51819184123484,19.716188524590162
2023-06-18,인천,24.654774396642182,15.73010752688172,1.3,23.1,71.4,999.9,11.394455994455992,6,2,6,11.379194630872483,16.728125
2023-06-19,인천,42.074444444444445,26.518973214285715,1.1,25.5,64.6,998.1,11.394455994455992,6,2,0,15.73010752688172,16.79891891891892
2023-06-20,인천,38.433707865168536,21.547191011235956,1.8,22.9,63.0,996.3,15.2,6,2,1,26.518973214285715,13.668146503884573
2023-06-21,인천,12.101123595505618,6.7215686274509805,2.0,20.4,87.1,993.6,20.5,6,2,2,21.547191011235956,17.433691756272403
2023-06-22,인천,22.71687429218573,12.773755656108598,2.3,21.5,78.5,996.2,0.0,6,2,3,6.7215686274509805,20.780941949616647
2023-06-23,인천,43.75488069414317,30.710843373493976,2.0,23.2,80.8,1001.5,11.394455994455992,6,2,4,12.773755656108598,12.51819184123484
2023-06-24,인천,37.10680751173709,25.756183745583037,2.1,24.6,73.0,1005.9,11.394455994455992,6,2,5,30.710843373493976,11.379194630872483
2023-06-25,인천,32.56271981242673,22.26453143534994,1.8,26.7,65.8,1003.5,11.394455994455992,6,2,6,25.756183745583037,15.73010752688172
2023-06-26,인천,19.341549295774648,12.161330049261084,3.9,23.2,88.4,997.6,17.8,6,2,0,22.26453143534994,26.518973214285715
2023-06-27,인천,20.111361079865016,10.517553793884485,2.7,23.6,81.1,1000.4,0.0,6,2,1,12.161330049261084,21.547191011235956
2023-06-28,인천,27.180048661800488,18.19176319176319,2.3,24.2,85.6,999.7,0.0,6,2,2,10.517553793884485,6.7215686274509805
2023-06-29,인천,31.661195779601407,19.99122807017544,3.4,23.2,95.4,992.9,44.0,6,2,3,18.19176319176319,12.773755656108598
2023-06-30,인천,33.64093959731544,20.62162162162162,1.2,23.9,90.4,992.6,0.2,6,2,4,19.99122807017544,30.710843373493976
2023-07-01,인천,20.10592686002522,12.687660668380463,1.8,25.2,82.0,998.0,11.394455994455992,7,2,5,20.62162162162162,25.756183745583037
2023-07-02,인천,14.051833122629583,9.527397260273972,1.6,24.4,86.3,1000.8,11.394455994455992,7,2,6,12.687660668380463,22.26453143534994
2023-07-03,인천,33.85450346420323,22.444703143189756,1.9,27.2,78.6,997.5,11.394455994455992,7,2,0,9.527397260273972,12.161330049261084
2023-07-04,인천,26.54345307068366,19.390818858560795,3.3,24.5,93.6,991.2,63.8,7,2,1,22.444703143189756,10.517553793884485
2023-07-05,인천,33.11031175059952,18.76746987951807,4.8,22.9,88.6,987.7,6.1,7,2,2,19.390818858560795,18.19176319176319
2023-07-06,인천,47.14430665163472,28.053932584269663,3.9,25.7,76.9,993.5,11.394455994455992,7,2,3,18.76746987951807,19.99122807017544
2023-07-07,인천,38.184734513274336,21.487208008898776,2.0,25.9,70.3,993.9,11.394455994455992,7,2,4,28.053932584269663,20.62162162162162
2023-07-08,인천,12.759763313609467,6.835205992509363,1.9,24.6,81.8,994.3,0.0,7,2,5,21.487208008898776,12.687660668380463
2023-07-09,인천,21.670915411355736,13.023170731707317,2.4,24.5,89.4,994.4,15.9,7,2,6,6.835205992509363,9.527397260273972
2023-07-10,인천,36.53125,22.142696629213482,2.7,25.1,84.6,995.9,3.0,7,2,0,13.023170731707317,22.444703143189756
2023-07-11,인천,23.725643896976482,13.702923976608187,2.4,23.7,92.1,997.2,41.0,7,2,1,22.142696629213482,19.390818858560795
2023-07-12,인천,21.096009975062344,14.01595744680851,1.3,24.9,89.5,997.6,0.4,7,2,2,13.702923976608187,18.76746987951807
2023-07-13,인천,20.818501170960186,13.383763837638377,3.1,24.8,95.0,995.2,109.9,7,2,3,14.01595744680851,28.053932584269663
2023-07-14,인천,27.760775862068964,14.390590809628009,4.0,23.7,98.1,989.8,41.2,7,2,4,13.383763837638377,21.487208008898776
2023-07-15,인천,29.792607802874745,15.826498422712934,3.8,23.6,95.3,992.4,0.7,7,2,5,14.390590809628009,6.835205992509363
2023-07-16,인천,27.69079627714581,13.695426195426196,2.4,23.5,93.0,999.3,0.2,7,2,6,15.826498422712934,13.023170731707317
2023-07-17,인천,20.095948827292112,10.330065359477125,1.9,24.3,89.4,1003.8,0.0,7,2,0,13.695426195426196,22.142696629213482
2023-07-18,인천,18.58342541436464,10.276422764227643,1.0,24.6,89.9,1002.6,2.5,7,2,1,10.330065359477125,13.702923976608187
2023-07-19,인천,36.15376458112407,21.8620320855615,1.6,26.2,82.6,999.8,11.394455994455992,7,2,2,10.276422764227643,14.01595744680851
2023-07-20,인천,46.18816067653277,30.425396825396824,1.8,26.2,77.0,1001.2,11.394455994455992,7,2,3,21.8620320855615,13.383763837638377
2023-07-21,인천,53.192708333333336,39.06903765690377,1.7,27.8,70.1,1003.8,11.394455994455992,7,2,4,30.425396825396824,14.390590809628009
2023-07-22,인천,32.544329896907215,22.925847457627118,3.6,26.6,77.5,1002.9,5.3,7,2,5,39.06903765690377,15.826498422712934
2023-07-23,인천,11.231111111111112,5.7685851318944845,4.1,24.4,95.9,999.4,79.0,7,2,6,22.925847457627118,13.695426195426196
2023-07-24,인천,17.58767268862912,11.081264108352144,2.0,25.2,89.0,1000.9,11.394455994455992,7,2,0,5.7685851318944845,10.330065359477125
2023-07-25,인천,16.19137168141593,8.519859813084112,2.7,26.3,86.1,1004.5,0.2,7,2,1,11.081264108352144,10.276422764227643
2023-07-26,인천,15.691011235955056,7.626650660264105,2.9,27.2,84.6,1006.6,1.6,7,2,2,8.519859813084112,21.8620320855615
2023-07-27,인천,22.354945054945055,13.907003444316878,1.6,27.8,79.0,1006.4,11.394455994455992,7,2,3,7.626650660264105,30.425396825396824
2023-07-28,인천,30.403740374037405,21.795328142380423,2.0,28.9,74.4,1006.2,11.394455994455992,7,2,4,13.907003444316878,39.06903765690377
2023-07-29,인천,25.563424947145876,18.64666666666667,1.7,28.9,72.5,1006.6,0.0,7,2,5,21.795328142380423,22.925847457627118
2023-07-30,인천,15.65037194473964,9.977900552486188,1.3,29.4,68.5,1005.3,11.394455994455992,7,2,6,18.64666666666667,5.7685851318944845
2023-07-31,인천,27.238045738045738,19.805876180482688,2.0,27.9,77.9,1004.9,11.394455994455992,7,2,0,9.977900552486188,11.081264108352144
2023-08-01,인천,35.3760775862069,24.955191256830602,1.7,29.3,75.4,1002.7,11.394455994455992,8,2,1,19.805876180482688,8.519859813084112
2023-08-02,인천,30.508695652173913,21.129281767955803,1.5,28.2,77.4,1000.1,11.394455994455992,8,2,2,24.955191256830602,7.626650660264105
2023-08-03,인천,23.19200887902331,15.848314606741573,2.0,28.1,73.4,998.5,11.394455994455992,8,2,3,21.129281767955803,13.907003444316878
2023-08-04,인천,21.07982740021575,13.113250283125709,1.4,29.2,69.8,996.7,11.394455994455992,8,2,4,15.848314606741573,21.795328142380423
2023-08-05,인천,18.16306695464363,10.723009814612867,1.9,28.7,73.8,993.3,11.394455994455992,8,2,5,13.113250283125709,18.64666666666667
2023-08-06,인천,23.479277364505844,15.089343379978471,1.6,29.4,79.0,990.7,11.394455994455992,8,2,6,10.723009814612867,9.977900552486188
2023-08-07,인천,17.09481808158765,9.206936416184972,1.9,30.2,72.1,991.6,7.8,8,2,0,15.089343379978471,19.805876180482688
2023-08-08,인천,13.634751773049645,6.202933985330073,2.3,30.7,63.3,994.4,11.394455994455992,8,2,1,9.206936416184972,24.955191256830602
2023-08-09,인천,13.654306220095695,5.760340632603406,2.4,29.3,64.6,995.7,0.0,8,2,2,6.202933985330073,21.129281767955803
2023-08-10,인천,8.043735224586289,2.9987893462469732,4.3,22.8,90.3,988.8,70.5,8,2,3,5.760340632603406,15.848314606741573
2023-08-11,인천,18.462962962962962,9.313835770528684,3.6,23.0,93.1,991.0,46.6,8,2,4,2.9987893462469732,13.113250283125709
2023-08-12,인천,20.882608695652173,12.83406113537118,2.0,23.5,92.5,995.6,21.7,8,2,5,9.313835770528684,10.723009814612867
2023-08-13,인천,32.77706323687031,21.638136511375947,1.0,26.7,79.1,996.7,11.394455994455992,8,2,6,12.83406113537118,15.089343379978471
2023-08-14,인천,37.409190371991244,25.726256983240223,1.6,27.8,77.5,998.0,11.394455994455992,8,2,0,21.638136511375947,9.206936416184972
2023-08-15,인천,29.281857451403887,19.168316831683168,1.8,27.4,78.5,997.0,11.394455994455992,8,2,1,25.726256983240223,6.202933985330073
2023-08-16,인천,20.191126279863482,11.974477958236658,1.9,26.6,76.9,996.2,11.394455994455992,8,2,2,19.168316831683168,5.760340632603406
2023-08-17,인천,24.77952755905512,16.58830275229358,1.7,27.3,73.9,997.1,11.394455994455992,8,2,3,11.974477958236658,2.9987893462469732
2023-08-18,인천,30.34160090191657,21.194508009153317,1.5,27.9,74.0,999.0,11.394455994455992,8,2,4,16.58830275229358,9.313835770528684
2023-08-19,인천,19.287746170678336,12.224489795918368,1.7,27.5,75.0,1002.1,11.394455994455992,8,2,5,21.194508009153317,12.83406113537118
2023-08-20,인천,25.38586956521739,16.95850622406639,1.6,27.2,81.1,1003.4,0.0,8,2,6,12.224489795918368,21.638136511375947
2023-08-21,인천,29.316831683168317,17.976866456361723,2.5,28.6,76.6,999.5,0.0,8,2,0,16.95850622406639,25.726256983240223
2023-08-22,인천,21.699124726477024,12.28994708994709,3.6,26.6,86.3,995.9,11.7,8,2,1,17.976866456361723,19.168316831683168
2023-08-23,인천,11.845986984815617,5.9988636363636365,2.8,24.2,94.0,997.3,81.0,8,2,2,12.28994708994709,11.974477958236658
2023-08-24,인천,12.078748651564185,5.892817679558011,1.6,24.5,92.5,998.1,5.7,8,2,3,5.9988636363636365,16.58830275229358
2023-08-25,인천,21.981404958677686,10.921548117154812,2.9,25.9,82.8,999.8,0.3,8,2,4,5.892817679558011,21.194508009153317
2023-08-26,인천,33.55873340143003,19.95277207392197,1.9,25.3,79.3,1001.8,11.394455994455992,8,2,5,10.921548117154812,12.224489795918368
2023-08-27,인천,33.009164969450104,21.586912065439673,1.3,25.6,80.5,1000.6,0.0,8,2,6,19.95277207392197,16.95850622406639
2023-08-28,인천,18.385593220338983,10.844919786096257,3.3,22.7,88.3,998.6,21.6,8,2,0,21.586912065439673,17.976866456361723
2023-08-29,인천,14.389776357827476,7.188984881209503,3.7,23.4,91.3,997.3,30.5,8,2,1,10.844919786096257,12.28994708994709
2023-08-30,인천,18.176220806794056,8.783119658119658,1.5,22.9,84.9,1001.3,0.1,8,2,2,7.188984881209503,5.9988636363636365
2023-08-31,인천,21.64864864864865,11.58109559613319,1.6,23.6,78.0,1002.8,11.394455994455992,8,2,3,8.783119658119658,5.892817679558011
2023-09-01,인천,27.98442367601246,15.302180685358255,2.1,24.1,73.0,1004.3,11.394455994455992,9,3,4,11.58109559613319,10.921548117154812
2023-09-02,인천,33.750254841997965,19.539406345957012,2.1,25.1,71.1,1003.9,11.394455994455992,9,3,5,15.302180685358255,19.95277207392197
2023-09-03,인천,21.96518987341772,14.05422314911366,1.3,26.4,77.0,1004.2,0.0,9,3,6,19.539406345957012,21.586912065439673
2023-09-04,인천,22.38034188034188,12.517094017094017,1.5,26.9,80.4,1004.4,0.2,9,3,0,14.05422314911366,10.844919786096257
2023-09-05,인천,25.316939890710383,13.489525909592063,1.5,27.6,77.0,1003.7,0.0,9,3,1,12.517094017094017,7.188984881209503
2023-09-06,인천,29.697940503432495,16.36677454153182,1.4,27.4,69.8,1003.9,11.394455994455992,9,3,2,13.489525909592063,8.783119658119658
2023-09-07,인천,23.793066088840735,12.651237890204522,1.8,27.1,50.4,1006.6,11.394455994455992,9,3,3,16.36677454153182,11.58109559613319
2023-09-08,인천,22.604232804232804,11.683760683760683,1.6,25.1,61.8,1005.3,11.394455994455992,9,3,4,12.651237890204522,15.302180685358255
2023-09-09,인천,34.57435897435897,20.273871983210913,1.0,25.1,70.4,1003.2,11.394455994455992,9,3,5,11.683760683760683,19.539406345957012
2023-09-10,인천,28.16122448979592,18.317853457172344,0.9,25.0,72.8,1002.4,11.394455994455992,9,3,6,20.273871983210913,14.05422314911366
2023-09-11,인천,23.97027600849257,14.83206106870229,1.0,25.0,72.0,1001.8,11.394455994455992,9,3,0,18.317853457172344,12.517094017094017
2023-09-12,인천,30.130242825607063,16.587319243604004,1.1,25.2,73.0,1002.9,11.394455994455992,9,3,1,14.83206106870229,13.489525909592063
2023-09-13,인천,27.481646273637374,17.43355855855856,1.2,22.1,87.1,1003.9,22.6,9,3,2,16.587319243604004,16.36677454153182
2023-09-14,인천,13.064655172413794,5.545146726862303,2.4,23.2,74.1,1005.0,11.394455994455992,9,3,3,17.43355855855856,12.651237890204522
2023-09-15,인천,12.98249227600412,6.216842105263158,1.8,22.5,82.0,1005.7,6.1,9,3,4,5.545146726862303,11.683760683760683
2023-09-16,인천,15.076381909547738,7.733197556008147,0.4,23.9,87.1,1003.7,26.7,9,3,5,6.216842105263158,20.273871983210913
2023-09-17,인천,16.56645569620253,11.225352112676056,0.7,24.2,87.1,1002.5,0.0,9,3,6,7.733197556008147,18.317853457172344
2023-09-18,인천,15.601503759398497,9.312843029637762,1.4,24.5,83.0,1004.5,11.394455994455992,9,3,0,11.225352112676056,14.83206106870229
2023-09-19,인천,24.77582644628099,15.247916666666667,1.7,23.9,87.1,1006.1,11.394455994455992,9,3,1,9.312843029637762,16.587319243604004
2023-09-20,인천,22.32476875642343,15.066184074457084,2.7,20.7,90.6,1002.7,29.5,9,3,2,15.247916666666667,17.43355855855856
2023-09-21,인천,13.536635706914344,6.272017837235229,2.6,19.8,71.9,1003.9,0.1,9,3,3,15.066184074457084,5.545146726862303
2023-09-22,인천,25.759920634920636,12.571571571571571,1.4,21.0,70.4,1008.1,11.394455994455992,9,3,4,6.272017837235229,6.216842105263158
2023-09-23,인천,27.00980392156863,15.032384690873405,1.3,22.7,64.3,1011.6,11.394455994455992,9,3,5,12.571571571571571,7.733197556008147
2023-09-24,인천,15.154072620215898,7.543111992071358,2.4,22.1,53.1,1011.6,0.0,9,3,6,15.032384690873405,11.225352112676056
2023-09-25,인천,18.69551934826884,7.58939708939709,1.4,21.8,64.5,1008.2,1.0,9,3,0,7.543111992071358,9.312843029637762
2023-09-26,인천,10.151515151515152,5.507198228128461,1.8,20.1,94.4,1004.5,19.1,9,3,1,7.58939708939709,15.247916666666667
2023-09-27,인천,13.72679874869656,7.220954356846473,1.5,21.2,90.4,1003.4,3.4,9,3,2,5.507198228128461,15.066184074457084
2023-09-28,인천,53.04467680608365,37.17311411992263,2.0,21.9,80.1,1005.8,11.394455994455992,9,3,3,7.220954356846473,6.272017837235229
2023-09-29,인천,30.216524216524217,14.188804554079697,1.1,20.8,61.9,1006.2,11.394455994455992,9,3,4,37.17311411992263,12.571571571571571
2023-09-30,인천,30.355704697986578,13.018095238095238,3.6,20.0,71.1,1003.0,20.5,9,3,5,14.188804554079697,15.032384690873405
2023-10-01,인천,22.17458777885548,9.098360655737705,3.1,18.9,57.1,1006.8,11.394455994455992,10,3,6,13.018095238095238,7.543111992071358
2023-10-02,인천,18.186293436293436,9.779661016949152,1.4,18.9,51.1,1010.1,11.394455994455992,10,3,0,9.098360655737705,7.58939708939709
2023-10-03,인천,23.94787644787645,14.058300395256918,0.7,18.5,62.9,1009.1,11.394455994455992,10,3,1,9.779661016949152,5.507198228128461
2023-10-04,인천,29.60458167330677,16.83248730964467,2.1,18.7,70.8,1006.2,0.9,10,3,2,14.058300395256918,7.220954356846473
2023-10-05,인천,37.3904576436222,8.211634904714142,4.3,14.9,40.8,1009.0,11.394455994455992,10,3,3,16.83248730964467,37.17311411992263
2023-10-06,인천,25.462512171372932,10.30952380952381,2.3,16.3,46.8,1011.2,11.394455994455992,10,3,4,8.211634904714142,14.188804554079697
2023-10-07,인천,28.606118546845124,13.540307101727446,2.1,17.7,54.6,1013.7,11.394455994455992,10,3,5,10.30952380952381,13.018095238095238
2023-10-08,인천,15.788516746411483,8.297137216189537,2.3,17.8,64.3,1014.6,0.2,10,3,6,13.540307101727446,9.098360655737705
2023-10-09,인천,16.051059730250483,8.419900497512439,2.1,17.3,66.9,1011.6,1.2,10,3,0,8.297137216189537,9.779661016949152
2023-10-10,인천,29.80497512437811,18.132248219735505,2.1,16.9,75.8,1013.0,11.394455994455992,10,3,1,8.419900497512439,14.058300395256918
2023-10-11,인천,32.91019172552977,19.469199178644764,2.0,18.6,60.6,1016.1,11.394455994455992,10,3,2,18.132248219735505,16.83248730964467
2023-10-12,인천,36.17753259779338,22.574619289340102,1.5,18.3,63.8,1016.0,11.394455994455992,10,3,3,19.469199178644764,8.211634904714142
2023-10-13,인천,36.44940476190476,23.336363636363636,1.5,17.9,69.4,1009.6,11.394455994455992,10,3,4,22.574619289340102,10.30952380952381
2023-10-14,인천,25.82369942196532,18.266666666666666,1.7,15.7,78.9,1002.1,8.1,10,3,5,23.336363636363636,13.540307101727446
2023-10-15,인천,27.121880998080613,17.717261904761905,2.5,16.9,76.3,1002.8,11.394455994455992,10,3,6,18.266666666666666,8.297137216189537
2023-10-16,인천,41.73300970873787,16.152131782945737,2.5,14.7,53.8,1007.4,11.394455994455992,10,3,0,17.717261904761905,8.419900497512439
2023-10-17,인천,35.07467204843592,15.547094188376754,1.6,14.8,50.8,1011.2,11.394455994455992,10,3,1,16.152131782945737,18.132248219735505
2023-10-18,인천,35.68177339901478,19.124505928853754,2.6,16.3,71.6,1011.0,11.394455994455992,10,3,2,15.547094188376754,19.469199178644764
2023-10-19,인천,32.6640625,19.50541871921182,2.8,17.3,78.8,1006.9,3.9,10,3,3,19.124505928853754,22.574619289340102
2023-10-20,인천,21.174285714285713,7.619460500963391,4.5,12.2,44.8,1009.5,11.394455994455992,10,3,4,19.50541871921182,23.336363636363636
2023-10-21,인천,21.020912547528518,8.483622350674374,3.4,11.6,49.9,1012.2,2.5,10,3,5,7.619460500963391,18.266666666666666
2023-10-22,인천,25.288151658767774,11.5377990430622,2.2,13.7,62.1,1014.6,11.394455994455992,10,3,6,8.483622350674374,17.717261904761905
2023-10-23,인천,33.63142580019399,17.969022265246853,2.2,16.2,74.4,1014.1,11.394455994455992,10,3,0,11.5377990430622,16.152131782945737
2023-10-24,인천,39.215723873441995,24.90576923076923,2.4,15.7,81.1,1011.7,11.394455994455992,10,3,1,17.969022265246853,15.547094188376754
2023-10-25,인천,39.96996124031008,26.141885325558796,1.9,16.8,79.5,1009.7,11.394455994455992,10,3,2,24.90576923076923,19.124505928853754
2023-10-26,인천,56.37720207253886,38.997929606625256,2.9,17.5,86.4,1006.2,11.394455994455992,10,3,3,26.141885325558796,19.50541871921182
2023-10-27,인천,36.31346153846154,15.983685220729367,2.5,15.1,63.6,1006.7,11.394455994455992,10,3,4,38.997929606625256,7.619460500963391
2023-10-28,인천,43.599809885931556,21.08167141500475,1.6,14.4,65.9,1010.2,11.394455994455992,10,3,5,15.983685220729367,8.483622350674374
2023-10-29,인천,37.75284090909091,21.96969696969697,1.6,15.4,62.4,1013.2,11.394455994455992,10,3,6,21.08167141500475,11.5377990430622
2023-10-30,인천,47.453658536585365,28.670243902439026,1.6,15.4,75.0,1014.2,11.394455994455992,10,3,0,21.96969696969697,17.969022265246853
2023-10-31,인천,50.11980198019802,31.13765978367748,2.6,16.1,83.1,1013.2,11.394455994455992,10,3,1,28.670243902439026,24.90576923076923
2023-11-01,인천,50.00198412698413,25.53620352250489,4.0,18.6,87.3,1009.0,0.0,11,3,2,31.13765978367748,26.141885325558796
2023-11-02,인천,38.458984375,17.809242871189774,4.1,19.7,78.8,1007.9,11.394455994455992,11,3,3,25.53620352250489,38.997929606625256
2023-11-03,인천,39.09855072463768,15.282798833819243,3.5,18.7,84.5,1007.0,0.0,11,3,4,17.809242871189774,15.983685220729367
2023-11-04,인천,66.10450623202301,23.401151631477926,2.2,17.0,70.3,1012.0,11.394455994455992,11,3,5,15.282798833819243,21.08167141500475
2023-11-05,인천,17.923988153998025,12.276573787409701,3.6,17.4,87.0,1006.7,15.3,11,3,6,23.401151631477926,21.96969696969697
2023-11-06,인천,26.736426456071076,10.573412698412698,8.1,13.5,81.1,998.8,27.1,11,3,0,12.276573787409701,28.670243902439026
2023-11-07,인천,21.146221786064768,9.192687747035572,3.7,5.5,59.6,1013.6,0.0,11,3,1,10.573412698412698,31.13765978367748
2023-11-08,인천,33.51113262342691,17.797455968688844,1.5,8.9,57.5,1014.1,11.394455994455992,11,3,2,9.192687747035572,25.53620352250489
2023-11-09,인천,38.2015732546706,22.115612648221344,3.3,11.9,66.4,1011.3,3.7,11,3,3,17.797455968688844,17.809242871189774
2023-11-10,인천,18.163346613545816,10.156020942408377,4.8,2.9,51.8,1018.3,11.394455994455992,11,3,4,22.115612648221344,15.282798833819243
2023-11-11,인천,19.499525166191834,11.618434093161547,3.0,1.5,48.8,1020.7,11.394455994455992,11,3,5,10.156020942408377,23.401151631477926
2023-11-12,인천,19.089780324737344,12.195804195804195,2.9,1.4,56.6,1019.3,11.394455994455992,11,3,6,11.618434093161547,12.276573787409701
2023-11-13,인천,22.12007874015748,13.360453141091659,2.6,2.5,55.1,1019.9,11.394455994455992,11,3,0,12.195804195804195,10.573412698412698
2023-11-14,인천,30.59453993933266,17.77938144329897,1.5,5.5,67.0,1018.4,11.394455994455992,11,3,1,13.360453141091659,9.192687747035572
2023-11-15,인천,53.94059405940594,34.78790882061447,1.3,7.4,71.0,1019.3,11.394455994455992,11,3,2,17.77938144329897,17.797455968688844
2023-11-16,인천,46.404,34.50561797752809,2.7,7.1,81.9,1010.7,10.1,11,3,3,34.78790882061447,22.115612648221344
2023-11-17,인천,17.604427333974975,9.498,4.0,1.6,60.5,1005.9,2.3,11,3,4,34.50561797752809,10.156020942408377
2023-11-18,인천,23.291428571428572,15.252225519287833,4.9,1.0,62.5,1010.2,11.394455994455992,11,3,5,9.498,11.618434093161547
2023-11-19,인천,42.52471482889734,25.360576923076923,3.6,7.1,69.0,1009.1,11.394455994455992,11,3,6,15.252225519287833,12.195804195804195
2023-11-20,인천,29.60970873786408,17.665989847715736,2.2,6.5,56.0,1015.2,11.394455994455992,11,3,0,25.360576923076923,13.360453141091659
2023-11-21,인천,41.80670611439842,26.200815494393478,1.4,8.0,64.6,1013.4,11.394455994455992,11,3,1,17.665989847715736,17.77938144329897
2023-11-22,인천,45.02876984126984,30.46215139442231,2.5,10.4,71.4,1008.0,11.394455994455992,11,3,2,26.200815494393478,34.78790882061447
2023-11-23,인천,99.1880424300868,54.25990338164251,3.9,9.2,76.6,1006.2,0.0,11,3,3,30.46215139442231,34.50561797752809
2023-11-24,인천,17.587727708533077,9.603980099502488,4.6,-1.4,56.4,1020.7,11.394455994455992,11,3,4,54.25990338164251,9.498
2023-11-25,인천,21.063627730294396,12.28238866396761,2.3,-1.8,46.5,1024.3,11.394455994455992,11,3,5,9.603980099502488,15.252225519287833
2023-11-26,인천,28.30513307984791,19.605703048180924,1.8,3.6,44.8,1016.2,0.0,11,3,6,12.28238866396761,25.360576923076923
2023-11-27,인천,43.97991967871486,28.180360721442884,3.7,6.7,80.9,1005.8,4.6,11,3,0,19.605703048180924,17.665989847715736
2023-11-28,인천,26.60019743336624,16.88080808080808,3.6,1.2,59.6,1013.3,0.0,11,3,1,28.180360721442884,26.200815494393478
2023-11-29,인천,20.2897384305835,12.079365079365079,3.1,-0.9,60.5,1017.0,0.0,11,3,2,16.88080808080808,30.46215139442231
2023-11-30,인천,20.00199401794616,9.880324543610548,4.1,-3.9,51.4,1020.5,11.394455994455992,11,3,3,12.079365079365079,54.25990338164251
2023-12-01,인천,25.638013371537728,13.617760617760618,2.5,-2.7,55.8,1018.2,11.394455994455992,12,4,4,9.880324543610548,9.603980099502488
2023-12-02,인천,38.00569800569801,22.21883920076118,3.6,2.8,59.9,1016.1,0.0,12,4,5,13.617760617760618,12.28238866396761
2023-12-03,인천,36.789373814041745,23.67468719923003,2.1,1.0,56.1,1018.3,11.394455994455992,12,4,6,22.21883920076118,19.605703048180924
2023-12-04,인천,42.12843137254902,27.904382470119522,1.9,3.9,59.0,1013.4,11.394455994455992,12,4,0,23.67468719923003,28.180360721442884
2023-12-05,인천,54.67432567432567,34.52935323383085,1.9,7.0,55.0,1008.9,11.394455994455992,12,4,1,27.904382470119522,16.88080808080808
2023-12-06,인천,75.33432835820895,54.25771144278607,3.3,7.5,72.4,1001.6,2.5,12,4,2,34.52935323383085,12.079365079365079
2023-12-07,인천,72.38824662813101,20.33686236766121,3.5,7.2,63.0,1006.2,11.394455994455992,12,4,3,54.25771144278607,9.880324543610548
2023-12-08,인천,88.86341929321873,27.10028653295129,5.3,11.6,72.8,1004.5,11.394455994455992,12,4,4,20.33686236766121,13.617760617760618
2023-12-09,인천,71.85497630331754,31.49905303030303,2.6,12.2,86.9,1009.2,11.394455994455992,12,4,5,27.10028653295129,22.21883920076118
2023-12-10,인천,62.619905213270144,25.482464454976302,3.3,9.1,52.5,1014.6,0.0,12,4,6,31.49905303030303,23.67468719923003
2023-12-11,인천,13.576482830385016,7.2043243243243245,5.0,8.5,84.8,1008.8,13.4,12,4,0,25.482464454976302,27.904382470119522
2023-12-12,인천,13.381203801478353,6.394594594594595,3.5,4.5,77.0,1013.1,0.0,12,4,1,7.2043243243243245,34.52935323383085
2023-12-13,인천,25.898321816386968,14.823053589484328,2.1,7.0,72.3,1019.2,11.394455994455992,12,4,2,6.394594594594595,54.25771144278607
2023-12-14,인천,15.685222672064777,10.064345991561181,4.2,7.7,85.8,1013.7,17.0,12,4,3,14.823053589484328,20.33686236766121
2023-12-15,인천,8.739756367663345,5.3478260869565215,3.8,4.6,94.8,1004.1,27.3,12,4,4,10.064345991561181,27.10028653295129
2023-12-16,인천,19.941634241245136,11.90241448692153,6.3,-4.2,71.8,1014.2,0.3,12,4,5,5.3478260869565215,31.49905303030303
2023-12-17,인천,14.75462512171373,9.308731808731808,4.5,-9.7,51.6,1025.5,11.394455994455992,12,4,6,11.90241448692153,25.482464454976302
2023-12-18,인천,18.790628115653043,10.226114649681529,2.6,-7.8,44.9,1026.3,11.394455994455992,12,4,0,9.308731808731808,7.2043243243243245
2023-12-19,인천,31.42141453831041,20.2625250501002,1.6,-3.9,62.6,1019.9,0.1,12,4,1,10.226114649681529,6.394594594594595
2023-12-20,인천,38.966599190283404,27.036511156186613,4.9,-7.8,66.8,1019.2,0.2,12,4,2,20.2625250501002,14.823053589484328
2023-12-21,인천,20.077639751552795,13.708820403825717,4.1,-11.6,60.8,1022.1,11.394455994455992,12,4,3,27.036511156186613,10.064345991561181
2023-12-22,인천,21.193170731707315,12.630784708249497,3.5,-11.5,56.3,1027.8,11.394455994455992,12,4,4,13.708820403825717,5.3478260869565215
2023-12-23,인천,29.841802492809204,20.60295566502463,1.7,-6.3,57.0,1028.0,0.0,12,4,5,12.630784708249497,11.90241448692153
2023-12-24,인천,34.30246305418719,27.820224719101123,1.7,-2.5,78.4,1022.2,1.3,12,4,6,20.60295566502463,9.308731808731808
2023-12-25,인천,37.872549019607845,30.41897233201581,2.2,-0.3,74.6,1020.0,0.2,12,4,0,27.820224719101123,10.226114649681529
2023-12-26,인천,50.5261569416499,36.64314115308151,2.6,2.5,70.8,1020.6,11.394455994455992,12,4,1,30.41897233201581,20.2625250501002
2023-12-27,인천,83.3135509396637,64.54482758620689,1.8,1.0,78.5,1022.0,11.394455994455992,12,4,2,36.64314115308151,27.036511156186613
2023-12-28,인천,47.77126099706745,37.372161895360314,1.7,1.3,71.6,1020.3,11.394455994455992,12,4,3,64.54482758620689,13.708820403825717
2023-12-29,인천,47.54536489151874,36.888888888888886,1.3,1.7,72.9,1018.7,11.394455994455992,12,4,4,37.372161895360314,12.630784708249497
2023-12-30,인천,43.930898321816386,35.814516129032256,2.2,1.6,89.1,1008.9,10.5,12,4,5,36.888888888888886,20.60295566502463
2023-12-31,인천,32.3420523138833,25.79339723109691,3.1,2.8,89.6,1009.4,3.1,12,4,6,35.814516129032256,27.820224719101123
2024-10-01,인천,15.607766990291262,7.687054026503568,3.6,18.5,68.8,1004.3,2.2,10,3,1,25.79339723109691,30.41897233201581
2024-10-02,인천,18.69573835480674,8.48712667353244,3.2,15.2,46.1,1011.2,11.394455994455992,10,3,2,7.687054026503568,36.64314115308151
2024-10-03,인천,20.7353515625,10.338842975206612,2.1,16.5,58.5,1014.1,11.394455994455992,10,3,3,8.48712667353244,64.54482758620689
2024-10-04,인천,20.75074478649454,10.54230377166157,2.1,17.8,60.8,1016.1,11.394455994455992,10,3,4,10.338842975206612,37.372161895360314
2024-10-05,인천,30.24850894632207,15.689453125,2.0,18.1,58.0,1015.1,11.394455994455992,10,3,5,10.54230377166157,36.888888888888886
2024-10-06,인천,30.151072124756336,17.53405725567621,1.5,15.8,73.5,1012.6,0.1,10,3,6,15.689453125,35.814516129032256
2024-10-07,인천,47.756423432682425,27.58098223615465,1.5,17.6,73.5,1009.6,11.394455994455992,10,3,0,17.53405725567621,25.79339723109691
2024-10-08,인천,57.40329218106996,33.76452282157676,2.2,18.2,73.6,1008.9,11.394455994455992,10,3,1,27.58098223615465,7.687054026503568
2024-10-09,인천,18.908023483365948,9.698428290766207,1.8,19.4,62.4,1008.0,11.394455994455992,10,3,2,33.76452282157676,8.48712667353244
2024-10-10,인천,22.414959016393443,12.660770031217481,2.2,19.3,67.0,1007.0,0.0,10,3,3,9.698428290766207,10.338842975206612
2024-10-11,인천,38.09356136820926,23.829166666666666,1.9,18.9,70.3,1010.4,11.394455994455992,10,3,4,12.660770031217481,10.54230377166157
2024-10-12,인천,34.68664047151277,20.927855711422847,1.8,18.4,64.4,1015.1,11.394455994455992,10,3,5,23.829166666666666,15.689453125
2024-10-13,인천,31.948969578017664,20.20240480961924,1.6,19.2,64.6,1014.9,11.394455994455992,10,3,6,20.927855711422847,17.53405725567621
2024-10-14,인천,20.834517766497463,10.861821903787103,2.2,19.8,66.6,1010.9,0.0,10,3,0,20.20240480961924,27.58098223615465
2024-10-15,인천,21.669421487603305,15.066037735849056,1.6,19.5,86.5,1009.7,0.5,10,3,1,10.861821903787103,33.76452282157676
2024-10-16,인천,45.85482233502538,28.91995841995842,1.9,17.5,81.8,1014.7,11.394455994455992,10,3,2,15.066037735849056,9.698428290766207
2024-10-17,인천,47.06336633663366,27.75378405650858,1.7,19.4,70.9,1013.7,11.394455994455992,10,3,3,28.91995841995842,12.660770031217481
2024-10-18,인천,23.44083969465649,13.374142997061703,2.5,17.3,86.1,1005.6,67.4,10,3,4,27.75378405650858,23.829166666666666
2024-10-19,인천,15.34167468719923,8.477294685990339,4.0,16.5,75.5,1011.0,0.3,10,3,5,13.374142997061703,20.927855711422847
2024-10-20,인천,13.269673704414588,5.179290508149569,3.4,13.9,52.6,1021.9,11.394455994455992,10,3,6,8.477294685990339,20.20240480961924
2024-10-21,인천,20.247553816046967,7.962172647914646,1.9,14.9,65.1,1016.0,0.3,10,3,0,5.179290508149569,10.861821903787103
2024-10-22,인천,17.135969141755062,9.635458167330677,2.4,16.0,88.5,1006.3,11.0,10,3,1,7.962172647914646,15.066037735849056
2024-10-23,인천,16.666025024061597,8.094449853943525,4.3,12.7,71.4,1008.6,0.2,10,3,2,9.635458167330677,28.91995841995842
2024-10-24,인천,28.858812074001946,16.509881422924902,2.2,13.1,69.4,1014.7,11.394455994455992,10,3,3,8.094449853943525,27.75378405650858
2024-10-25,인천,35.6583912611718,20.933801404212637,1.9,15.5,67.0,1016.7,11.394455994455992,10,3,4,16.509881422924902,13.374142997061703
2024-10-26,인천,29.48228346456693,17.304780876494025,1.8,18.1,66.6,1012.5,11.394455994455992,10,3,5,20.933801404212637,8.477294685990339
2024-10-27,인천,36.866273352999016,24.12039800995025,1.9,16.3,78.4,1006.1,0.0,10,3,6,17.304780876494025,5.179290508149569
2024-10-28,인천,52.86130653266331,36.23298969072165,1.5,15.7,77.5,1007.1,0.0,10,3,0,24.12039800995025,7.962172647914646
2024-10-29,인천,19.843811394891944,10.018774703557312,1.8,15.3,66.5,1010.5,0.1,10,3,1,36.23298969072165,9.635458167330677
2024-10-30,인천,32.116533864541836,19.357425742574257,1.9,15.2,75.9,1014.8,11.394455994455992,10,3,2,10.018774703557312,8.094449853943525
2024-10-31,인천,43.014591439688715,27.781947261663287,1.6,16.3,71.4,1015.0,11.394455994455992,10,3,3,19.357425742574257,16.509881422924902
2024-11-01,인천,54.07115009746589,33.19775739041794,1.6,16.0,69.9,1011.4,11.394455994455992,11,3,4,27.781947261663287,20.933801404212637
2024-11-02,인천,39.08487804878049,24.248715313463514,2.7,17.9,62.6,1010.3,11.394455994455992,11,3,5,33.19775739041794,17.304780876494025
2024-11-03,인천,29.690127077223853,18.613566289825282,2.5,18.2,74.4,1013.2,11.394455994455992,11,3,6,24.248715313463514,24.12039800995025
2024-11-04,인천,28.313313313313312,14.396711202466598,3.5,14.8,63.3,1012.8,11.394455994455992,11,3,0,18.613566289825282,36.23298969072165
2024-11-05,인천,27.45020325203252,10.670550847457626,3.6,9.3,46.6,1014.7,11.394455994455992,11,3,1,14.396711202466598,10.018774703557312
2024-11-06,인천,29.09861932938856,13.668545659526494,3.1,7.8,44.5,1018.5,11.394455994455992,11,3,2,10.670550847457626,19.357425742574257
2024-11-07,인천,40.69788519637462,20.258583690987123,2.1,8.1,45.3,1021.8,11.394455994455992,11,3,3,13.668545659526494,27.781947261663287
2024-11-08,인천,43.06256015399423,24.018811881188117,2.2,10.2,49.3,1020.1,11.394455994455992,11,3,4,20.258583690987123,33.19775739041794
2024-11-09,인천,38.440384615384616,22.5,1.9,12.9,56.6,1018.4,11.394455994455992,11,3,5,24.018811881188117,24.248715313463514
2024-11-10,인천,32.45195052331113,20.987242394504417,1.7,14.6,68.4,1014.2,11.394455994455992,11,3,6,22.5,18.613566289825282
2024-11-11,인천,61.2962962962963,35.190190190190194,2.0,14.2,66.8,1012.0,11.394455994455992,11,3,0,20.987242394504417,14.396711202466598
2024-11-12,인천,32.79939819458375,19.016227180527384,2.1,14.0,69.5,1011.8,11.394455994455992,11,3,1,35.190190190190194,10.670550847457626
2024-11-13,인천,51.895976447497546,29.25711481844946,1.8,14.3,66.8,1014.1,11.394455994455992,11,3,2,19.016227180527384,13.668545659526494
2024-11-14,인천,44.98529411764706,24.668307086614174,1.8,15.4,66.9,1012.1,0.1,11,3,3,29.25711481844946,20.258583690987123
2024-11-15,인천,30.57838364167478,18.24704724409449,1.7,17.0,65.9,1010.5,0.1,11,3,4,24.668307086614174,24.018811881188117
2024-11-16,인천,21.333654773384765,13.379821958456974,2.9,16.5,76.4,1008.1,5.8,11,3,5,18.24704724409449,22.5
2024-11-17,인천,19.08728652751423,8.630975143403441,5.6,7.0,43.3,1016.2,11.394455994455992,11,3,6,13.379821958456974,20.987242394504417
2024-11-18,인천,20.273972602739725,8.11439842209073,4.3,2.8,31.1,1024.5,11.394455994455992,11,3,0,8.630975143403441,35.190190190190194
2024-11-19,인천,29.559585492227978,14.82949790794979,1.8,4.9,52.5,1021.6,11.394455994455992,11,3,1,8.11439842209073,19.016227180527384
2024-11-20,인천,43.7890625,26.647410358565736,1.5,6.9,64.3,1016.0,0.7,11,3,2,14.82949790794979,29.25711481844946
2024-11-21,인천,53.25990338164251,35.286417322834644,2.8,10.1,74.9,1011.7,0.0,11,3,3,26.647410358565736,24.668307086614174
2024-11-22,인천,30.884761904761906,15.931363203050525,3.6,6.5,46.6,1015.5,11.394455994455992,11,3,4,35.286417322834644,18.24704724409449
2024-11-23,인천,28.07442748091603,15.756782945736434,2.3,6.5,46.9,1019.6,11.394455994455992,11,3,5,15.931363203050525,13.379821958456974
2024-11-24,인천,24.830931796349663,15.567251461988304,2.0,7.5,57.6,1021.1,11.394455994455992,11,3,6,15.756782945736434,8.630975143403441
2024-11-25,인천,29.987354085603112,16.423563777994158,2.9,11.2,55.0,1014.5,11.394455994455992,11,3,0,15.567251461988304,8.11439842209073
2024-11-26,인천,11.875992063492063,5.982528263103803,4.9,6.2,83.9,1003.7,21.7,11,3,1,16.423563777994158,14.82949790794979
2024-11-27,인천,9.615533980582525,6.213319458896982,3.2,-0.3,94.8,1003.1,25.1,11,3,2,5.982528263103803,26.647410358565736
2024-11-28,인천,17.518199233716476,11.601805416248746,2.7,0.9,84.0,1002.8,8.5,11,3,3,6.213319458896982,35.286417322834644
2024-11-29,인천,29.04747774480712,16.564532019704433,1.9,1.1,75.8,1004.9,0.2,11,3,4,11.601805416248746,15.931363203050525
2024-11-30,인천,24.721639656816016,14.28214971209213,2.1,3.8,76.9,1006.9,0.0,11,3,5,16.564532019704433,15.756782945736434
2023-01-08,전남,115.51703577512777,31.584708948740225,3.0,4.6,59.6,1016.8,11.394455994455992,1,4,6,49.36750651607298,37.23822222222222
2023-01-09,전남,75.24211423699914,29.95644599303136,3.4,7.3,66.3,1015.1,11.394455994455992,1,4,0,31.584708948740225,7.1364902506963785
2023-01-10,전남,48.284372331340734,23.203287197231834,3.0,6.6,59.1,1019.7,11.394455994455992,1,4,1,29.95644599303136,9.280952380952382
2023-01-11,전남,34.891304347826086,19.005291005291006,2.2,7.3,73.0,1017.6,11.394455994455992,1,4,2,23.203287197231834,18.21557454890788
2023-01-12,전남,30.242869490060503,16.502669039145907,2.2,9.4,75.1,1014.5,4.7,1,4,3,19.005291005291006,48.291666666666664
2023-01-13,전남,11.076279069767441,6.717868338557993,3.8,14.7,91.1,1003.9,58.3,1,4,4,16.502669039145907,68.40472027972028
2023-01-14,전남,15.716606498194945,9.45578231292517,1.9,10.7,92.6,1004.2,9.2,1,4,5,6.717868338557993,49.36750651607298
2023-01-15,전남,18.224452554744527,8.655017921146953,7.1,3.5,76.1,1008.1,0.5,1,4,6,9.45578231292517,31.584708948740225
2023-01-16,전남,17.14834673815907,7.813117699910153,8.3,-0.2,48.8,1013.9,11.394455994455992,1,4,0,8.655017921146953,29.95644599303136
2023-01-17,전남,18.148017621145375,9.662769784172662,4.8,0.3,45.0,1016.6,11.394455994455992,1,4,1,7.813117699910153,23.203287197231834
2023-01-18,전남,43.94960212201592,23.42188879082083,3.4,2.3,57.1,1017.5,11.394455994455992,1,4,2,9.662769784172662,19.005291005291006
2023-01-19,전남,54.93315743183817,22.808988764044944,2.9,2.8,55.1,1016.3,11.394455994455992,1,4,3,23.42188879082083,16.502669039145907
2023-01-20,전남,66.09115044247788,18.917748917748916,6.2,2.2,48.9,1018.0,11.394455994455992,1,4,4,22.808988764044944,6.717868338557993
2023-01-21,전남,18.16137566137566,8.062117235345582,3.1,0.0,45.3,1020.7,11.394455994455992,1,4,5,18.917748917748916,9.45578231292517
2023-01-22,전남,19.565101860053144,10.859649122807017,5.0,3.0,45.6,1016.8,11.394455994455992,1,4,6,8.062117235345582,8.655017921146953
2023-01-23,전남,39.91076115485564,19.81637931034483,4.6,4.9,55.0,1012.7,11.394455994455992,1,4,0,10.859649122807017,7.813117699910153
2023-01-24,전남,23.870471014492754,9.315882874889086,8.9,-6.4,41.1,1017.2,0.0,1,4,1,19.81637931034483,9.662769784172662
2023-01-25,전남,9.716873212583414,5.317214700193424,4.6,-6.2,29.1,1020.6,11.394455994455992,1,4,2,9.315882874889086,23.42188879082083
2023-01-26,전남,19.26114081996435,11.246024321796071,2.5,0.7,55.8,1015.3,11.394455994455992,1,4,3,5.317214700193424,22.808988764044944
2023-01-27,전남,28.524734982332156,13.118570183086312,6.4,-1.4,42.9,1012.7,11.394455994455992,1,4,4,11.246024321796071,18.917748917748916
2023-01-28,전남,27.07038626609442,10.141135972461274,5.0,-2.1,48.0,1014.2,11.394455994455992,1,4,5,13.118570183086312,8.062117235345582
2023-01-29,전남,46.47692307692308,12.933448573898012,4.2,2.2,56.0,1012.6,11.394455994455992,1,4,6,10.141135972461274,10.859649122807017
2023-01-30,전남,37.859094790777114,11.339805825242719,6.4,2.8,31.4,1014.6,11.394455994455992,1,4,0,12.933448573898012,19.81637931034483
2023-01-31,전남,27.977430555555557,12.46023235031278,2.0,3.9,54.9,1012.0,11.394455994455992,1,4,1,11.339805825242719,9.315882874889086
2023-02-01,전남,42.691762621789195,19.826126126126127,5.5,6.5,53.0,1009.6,11.394455994455992,2,4,2,12.46023235031278,5.317214700193424
2023-02-02,전남,31.540734109221127,12.649867374005305,3.1,3.0,37.1,1016.0,11.394455994455992,2,4,3,19.826126126126127,11.246024321796071
2023-02-03,전남,27.525089605734767,13.087445887445888,3.9,3.8,32.5,1013.3,11.394455994455992,2,4,4,12.649867374005305,13.118570183086312
2023-02-04,전남,35.339771729587355,21.07625649913345,6.4,3.3,37.3,1015.8,11.394455994455992,2,4,5,13.087445887445888,10.141135972461274
2023-02-05,전남,41.495956873315365,28.5678793256433,1.8,3.5,51.4,1016.5,11.394455994455992,2,4,6,21.07625649913345,12.933448573898012
2023-02-06,전남,37.898804047838084,25.544144144144145,2.3,5.3,40.5,1013.2,11.394455994455992,2,4,0,28.5678793256433,11.339805825242719
2023-02-07,전남,47.803746654772524,31.9375,3.4,8.3,47.4,1011.4,11.394455994455992,2,4,1,25.544144144144145,12.46023235031278
2023-02-08,전남,54.12920837124659,36.311270125223615,4.2,7.8,38.8,1016.5,11.394455994455992,2,4,2,31.9375,19.826126126126127
2023-02-09,전남,41.5514705882353,27.617001828153565,6.5,-99.0,67.392168755897,1009.249070331447,10.0,2,4,3,36.311270125223615,12.649867374005305
2023-02-10,전남,16.5977549111319,11.620192307692308,5.7,6.0,74.1,1010.7,21.0,2,4,4,27.617001828153565,13.087445887445888
2023-02-11,전남,35.189565217391305,26.30392156862745,2.6,5.9,70.0,1014.8,11.394455994455992,2,4,5,11.620192307692308,21.07625649913345
2023-02-12,전남,37.64660361134996,28.68611847922193,3.9,6.5,72.0,1011.6,1.1,2,4,6,26.30392156862745,28.5678793256433
2023-02-13,전남,39.39168877099912,26.88849241748439,4.4,7.5,73.0,1008.4,0.1,2,4,0,28.68611847922193,25.544144144144145
2023-02-14,전남,38.132860938883965,24.55390008764242,3.3,6.5,59.0,1012.5,11.394455994455992,2,4,1,26.88849241748439,31.9375
2023-02-15,전남,27.756457564575644,17.40814479638009,5.3,4.8,62.8,1019.8,11.394455994455992,2,4,2,24.55390008764242,36.311270125223615
2023-02-16,전남,25.602220166512488,17.206481481481482,3.1,5.4,67.9,1022.1,11.394455994455992,2,4,3,17.40814479638009,27.617001828153565
2023-02-17,전남,31.287011807447776,21.078395624430264,1.8,5.7,71.5,1018.9,1.0,2,4,4,17.206481481481482,11.620192307692308
2023-02-18,전남,42.7207615593835,28.978817299205648,2.6,7.7,88.4,1011.8,0.5,2,4,5,21.078395624430264,26.30392156862745
2023-02-19,전남,31.672477064220182,19.91942703670546,7.3,7.0,56.6,1010.2,0.5,2,4,6,28.978817299205648,28.68611847922193
2023-02-20,전남,34.017921146953405,9.113718411552346,7.0,3.0,40.0,1017.1,11.394455994455992,2,4,0,19.91942703670546,26.88849241748439
2023-02-21,전남,24.642290748898677,11.87846291331546,3.9,1.1,38.8,1024.6,11.394455994455992,2,4,1,9.113718411552346,24.55390008764242
2023-02-22,전남,25.403079710144926,14.250224215246638,3.8,5.9,56.4,1021.3,0.4,2,4,2,11.87846291331546,17.40814479638009
2023-02-23,전남,23.12397447584321,14.106542056074767,2.8,7.0,67.1,1014.5,2.1,2,4,3,14.250224215246638,17.206481481481482
2023-02-24,전남,50.441306266548985,30.459627329192546,4.8,8.4,36.8,1014.3,11.394455994455992,2,4,4,14.106542056074767,21.078395624430264
2023-02-25,전남,26.876444444444445,12.1543321299639,8.3,3.3,36.9,1021.6,11.394455994455992,2,4,5,30.459627329192546,28.978817299205648
2023-02-26,전남,26.90989399293286,14.229223744292238,2.9,3.9,41.4,1027.4,11.394455994455992,2,4,6,12.1543321299639,19.91942703670546
2023-02-27,전남,34.63544536271809,22.272304832713754,2.5,6.2,56.0,1025.9,11.394455994455992,2,4,0,14.229223744292238,9.113718411552346
2023-02-28,전남,25.69007490636704,15.781278127812781,3.4,8.9,62.8,1019.7,11.394455994455992,2,4,1,22.272304832713754,11.87846291331546
2023-03-01,전남,29.361683079677707,16.707359307359308,3.8,9.0,58.5,1013.4,0.2,3,1,2,15.781278127812781,14.250224215246638
2023-03-02,전남,36.86762075134168,10.15008576329331,6.1,4.9,28.8,1018.3,11.394455994455992,3,1,3,16.707359307359308,14.106542056074767
2023-03-03,전남,34.74759825327511,13.00376293508937,2.9,6.1,40.0,1019.2,11.394455994455992,3,1,4,10.15008576329331,30.459627329192546
2023-03-04,전남,58.26746166950596,30.21206225680934,1.8,9.2,47.5,1019.6,11.394455994455992,3,1,5,13.00376293508937,12.1543321299639
2023-03-05,전남,61.21513605442177,34.48823529411764,2.2,9.4,60.1,1019.3,11.394455994455992,3,1,6,30.21206225680934,14.229223744292238
2023-03-06,전남,54.996524761077325,30.279383429672446,3.2,9.9,65.3,1016.1,11.394455994455992,3,1,0,34.48823529411764,22.272304832713754
2023-03-07,전남,48.93559617058312,22.52049571020019,3.0,11.6,65.9,1014.7,11.394455994455992,3,1,1,30.279383429672446,15.781278127812781
2023-03-08,전남,47.301418439716315,20.735926305015354,2.6,13.1,66.9,1013.3,11.394455994455992,3,1,2,22.52049571020019,16.707359307359308
2023-03-09,전남,50.310564663023676,26.876861966236344,2.5,14.7,76.3,1008.2,0.7,3,1,3,20.735926305015354,10.15008576329331
2023-03-10,전남,75.03467153284672,34.483043079743354,1.9,12.7,76.8,1012.7,11.394455994455992,3,1,4,26.876861966236344,13.00376293508937
2023-03-11,전남,89.09017857142857,39.710144927536234,1.5,12.3,88.0,1015.4,11.394455994455992,3,1,5,34.483043079743354,30.21206225680934
2023-03-12,전남,50.255645889792234,24.65148861646235,5.6,9.0,76.4,1012.3,5.7,3,1,6,39.710144927536234,34.48823529411764
2023-03-13,전남,35.689908256880734,9.151832460732985,4.9,5.3,37.5,1014.8,11.394455994455992,3,1,0,24.65148861646235,30.279383429672446
2023-03-14,전남,44.017179023508135,11.320901994796184,2.4,9.0,56.1,1012.9,11.394455994455992,3,1,1,9.151832460732985,22.52049571020019
2023-03-15,전남,27.29551692589204,10.542418772563177,2.6,13.5,71.3,1013.3,11.394455994455992,3,1,2,11.320901994796184,20.735926305015354
2023-03-16,전남,55.93045112781955,11.890334572490707,3.4,11.5,49.0,1016.9,11.394455994455992,3,1,3,10.542418772563177,26.876861966236344
2023-03-17,전남,45.90791896869245,15.904936014625228,3.6,10.2,52.6,1014.1,11.394455994455992,3,1,4,11.890334572490707,34.483043079743354
2023-03-18,전남,42.44097222222222,17.838541666666668,3.7,11.4,49.5,1009.8,11.394455994455992,3,1,5,15.904936014625228,39.710144927536234
2023-03-19,전남,71.43663194444444,35.052951388888886,3.8,10.4,49.6,1011.6,11.394455994455992,3,1,6,17.838541666666668,24.65148861646235
2023-03-20,전남,64.9858407079646,33.227555555555554,2.4,11.3,61.0,1008.4,11.394455994455992,3,1,0,35.052951388888886,9.151832460732985
2023-03-21,전남,51.944736842105264,22.866190900981266,3.0,13.4,65.9,1004.2,11.394455994455992,3,1,1,33.227555555555554,11.320901994796184
2023-03-22,전남,25.3292469352014,14.921818181818182,4.8,14.8,83.9,1002.2,3.8,3,1,2,22.866190900981266,10.542418772563177
2023-03-23,전남,45.50605778191985,17.518913676042676,2.6,15.7,92.5,997.9,23.9,3,1,3,14.921818181818182,11.890334572490707
2023-03-24,전남,74.19616390584133,18.867805755395683,1.7,12.3,91.4,1007.2,13.2,3,1,4,17.518913676042676,15.904936014625228
2023-03-25,전남,69.72363945578232,18.275449101796408,4.1,11.0,74.5,1010.6,0.9,3,1,5,18.867805755395683,17.838541666666668
2023-03-26,전남,56.19080068143101,17.054054054054053,3.6,11.7,61.9,1008.2,0.3,3,1,6,18.275449101796408,35.052951388888886
2023-03-27,전남,34.92560553633218,13.03494623655914,4.4,10.6,33.0,1012.3,11.394455994455992,3,1,0,17.054054054054053,33.227555555555554
2023-03-28,전남,65.96286701208982,27.562610229276896,2.6,11.6,52.8,1015.9,11.394455994455992,3,1,1,13.03494623655914,22.866190900981266
2023-03-29,전남,86.56368330464716,39.08978873239437,1.8,12.6,61.3,1014.3,11.394455994455992,3,1,2,27.562610229276896,14.921818181818182
2023-03-30,전남,64.92146596858639,32.08922261484099,2.1,13.8,56.4,1011.5,11.394455994455992,3,1,3,39.08978873239437,17.518913676042676
2023-03-31,전남,52.553173241852484,25.11320754716981,2.3,16.0,40.9,1009.9,11.394455994455992,3,1,4,32.08922261484099,18.867805755395683
2023-04-01,전남,55.22212765957447,27.54344122657581,3.5,15.9,47.4,1008.3,11.394455994455992,4,1,5,25.11320754716981,18.275449101796408
2023-04-02,전남,44.197435897435895,25.561855670103093,5.5,15.8,44.4,1010.4,11.394455994455992,4,1,6,27.54344122657581,17.054054054054053
2023-04-03,전남,38.64798598949212,21.91132572431958,6.0,14.6,50.9,1014.4,11.394455994455992,4,1,0,25.561855670103093,13.03494623655914
2023-04-04,전남,25.646246764452115,11.701048951048952,4.2,14.5,71.6,1012.4,4.7,4,1,1,21.91132572431958,27.562610229276896
2023-04-05,전남,18.327338129496404,11.013487475915221,6.1,14.4,89.3,1004.1,46.4,4,1,2,11.701048951048952,39.08978873239437
2023-04-06,전남,62.4198606271777,54.12449799196787,4.6,11.3,77.9,1003.9,3.9,4,1,3,11.013487475915221,32.08922261484099
2023-04-07,전남,57.05603448275862,36.6687898089172,6.4,11.4,53.4,1006.5,0.8,4,1,4,54.12449799196787,25.11320754716981
2023-04-08,전남,39.36936170212766,8.751065643648763,6.2,9.8,35.0,1012.4,11.394455994455992,4,1,5,36.6687898089172,27.54344122657581
2023-04-09,전남,69.4536170212766,12.434412265758091,4.1,12.3,42.5,1012.0,11.394455994455992,4,1,6,8.751065643648763,25.561855670103093
2023-04-10,전남,39.76055124892334,9.238547968885047,3.1,13.1,57.5,1010.1,11.394455994455992,4,1,0,12.434412265758091,21.91132572431958
2023-04-11,전남,31.534843205574912,11.498701298701299,4.1,16.0,78.8,1006.0,0.0,4,1,1,9.238547968885047,11.701048951048952
2023-04-12,전남,259.0778652668416,34.90105078809107,4.9,15.0,23.0,1008.8,11.394455994455992,4,1,2,11.498701298701299,11.013487475915221
2023-04-13,전남,122.14298093587522,19.751313485113837,3.1,14.1,42.0,1010.5,11.394455994455992,4,1,3,34.90105078809107,54.12449799196787
2023-04-14,전남,48.746770025839794,14.524263431542462,2.5,13.5,83.5,1006.0,8.4,4,1,4,19.751313485113837,36.6687898089172
2023-04-15,전남,32.81196581196581,13.764552562988705,3.7,14.7,72.9,996.7,0.5,4,1,5,14.524263431542462,8.751065643648763
2023-04-16,전남,92.06377551020408,25.84936170212766,3.6,13.0,62.5,997.9,0.0,4,1,6,13.764552562988705,12.434412265758091
2023-04-17,전남,88.85677083333333,23.447140381282495,2.8,13.5,59.1,1008.8,11.394455994455992,4,1,0,25.84936170212766,9.238547968885047
2023-04-18,전남,57.38515283842795,18.20248667850799,4.0,17.0,85.5,1004.6,11.394455994455992,4,1,1,23.447140381282495,11.498701298701299
2023-04-19,전남,26.731597845601435,14.826800364630811,1.6,16.6,93.9,1002.9,0.8,4,1,2,18.20248667850799,34.90105078809107
2023-04-20,전남,30.740708729472775,14.060579455662863,2.3,18.7,76.5,1001.7,11.394455994455992,4,1,3,14.826800364630811,19.751313485113837
2023-04-21,전남,76.25305410122164,20.13529921942758,2.8,18.1,64.0,1002.9,11.394455994455992,4,1,4,14.060579455662863,14.524263431542462
2023-04-22,전남,213.80851063829786,33.72743055555556,5.8,14.8,43.0,1011.0,11.394455994455992,4,1,5,20.13529921942758,13.764552562988705
2023-04-23,전남,97.18978723404256,20.812445980985306,4.8,13.9,49.6,1014.8,11.394455994455992,4,1,6,33.72743055555556,25.84936170212766
2023-04-24,전남,34.8334756618275,12.584760273972602,5.1,13.4,55.0,1015.6,0.1,4,1,0,20.812445980985306,23.447140381282495
2023-04-25,전남,22.645359019264447,11.63888888888889,4.7,10.4,79.6,1007.0,8.1,4,1,1,12.584760273972602,18.20248667850799
2023-04-26,전남,27.911738746690204,12.653061224489797,5.7,12.4,56.3,1006.1,11.394455994455992,4,1,2,11.63888888888889,14.826800364630811
2023-04-27,전남,28.569176882661996,14.396109637488948,2.9,13.8,70.3,1012.9,11.394455994455992,4,1,3,12.653061224489797,14.060579455662863
2023-04-28,전남,28.224152910512597,13.960869565217392,1.9,15.9,79.1,1010.1,0.2,4,1,4,14.396109637488948,20.13529921942758
2023-04-29,전남,26.55440414507772,12.139090909090909,5.4,15.8,87.4,1000.6,10.2,4,1,5,13.960869565217392,33.72743055555556
2023-04-30,전남,37.41773231031543,12.204099060631938,6.2,14.8,52.5,1004.0,11.394455994455992,4,1,6,12.139090909090909,20.812445980985306
2023-05-01,전남,42.9190800681431,16.18143100511073,3.9,16.2,52.1,1009.5,11.394455994455992,5,1,0,12.204099060631938,12.584760273972602
2023-05-02,전남,30.94779477947795,14.292812777284826,2.0,16.3,57.3,1015.7,11.394455994455992,5,1,1,16.18143100511073,11.63888888888889
2023-05-03,전남,30.021978021978022,15.1386925795053,1.8,16.2,75.4,1014.9,0.5,5,1,2,14.292812777284826,12.653061224489797
2023-05-04,전남,16.234601449275363,8.381715362865222,3.1,16.1,88.9,1008.5,66.5,5,1,3,15.1386925795053,14.396109637488948
2023-05-05,전남,10.078578110383535,4.459940652818991,9.7,20.0,93.6,997.4,152.0,5,1,4,8.381715362865222,13.960869565217392
2023-05-06,전남,9.869486948694869,4.936251189343483,5.4,15.5,94.1,997.5,2.2,5,1,5,4.459940652818991,12.139090909090909
2023-05-07,전남,17.689320388349515,12.338068181818182,8.3,11.9,79.6,1002.1,5.0,5,1,6,4.936251189343483,12.204099060631938
2023-05-08,전남,26.57182067703568,16.89087488240828,2.9,14.4,53.3,1008.6,11.394455994455992,5,1,0,12.338068181818182,16.18143100511073
2023-05-09,전남,31.944808231992518,17.955743879472692,2.5,16.3,62.3,1008.7,11.394455994455992,5,1,1,16.89087488240828,14.292812777284826
2023-05-10,전남,36.61572832886506,18.65646853146853,2.3,18.9,51.0,1008.6,11.394455994455992,5,1,2,17.955743879472692,15.1386925795053
2023-05-11,전남,39.41866666666667,22.336252189141856,1.9,17.5,66.5,1011.0,11.394455994455992,5,1,3,18.65646853146853,8.381715362865222
2023-05-12,전남,34.330071174377224,17.1148115687993,2.5,17.1,68.6,1010.0,0.0,5,1,4,22.336252189141856,4.459940652818991
2023-05-13,전남,18.19613016710642,10.29453262786596,2.4,15.6,83.9,1005.6,0.7,5,1,5,17.1148115687993,4.936251189343483
2023-05-14,전남,28.124780316344463,17.280104712041886,2.7,18.0,77.4,1002.0,11.394455994455992,5,1,6,10.29453262786596,12.338068181818182
2023-05-15,전남,36.64061096136568,22.76828193832599,1.8,18.3,77.8,1002.3,11.394455994455992,5,1,0,17.280104712041886,16.89087488240828
2023-05-16,전남,44.0999115826702,25.8359649122807,2.7,18.6,82.8,1005.2,11.394455994455992,5,1,1,22.76828193832599,17.955743879472692
2023-05-17,전남,33.05112651646447,18.04605845881311,2.1,19.8,88.1,1007.8,11.394455994455992,5,1,2,25.8359649122807,18.65646853146853
2023-05-18,전남,18.389473684210525,11.149212233549584,4.1,17.3,92.4,1002.4,46.0,5,1,3,18.04605845881311,22.336252189141856
2023-05-19,전남,14.866900175131349,7.6888297872340425,6.0,19.1,76.9,1000.7,0.0,5,1,4,11.149212233549584,17.1148115687993
2023-05-20,전남,26.244809688581316,15.389667250437828,2.4,18.6,82.4,1004.0,11.394455994455992,5,1,5,7.6888297872340425,10.29453262786596
2023-05-21,전남,16.163555555555554,8.022727272727273,4.5,20.8,68.5,1001.4,11.394455994455992,5,1,6,15.389667250437828,17.280104712041886
2023-05-22,전남,143.12576956904132,30.900436681222708,2.5,18.1,57.9,1000.3,0.3,5,1,0,8.022727272727273,22.76828193832599
2023-05-23,전남,97.01710171017102,25.620658949243097,1.8,17.4,74.1,1003.2,7.9,5,1,1,30.900436681222708,25.8359649122807
2023-05-24,전남,66.60164835164835,22.59578207381371,1.5,18.2,72.8,1007.6,11.394455994455992,5,1,2,25.620658949243097,18.04605845881311
2023-05-25,전남,39.93875685557587,15.787824529991047,2.1,18.8,67.6,1009.5,11.394455994455992,5,1,3,22.59578207381371,11.149212233549584
2023-05-26,전남,30.848214285714285,13.38854073410922,2.0,19.9,82.3,1011.5,0.0,5,1,4,15.787824529991047,7.6888297872340425
2023-05-27,전남,28.448510638297872,11.372331340734416,2.2,21.1,81.8,1011.0,11.394455994455992,5,1,5,13.38854073410922,15.389667250437828
2023-05-28,전남,16.691960252935864,6.074458058435439,4.6,20.7,94.6,1006.8,13.8,5,1,6,11.372331340734416,8.022727272727273
2023-05-29,전남,6.593567251461988,2.689247311827957,4.0,20.6,96.5,1003.2,9.0,5,1,0,6.074458058435439,30.900436681222708
2023-05-30,전남,9.592270531400967,5.518828451882845,2.7,18.8,95.1,1003.0,33.5,5,1,1,2.689247311827957,25.620658949243097
2023-05-31,전남,22.43118383060635,10.67624521072797,3.7,19.7,71.8,1003.4,1.8,5,1,2,5.518828451882845,22.59578207381371
2023-06-01,전남,21.681349578256796,11.65452847805789,3.3,18.1,81.0,999.4,2.6,6,2,3,10.67624521072797,15.787824529991047
2023-06-02,전남,26.52376333656644,11.886531365313653,3.3,23.2,70.4,993.9,1.5,6,2,4,11.65452847805789,13.38854073410922
2023-06-03,전남,37.84780578898226,17.335083114610672,3.1,22.1,62.9,1000.6,11.394455994455992,6,2,5,11.886531365313653,11.372331340734416
2023-06-04,전남,24.171028037383177,12.150744960560912,4.0,23.5,43.1,1003.6,11.394455994455992,6,2,6,17.335083114610672,6.074458058435439
2023-06-05,전남,25.64065335753176,14.113291703835861,3.9,22.2,57.0,1003.9,11.394455994455992,6,2,0,12.150744960560912,2.689247311827957
2023-06-06,전남,20.026747195858498,11.798342541436464,3.1,20.0,75.0,1000.2,0.0,6,2,1,14.113291703835861,5.518828451882845
2023-06-07,전남,21.550323176361957,11.64524886877828,3.8,20.5,76.4,1002.2,11.394455994455992,6,2,2,11.798342541436464,10.67624521072797
2023-06-08,전남,15.47232824427481,8.291010194624652,2.4,20.8,79.8,998.6,11.394455994455992,6,2,3,11.64524886877828,11.65452847805789
2023-06-09,전남,26.770985401459853,15.390287769784173,3.6,21.3,82.6,997.9,11.394455994455992,6,2,4,8.291010194624652,11.886531365313653
2023-06-10,전남,21.36103896103896,10.996466431095406,2.1,21.4,85.1,999.0,0.0,6,2,5,15.390287769784173,17.335083114610672
2023-06-11,전남,13.970950704225352,7.928571428571429,1.6,22.8,84.1,998.4,0.1,6,2,6,10.996466431095406,12.150744960560912
2023-06-12,전남,16.5040071237756,8.328399629972248,1.9,23.1,82.4,998.1,1.0,6,2,0,7.928571428571429,14.113291703835861
2023-06-13,전남,19.952983725135624,10.371713508612874,2.2,22.4,81.9,997.1,11.394455994455992,6,2,1,8.328399629972248,11.798342541436464
2023-06-14,전남,25.453014184397162,14.684772929652716,2.1,22.7,74.9,998.3,11.394455994455992,6,2,2,10.371713508612874,11.64524886877828
2023-06-15,전남,27.495927601809953,17.59211732355637,2.8,21.5,80.9,1001.3,2.8,6,2,3,14.684772929652716,8.291010194624652
2023-06-16,전남,24.628801431127012,15.134649910233394,2.5,22.5,72.0,1005.8,11.394455994455992,6,2,4,17.59211732355637,15.390287769784173
2023-06-17,전남,25.217993079584776,15.063773250664305,3.0,23.0,68.8,1005.3,11.394455994455992,6,2,5,15.134649910233394,10.996466431095406
2023-06-18,전남,25.16997411561691,15.447016918967053,2.8,23.9,70.1,1000.0,11.394455994455992,6,2,6,15.063773250664305,7.928571428571429
2023-06-19,전남,36.76943462897526,21.845878136200717,2.1,23.4,74.4,999.4,11.394455994455992,6,2,0,15.447016918967053,8.328399629972248
2023-06-20,전남,24.88533333333333,11.79427549194991,3.3,22.5,73.0,997.9,17.1,6,2,1,21.845878136200717,10.371713508612874
2023-06-21,전남,12.860254083484573,7.315789473684211,3.4,21.3,92.8,994.4,9.8,6,2,2,11.79427549194991,14.684772929652716
2023-06-22,전남,15.66607617360496,8.746104491292392,5.7,24.0,67.3,996.5,11.394455994455992,6,2,3,7.315789473684211,17.59211732355637
2023-06-23,전남,22.4526967285588,13.87982062780269,3.4,23.2,72.1,1002.6,11.394455994455992,6,2,4,8.746104491292392,15.134649910233394
2023-06-24,전남,16.863195057369815,8.77439570277529,2.4,22.3,79.8,1007.5,11.394455994455992,6,2,5,13.87982062780269,15.063773250664305
2023-06-25,전남,11.798379837983799,6.42488038277512,3.3,21.1,89.4,1005.7,34.0,6,2,6,8.77439570277529,15.447016918967053
2023-06-26,전남,11.732692307692307,4.133528265107213,6.0,23.1,96.3,1002.2,9.6,6,2,0,6.42488038277512,21.845878136200717
2023-06-27,전남,15.832544938505203,7.744761904761905,5.4,23.4,94.5,1003.3,71.1,6,2,1,4.133528265107213,11.79427549194991
2023-06-28,전남,12.822309970384994,6.194817658349328,3.2,21.7,91.5,1002.8,100.8,6,2,2,7.744761904761905,7.315789473684211
2023-06-29,전남,19.27479526842584,7.421774931381519,4.4,23.5,96.6,997.3,17.8,6,2,3,6.194817658349328,8.746104491292392
2023-06-30,전남,9.237037037037037,3.8991436726926736,4.1,22.9,96.4,994.5,30.0,6,2,4,7.421774931381519,13.87982062780269
2023-07-01,전남,15.865229110512129,8.80327868852459,1.7,23.0,92.0,999.4,2.3,7,2,5,3.8991436726926736,8.77439570277529
2023-07-02,전남,24.35573476702509,15.609375,2.0,23.8,90.0,1001.7,11.394455994455992,7,2,6,8.80327868852459,6.42488038277512
2023-07-03,전남,15.804504504504505,8.88857938718663,2.3,24.6,88.6,999.2,0.6,7,2,0,15.609375,4.133528265107213
2023-07-04,전남,11.47899910634495,6.1654478976234,2.1,23.0,94.4,995.5,18.8,7,2,1,8.88857938718663,7.744761904761905
2023-07-05,전남,19.861635220125788,10.899446494464945,5.0,25.5,82.3,990.4,27.8,7,2,2,6.1654478976234,6.194817658349328
2023-07-06,전남,32.989935956084175,18.289762340036564,2.4,24.3,84.9,996.6,11.394455994455992,7,2,3,10.899446494464945,7.421774931381519
2023-07-07,전남,23.10663082437276,14.287709497206704,3.3,22.4,92.9,995.8,34.0,7,2,4,18.289762340036564,3.8991436726926736
2023-07-08,전남,16.41755319148936,9.142193308550185,1.6,22.7,96.6,996.2,19.7,7,2,5,14.287709497206704,8.80327868852459
2023-07-09,전남,26.550571679859278,14.931127012522362,1.9,24.3,94.0,997.5,7.0,7,2,6,9.142193308550185,15.609375
2023-07-10,전남,30.02841918294849,16.233183856502244,2.6,24.4,93.3,998.9,8.1,7,2,0,14.931127012522362,8.88857938718663
2023-07-11,전남,21.593173431734318,10.301204819277109,3.8,24.6,94.0,1000.3,8.9,7,2,1,16.233183856502244,6.1654478976234
2023-07-12,전남,20.097737556561086,8.007462686567164,2.2,24.3,95.1,999.5,76.3,7,2,2,10.301204819277109,10.899446494464945
2023-07-13,전남,23.15945945945946,7.374094202898551,2.9,25.1,94.3,999.4,11.394455994455992,7,2,3,8.007462686567164,18.289762340036564
2023-07-14,전남,21.420342034203422,6.074817518248175,7.2,24.3,95.8,996.6,9.3,7,2,4,7.374094202898551,14.287709497206704
2023-07-15,전남,14.015887025595763,4.524423963133641,6.5,25.0,90.5,997.3,0.2,7,2,5,6.074817518248175,9.142193308550185
2023-07-16,전남,11.766697163769441,5.972946859903382,1.9,22.8,96.9,1001.9,124.9,7,2,6,4.524423963133641,14.931127012522362
2023-07-17,전남,10.274368231046932,3.834307992202729,4.0,25.8,93.5,1005.6,9.7,7,2,0,5.972946859903382,16.233183856502244
2023-07-18,전남,7.808946877912395,2.9688412852969814,2.6,24.6,96.1,1002.4,60.9,7,2,1,3.834307992202729,10.301204819277109
2023-07-19,전남,14.191489361702128,7.054240631163708,1.9,24.0,91.8,1000.2,0.0,7,2,2,2.9688412852969814,8.007462686567164
2023-07-20,전남,27.569702602230482,15.889097744360901,2.0,24.5,88.1,1002.1,11.394455994455992,7,2,3,7.054240631163708,7.374094202898551
2023-07-21,전남,29.026143790849673,19.09546313799622,2.1,24.8,84.3,1005.5,11.394455994455992,7,2,4,15.889097744360901,6.074817518248175
2023-07-22,전남,13.593077642656688,7.053588516746411,2.7,24.1,89.5,1006.6,6.9,7,2,5,19.09546313799622,4.524423963133641
2023-07-23,전남,14.781696854146807,6.199616122840691,5.7,26.4,91.4,1003.3,8.5,7,2,6,7.053588516746411,5.972946859903382
2023-07-24,전남,11.892545982575024,4.455083909180652,4.2,25.1,95.4,1003.1,35.1,7,2,0,6.199616122840691,3.834307992202729
2023-07-25,전남,13.138659320477503,4.656688493919551,1.8,26.2,88.0,1006.8,18.7,7,2,1,4.455083909180652,2.9688412852969814
2023-07-26,전남,21.266545784224842,12.237132352941176,1.9,26.7,90.9,1008.3,4.7,7,2,2,4.656688493919551,7.054240631163708
2023-07-27,전남,29.3601083032491,19.013774104683197,1.8,27.3,85.6,1007.4,11.394455994455992,7,2,3,12.237132352941176,15.889097744360901
2023-07-28,전남,29.211091234347048,19.483425414364643,1.6,27.4,79.0,1007.3,11.394455994455992,7,2,4,19.013774104683197,19.09546313799622
2023-07-29,전남,28.22163120567376,18.415315315315315,1.9,28.0,76.9,1007.2,11.394455994455992,7,2,5,19.483425414364643,7.053588516746411
2023-07-30,전남,27.285714285714285,18.726277372262775,1.7,27.9,79.5,1006.4,11.394455994455992,7,2,6,18.415315315315315,6.199616122840691
2023-07-31,전남,25.849157054126,16.39374425022999,1.9,28.4,74.8,1005.1,11.394455994455992,7,2,0,18.726277372262775,4.455083909180652
2023-08-01,전남,25.825116279069768,16.036798528058878,3.2,28.5,74.5,1003.4,11.394455994455992,8,2,1,16.39374425022999,4.656688493919551
2023-08-02,전남,25.07308048103608,14.824299065420561,2.0,28.8,73.4,1001.0,11.394455994455992,8,2,2,16.036798528058878,12.237132352941176
2023-08-03,전남,23.29478672985782,13.181818181818182,1.6,29.1,71.5,999.3,11.394455994455992,8,2,3,14.824299065420561,19.013774104683197
2023-08-04,전남,19.09132007233273,9.827832292595897,1.7,29.2,70.3,997.5,11.394455994455992,8,2,4,13.181818181818182,19.483425414364643
2023-08-05,전남,23.20180995475113,13.251779359430605,1.7,29.5,70.9,993.0,11.394455994455992,8,2,5,9.827832292595897,18.415315315315315
2023-08-06,전남,20.369328493647913,11.976576576576576,3.2,29.4,72.0,990.5,11.394455994455992,8,2,6,13.251779359430605,18.726277372262775
2023-08-07,전남,18.83755868544601,10.405330882352942,3.6,30.0,71.8,991.4,11.394455994455992,8,2,0,11.976576576576576,16.39374425022999
2023-08-08,전남,17.256166982922203,8.87958607714017,5.2,29.9,68.1,993.2,11.394455994455992,8,2,1,10.405330882352942,16.036798528058878
2023-08-09,전남,13.289296046287367,6.506519558676028,10.2,26.4,83.1,991.1,40.1,8,2,2,8.87958607714017,14.824299065420561
2023-08-10,전남,8.41332027424094,3.3923240938166312,9.3,24.8,83.4,985.5,58.9,8,2,3,6.506519558676028,13.181818181818182
2023-08-11,전남,24.019811320754716,10.610009442870632,3.4,26.7,79.6,995.2,0.0,8,2,4,3.3923240938166312,9.827832292595897
2023-08-12,전남,27.47166361974406,15.492844364937389,3.2,27.3,77.4,996.7,0.0,8,2,5,10.610009442870632,13.251779359430605
2023-08-13,전남,30.960730593607305,19.864816472694717,2.1,27.0,79.6,997.6,11.394455994455992,8,2,6,15.492844364937389,11.976576576576576
2023-08-14,전남,30.314259763851044,19.13783783783784,1.9,27.6,78.1,998.3,11.394455994455992,8,2,0,19.864816472694717,10.405330882352942
2023-08-15,전남,26.83303886925795,16.61414503133393,2.9,27.5,75.3,997.2,0.0,8,2,1,19.13783783783784,8.87958607714017
2023-08-16,전남,23.629061371841154,12.773841961852861,2.6,27.7,81.8,997.0,11.394455994455992,8,2,2,16.61414503133393,6.506519558676028
2023-08-17,전남,21.267567567567568,12.496343692870202,2.0,26.5,85.3,998.0,8.4,8,2,3,12.773841961852861,3.3923240938166312
2023-08-18,전남,24.28623518687329,14.97985347985348,1.5,26.6,83.8,999.5,0.0,8,2,4,12.496343692870202,10.610009442870632
2023-08-19,전남,21.280530973451327,13.589350180505415,4.1,27.2,83.9,1002.4,5.1,8,2,5,14.97985347985348,15.492844364937389
2023-08-20,전남,21.125441696113075,13.613553113553113,2.5,28.3,83.8,1004.3,11.394455994455992,8,2,6,13.589350180505415,19.864816472694717
2023-08-21,전남,19.089072543618,11.414354066985647,2.1,28.0,84.5,1002.0,11.394455994455992,8,2,0,13.613553113553113,19.13783783783784
2023-08-22,전남,19.495837187789085,11.194211017740429,2.8,28.1,80.6,999.0,2.1,8,2,1,11.414354066985647,16.61414503133393
2023-08-23,전남,13.231490159325212,6.377862595419847,3.1,28.1,82.4,998.5,18.4,8,2,2,11.194211017740429,12.773841961852861
2023-08-24,전남,11.354808590102708,5.091760299625468,4.0,26.4,90.1,999.0,53.5,8,2,3,6.377862595419847,12.496343692870202
2023-08-25,전남,18.31546023235031,8.680430879712747,4.1,26.7,77.8,1001.0,11.394455994455992,8,2,4,5.091760299625468,14.97985347985348
2023-08-26,전남,25.78665496049166,13.761194029850746,2.1,26.9,74.4,1001.6,11.394455994455992,8,2,5,8.680430879712747,13.589350180505415
2023-08-27,전남,26.168273444347065,16.381962864721487,3.4,27.2,79.1,1000.6,11.394455994455992,8,2,6,13.761194029850746,13.613553113553113
2023-08-28,전남,19.13351749539595,10.608812949640289,5.3,26.3,86.3,1000.0,5.5,8,2,0,16.381962864721487,11.414354066985647
2023-08-29,전남,13.40253411306043,4.989710009354537,5.0,27.2,87.0,999.7,20.3,8,2,1,10.608812949640289,11.194211017740429
2023-08-30,전남,10.669376693766937,4.614535418583257,3.5,25.6,91.8,1001.2,22.5,8,2,2,4.989710009354537,6.377862595419847
2023-08-31,전남,15.745274527452745,7.06030603060306,1.9,25.2,86.5,1002.1,12.2,8,2,3,4.614535418583257,5.091760299625468
2023-09-01,전남,23.346666666666668,11.500884955752213,3.1,25.7,84.1,1003.4,23.6,9,3,4,7.06030603060306,8.680430879712747
2023-09-02,전남,17.51097453906936,9.133102852203976,3.5,24.5,89.4,1004.1,5.0,9,3,5,11.500884955752213,13.761194029850746
2023-09-03,전남,19.75569176882662,9.443868739205527,2.4,26.5,86.0,1004.9,0.5,9,3,6,9.133102852203976,16.381962864721487
2023-09-04,전남,24.150528169014084,12.711248892825509,2.0,27.3,80.6,1004.1,11.394455994455992,9,3,0,9.443868739205527,10.608812949640289
2023-09-05,전남,21.229333333333333,10.426774483378257,3.6,27.2,65.9,1003.2,11.394455994455992,9,3,1,12.711248892825509,4.989710009354537
2023-09-06,전남,22.54553492484527,11.559608540925266,3.4,26.9,64.3,1003.8,11.394455994455992,9,3,2,10.426774483378257,4.614535418583257
2023-09-07,전남,20.95547640249332,10.599268069533395,5.3,25.9,56.9,1005.9,11.394455994455992,9,3,3,11.559608540925266,7.06030603060306
2023-09-08,전남,18.115384615384617,8.491659350307287,3.8,25.1,62.4,1005.2,11.394455994455992,9,3,4,10.599268069533395,11.500884955752213
2023-09-09,전남,22.54342218400688,11.860243055555555,2.0,24.8,73.3,1004.0,11.394455994455992,9,3,5,8.491659350307287,9.133102852203976
2023-09-10,전남,23.078699743370404,13.363399826539462,2.3,25.2,73.8,1003.2,0.0,9,3,6,11.860243055555555,9.443868739205527
2023-09-11,전남,23.336259877085162,13.183437221727516,2.3,25.5,78.9,1002.2,0.0,9,3,0,13.363399826539462,12.711248892825509
2023-09-12,전남,25.04862953138815,14.126126126126126,1.0,26.0,79.1,1003.3,11.394455994455992,9,3,1,13.183437221727516,10.426774483378257
2023-09-13,전남,24.776,14.915989159891598,3.0,25.9,83.4,1002.7,23.2,9,3,2,14.126126126126126,11.559608540925266
2023-09-14,전남,14.473484848484848,7.918226600985221,1.9,23.9,89.4,1004.4,13.3,9,3,3,14.915989159891598,10.599268069533395
2023-09-15,전남,13.381990521327014,6.858949416342412,5.1,24.5,88.1,1005.5,9.7,9,3,4,7.918226600985221,8.491659350307287
2023-09-16,전남,14.977653631284916,6.55736224028907,2.9,24.4,94.3,1004.8,64.3,9,3,5,6.858949416342412,11.860243055555555
2023-09-17,전남,11.924741298212606,4.878957169459963,1.8,25.0,89.5,1003.5,48.8,9,3,6,6.55736224028907,13.363399826539462
2023-09-18,전남,14.175287356321839,5.5369127516778525,2.5,26.1,82.8,1005.3,3.2,9,3,0,4.878957169459963,13.183437221727516
2023-09-19,전남,19.7377990430622,10.011320754716982,1.8,24.8,76.0,1006.7,11.394455994455992,9,3,1,5.5369127516778525,14.126126126126126
2023-09-20,전남,23.925430210325047,12.267874165872259,5.7,25.1,87.9,1001.7,8.4,9,3,2,10.011320754716982,14.915989159891598
2023-09-21,전남,12.11484593837535,4.797034291010195,4.9,22.3,89.6,1002.0,1.4,9,3,3,12.267874165872259,7.918226600985221
2023-09-22,전남,18.775454545454547,9.239051094890511,2.8,22.3,81.1,1007.5,0.1,9,3,4,4.797034291010195,6.858949416342412
2023-09-23,전남,19.612903225806452,9.557586837294332,4.9,22.2,65.4,1010.8,11.394455994455992,9,3,5,9.239051094890511,6.55736224028907
2023-09-24,전남,17.024107142857144,7.755194218608853,7.1,22.5,59.8,1010.4,11.394455994455992,9,3,6,9.557586837294332,4.878957169459963
2023-09-25,전남,20.645604395604394,8.460072595281307,4.7,23.0,71.0,1007.9,11.394455994455992,9,3,0,7.755194218608853,5.5369127516778525
2023-09-26,전남,20.7967332123412,10.471941122355107,2.9,24.3,82.4,1005.6,0.0,9,3,1,8.460072595281307,10.011320754716982
2023-09-27,전남,12.346994535519126,6.296260786193672,4.2,24.6,74.4,1004.5,11.394455994455992,9,3,2,10.471941122355107,12.267874165872259
2023-09-28,전남,23.569026548672568,15.778985507246377,5.2,24.7,67.0,1005.9,11.394455994455992,9,3,3,6.296260786193672,4.797034291010195
2023-09-29,전남,44.61775043936731,27.62,3.0,23.3,71.5,1006.2,11.394455994455992,9,3,4,15.778985507246377,9.239051094890511
2023-09-30,전남,22.649200710479573,13.974774774774774,3.1,20.9,72.3,1003.8,1.7,9,3,5,27.62,9.557586837294332
2023-10-01,전남,25.76114081996435,10.10456942003515,3.6,20.9,51.3,1006.2,11.394455994455992,10,3,6,13.974774774774774,7.755194218608853
2023-10-02,전남,17.74372759856631,9.509803921568627,2.2,20.1,51.5,1009.9,11.394455994455992,10,3,0,10.10456942003515,8.460072595281307
2023-10-03,전남,17.62511210762332,10.062724014336917,4.9,19.2,66.9,1009.4,0.2,10,3,1,9.509803921568627,10.471941122355107
2023-10-04,전남,17.613615455381783,9.72642390289449,2.9,20.6,60.3,1006.3,11.394455994455992,10,3,2,10.062724014336917,6.296260786193672
2023-10-05,전남,33.730410447761194,9.157894736842104,5.9,18.3,37.5,1007.1,11.394455994455992,10,3,3,9.72642390289449,15.778985507246377
2023-10-06,전남,22.72483841181902,9.348963029756538,2.2,17.3,51.5,1010.6,11.394455994455992,10,3,4,9.157894736842104,27.62
2023-10-07,전남,25.565836298932386,13.798422436459246,3.9,18.3,63.0,1013.5,2.0,10,3,5,9.348963029756538,13.974774774774774
2023-10-08,전남,16.433962264150942,8.991150442477876,6.9,18.6,68.5,1013.0,0.9,10,3,6,13.798422436459246,10.10456942003515
2023-10-09,전남,15.746215494211933,8.468946894689468,3.9,19.8,67.6,1011.1,11.394455994455992,10,3,0,8.991150442477876,9.509803921568627
2023-10-10,전남,20.84845650140318,12.115563839701771,3.2,19.3,59.4,1012.4,11.394455994455992,10,3,1,8.468946894689468,10.062724014336917
2023-10-11,전남,23.159763313609467,13.022922636103152,3.6,19.6,53.5,1015.9,11.394455994455992,10,3,2,12.115563839701771,9.72642390289449
2023-10-12,전남,22.826589595375722,12.838771593090211,2.8,19.0,51.1,1015.9,11.394455994455992,10,3,3,13.022922636103152,9.157894736842104
2023-10-13,전남,25.813780260707635,15.053977272727273,2.2,19.3,59.6,1009.9,11.394455994455992,10,3,4,12.838771593090211,9.348963029756538
2023-10-14,전남,26.560480147737767,15.595130748422001,2.8,19.5,56.4,1003.0,11.394455994455992,10,3,5,15.053977272727273,13.798422436459246
2023-10-15,전남,23.85247432306256,13.957798165137614,4.1,18.2,60.4,1003.8,11.394455994455992,10,3,6,15.595130748422001,8.991150442477876
2023-10-16,전남,32.471296296296295,12.821734985700667,5.4,17.8,57.6,1007.3,11.394455994455992,10,3,0,13.957798165137614,8.468946894689468
2023-10-17,전남,23.981783317353788,8.578231292517007,3.2,17.1,51.8,1010.9,11.394455994455992,10,3,1,12.821734985700667,12.115563839701771
2023-10-18,전남,24.921588594704684,12.361598440545809,1.9,17.7,67.0,1012.6,11.394455994455992,10,3,2,8.578231292517007,13.022922636103152
2023-10-19,전남,23.572769953051644,11.77808988764045,3.1,19.0,74.0,1008.8,0.0,10,3,3,12.361598440545809,12.838771593090211
2023-10-20,전남,19.05045871559633,6.896907216494846,6.2,14.4,49.5,1008.8,0.0,10,3,4,11.77808988764045,15.053977272727273
2023-10-21,전남,19.759325044404974,6.833484162895927,4.0,13.5,51.4,1013.9,11.394455994455992,10,3,5,6.896907216494846,15.595130748422001
2023-10-22,전남,21.358744394618835,8.608228980322004,3.1,15.0,53.9,1015.7,11.394455994455992,10,3,6,6.833484162895927,13.957798165137614
2023-10-23,전남,25.32929104477612,12.531015037593985,2.0,16.5,69.5,1015.3,11.394455994455992,10,3,0,8.608228980322004,12.821734985700667
2023-10-24,전남,27.50985915492958,15.522556390977444,1.3,16.4,65.6,1012.8,11.394455994455992,10,3,1,12.531015037593985,8.578231292517007
2023-10-25,전남,30.62330623306233,17.44035874439462,1.1,18.1,69.4,1010.3,11.394455994455992,10,3,2,15.522556390977444,12.361598440545809
2023-10-26,전남,34.99374441465594,21.55764075067024,2.5,19.1,70.3,1007.6,11.394455994455992,10,3,3,17.44035874439462,11.77808988764045
2023-10-27,전남,43.71957671957672,19.790408525754884,5.2,17.4,55.6,1006.5,11.394455994455992,10,3,4,21.55764075067024,6.896907216494846
2023-10-28,전남,35.52133105802048,17.415239726027398,1.1,16.2,68.6,1010.6,11.394455994455992,10,3,5,19.790408525754884,6.833484162895927
2023-10-29,전남,31.190061028770707,17.413612565445025,2.7,16.6,69.9,1013.9,11.394455994455992,10,3,6,17.415239726027398,8.608228980322004
2023-10-30,전남,29.124333925399643,16.18173758865248,1.5,16.9,74.0,1014.6,11.394455994455992,10,3,0,17.413612565445025,12.531015037593985
2023-10-31,전남,35.622261174408415,19.71858407079646,1.9,17.0,68.3,1014.6,11.394455994455992,10,3,1,16.18173758865248,15.522556390977444
2023-11-01,전남,30.3542600896861,15.584249084249084,3.0,18.2,78.8,1012.8,11.394455994455992,11,3,2,19.71858407079646,17.44035874439462
2023-11-02,전남,24.40861159929701,11.891643709825528,2.6,19.3,80.3,1011.3,11.394455994455992,11,3,3,15.584249084249084,21.55764075067024
2023-11-03,전남,24.55795847750865,13.210573476702509,1.6,19.7,78.0,1009.3,11.394455994455992,11,3,4,11.891643709825528,19.790408525754884
2023-11-04,전남,25.453919035314385,14.908065915004336,1.1,19.6,83.1,1012.5,0.2,11,3,5,13.210573476702509,17.415239726027398
2023-11-05,전남,25.85996563573883,16.043478260869566,4.5,20.4,85.5,1010.3,8.8,11,3,6,14.908065915004336,17.413612565445025
2023-11-06,전남,26.914802065404476,9.338065661047027,8.2,17.8,66.3,1003.3,17.4,11,3,0,16.043478260869566,16.18173758865248
2023-11-07,전남,28.170305676855897,11.231922398589065,6.5,11.9,51.4,1012.2,11.394455994455992,11,3,1,9.338065661047027,19.71858407079646
2023-11-08,전남,21.098731884057973,11.692093023255813,1.7,12.6,62.0,1014.4,11.394455994455992,11,3,2,11.231922398589065,15.584249084249084
2023-11-09,전남,25.315363881401616,14.509208103130755,1.0,16.6,76.1,1012.4,1.6,11,3,3,11.692093023255813,11.891643709825528
2023-11-10,전남,20.018970189701896,10.460477941176471,6.8,11.7,55.0,1012.7,5.4,11,3,4,14.509208103130755,13.210573476702509
2023-11-11,전남,15.251766784452297,8.118067978533094,4.8,8.0,37.6,1017.8,11.394455994455992,11,3,5,10.460477941176471,14.908065915004336
2023-11-12,전남,14.94585152838428,7.632142857142857,5.6,6.5,48.8,1017.6,11.394455994455992,11,3,6,8.118067978533094,16.043478260869566
2023-11-13,전남,15.4303683737646,7.97163769441903,5.8,6.2,44.3,1018.4,11.394455994455992,11,3,0,7.632142857142857,9.338065661047027
2023-11-14,전남,19.126267281105992,10.064995357474466,4.2,8.9,55.3,1018.0,11.394455994455992,11,3,1,7.97163769441903,11.231922398589065
2023-11-15,전남,26.32425068119891,16.492194674012858,1.7,10.4,64.0,1019.2,11.394455994455992,11,3,2,10.064995357474466,11.692093023255813
2023-11-16,전남,28.27906976744186,19.13849092645654,2.3,9.1,78.0,1012.6,11.3,11,3,3,16.492194674012858,14.509208103130755
2023-11-17,전남,17.6678445229682,8.492673992673993,5.2,6.5,70.0,1006.8,0.3,11,3,4,19.13849092645654,10.460477941176471
2023-11-18,전남,19.485201793721973,10.048,8.4,4.9,59.8,1010.1,0.3,11,3,5,8.492673992673993,8.118067978533094
2023-11-19,전남,32.40563620836892,14.192579505300353,5.0,10.5,60.5,1010.9,11.394455994455992,11,3,6,10.048,7.632142857142857
2023-11-20,전남,33.33274021352313,17.514959202175884,2.8,10.7,53.3,1014.9,11.394455994455992,11,3,0,14.192579505300353,7.97163769441903
2023-11-21,전남,23.481049562682216,13.886475814412636,2.0,11.0,72.1,1014.0,11.394455994455992,11,3,1,17.514959202175884,10.064995357474466
2023-11-22,전남,20.785920925747348,11.751908396946565,2.0,12.9,77.9,1009.8,11.394455994455992,11,3,2,13.886475814412636,16.492194674012858
2023-11-23,전남,59.81674418604651,30.47015610651974,4.3,14.2,71.5,1006.4,11.394455994455992,11,3,3,11.751908396946565,19.13849092645654
2023-11-24,전남,18.046490428441203,7.42170818505338,7.1,4.8,45.9,1018.3,11.394455994455992,11,3,4,30.47015610651974,8.492673992673993
2023-11-25,전남,14.236347358997314,7.549645390070922,3.7,3.1,41.5,1022.5,11.394455994455992,11,3,5,7.42170818505338,10.048
2023-11-26,전남,20.708185053380785,12.411712511091393,1.8,6.3,43.3,1016.5,11.394455994455992,11,3,6,7.549645390070922,14.192579505300353
2023-11-27,전남,32.19479353680431,18.55964125560538,3.0,10.0,64.8,1008.0,0.2,11,3,0,12.411712511091393,17.514959202175884
2023-11-28,전남,34.25330979699912,16.75288888888889,4.7,7.7,53.6,1013.1,11.394455994455992,11,3,1,18.55964125560538,13.886475814412636
2023-11-29,전남,26.678947368421053,14.355156950672646,4.0,6.9,56.6,1016.1,11.394455994455992,11,3,2,16.75288888888889,11.751908396946565
2023-11-30,전남,16.535650623885918,8.15126050420168,7.8,2.0,46.5,1018.2,11.394455994455992,11,3,3,14.355156950672646,30.47015610651974
2023-12-01,전남,16.512455516014235,9.659690627843494,5.7,2.4,53.4,1017.2,11.394455994455992,12,4,4,8.15126050420168,7.42170818505338
2023-12-02,전남,25.373160173160173,14.64627659574468,4.2,5.3,57.8,1018.3,11.394455994455992,12,4,5,9.659690627843494,7.549645390070922
2023-12-03,전남,33.284129692832764,18.56020942408377,3.8,7.7,52.0,1017.3,11.394455994455992,12,4,6,14.64627659574468,12.411712511091393
2023-12-04,전남,25.43139013452915,14.950710900473934,2.0,6.6,55.0,1013.4,11.394455994455992,12,4,0,18.56020942408377,18.55964125560538
2023-12-05,전남,27.659010600706715,16.646836638338055,2.2,8.9,49.3,1009.1,11.394455994455992,12,4,1,14.950710900473934,16.75288888888889
2023-12-06,전남,61.4871339840284,39.077767612076855,2.8,9.8,70.5,1004.4,11.394455994455992,12,4,2,16.646836638338055,14.355156950672646
2023-12-07,전남,61.89772727272727,16.042857142857144,5.3,8.9,49.1,1009.0,11.394455994455992,12,4,3,39.077767612076855,8.15126050420168
2023-12-08,전남,81.36724137931034,23.21284080914688,2.2,12.2,74.6,1009.6,11.394455994455992,12,4,4,16.042857142857144,9.659690627843494
2023-12-09,전남,53.27465986394558,19.90277777777778,1.7,14.4,80.0,1011.2,11.394455994455992,12,4,5,23.21284080914688,14.64627659574468
2023-12-10,전남,43.77512776831346,21.57963446475196,2.8,14.2,80.3,1014.1,0.5,12,4,6,19.90277777777778,18.56020942408377
2023-12-11,전남,28.297910990009083,15.920192307692307,5.3,13.0,88.6,1006.4,25.2,12,4,0,21.57963446475196,14.950710900473934
2023-12-12,전남,10.565096952908588,5.645853658536585,4.1,10.1,85.6,1010.9,5.4,12,4,1,15.920192307692307,16.646836638338055
2023-12-13,전남,15.888283378746594,8.194100856327307,4.3,10.6,71.0,1019.3,11.394455994455992,12,4,2,5.645853658536585,39.077767612076855
2023-12-14,전남,12.686343612334802,6.617224880382775,6.6,10.5,86.8,1014.2,37.2,12,4,3,8.194100856327307,16.042857142857144
2023-12-15,전남,11.31161971830986,6.151984511132623,4.7,12.4,89.0,1004.8,1.2,12,4,4,6.617224880382775,23.21284080914688
2023-12-16,전남,12.238565022421525,6.1320930232558135,6.8,2.4,68.6,1013.6,0.2,12,4,5,6.151984511132623,19.90277777777778
2023-12-17,전남,11.88724584103512,7.321763602251407,6.4,-2.8,54.6,1023.5,0.0,12,4,6,6.1320930232558135,21.57963446475196
2023-12-18,전남,14.640469738030713,9.39109390125847,3.2,-1.1,58.9,1024.6,0.1,12,4,0,7.321763602251407,15.920192307692307
2023-12-19,전남,17.596102745792738,10.360335195530727,2.7,2.6,56.9,1019.1,0.3,12,4,1,9.39109390125847,5.645853658536585
2023-12-20,전남,22.36631016042781,13.12258064516129,5.8,-0.1,62.9,1017.2,0.0,12,4,2,10.360335195530727,8.194100856327307
2023-12-21,전남,14.251167133520076,8.91025641025641,4.8,-4.6,53.5,1020.7,0.0,12,4,3,13.12258064516129,6.617224880382775
2023-12-22,전남,15.848021582733812,10.16221198156682,5.0,-4.4,52.1,1025.9,11.394455994455992,12,4,4,8.91025641025641,6.151984511132623
2023-12-23,전남,16.625448028673834,11.167289719626169,2.8,-0.4,53.0,1027.5,11.394455994455992,12,4,5,10.16221198156682,6.1320930232558135
2023-12-24,전남,27.525541125541125,18.28870673952641,3.0,1.8,63.4,1022.5,0.3,12,4,6,11.167289719626169,7.321763602251407
2023-12-25,전남,33.3985828166519,21.077471059661622,3.7,1.8,59.4,1021.5,11.394455994455992,12,4,0,18.28870673952641,9.39109390125847
2023-12-26,전남,31.44524886877828,19.651141552511415,3.5,4.7,60.3,1021.7,11.394455994455992,12,4,1,21.077471059661622,10.360335195530727
2023-12-27,전남,36.07664562669071,22.535135135135135,1.6,6.4,62.0,1021.9,11.394455994455992,12,4,2,19.651141552511415,13.12258064516129
2023-12-28,전남,42.1017101710171,27.80422794117647,3.7,6.6,62.5,1019.2,11.394455994455992,12,4,3,22.535135135135135,8.91025641025641
2023-12-29,전남,58.45048203330412,40.41629364368845,2.8,4.8,62.8,1018.0,11.394455994455992,12,4,4,27.80422794117647,10.16221198156682
2023-12-30,전남,59.10414827890556,41.25857519788918,1.5,6.3,72.0,1009.8,0.4,12,4,5,40.41629364368845,11.167289719626169
2023-12-31,전남,48.32892416225749,33.70246478873239,5.5,7.1,70.0,1009.8,0.3,12,4,6,41.25857519788918,18.28870673952641
2024-10-01,전남,19.234375,8.106074342701723,3.8,22.8,66.4,1003.7,0.0,10,3,1,33.70246478873239,21.077471059661622
2024-10-02,전남,18.63394495412844,7.379664179104478,4.7,19.2,39.3,1008.7,11.394455994455992,10,3,2,8.106074342701723,19.651141552511415
2024-10-03,전남,15.109430604982206,7.306765523632993,6.8,18.0,64.4,1011.5,10.2,10,3,3,7.379664179104478,22.535135135135135
2024-10-04,전남,11.877807726864331,5.808245445829338,3.8,18.9,66.4,1015.3,11.394455994455992,10,3,4,7.306765523632993,27.80422794117647
2024-10-05,전남,15.308876811594203,7.4101825168107585,4.3,20.4,63.8,1014.2,11.394455994455992,10,3,5,5.808245445829338,40.41629364368845
2024-10-06,전남,14.748134328358208,7.905231984205331,3.1,19.2,72.8,1011.8,3.8,10,3,6,7.4101825168107585,41.25857519788918
2024-10-07,전남,20.254345837145472,12.070142180094786,2.4,17.6,75.1,1009.4,0.9,10,3,0,7.905231984205331,33.70246478873239
2024-10-08,전남,35.84880636604775,21.445672191528544,2.5,20.0,65.5,1008.2,11.394455994455992,10,3,1,12.070142180094786,8.106074342701723
2024-10-09,전남,25.233985765124554,13.743354720439964,4.7,20.1,64.1,1007.9,11.394455994455992,10,3,2,21.445672191528544,7.379664179104478
2024-10-10,전남,17.939530685920577,8.992467043314502,3.3,19.8,64.1,1007.4,0.7,10,3,3,13.743354720439964,7.306765523632993
2024-10-11,전남,22.877005347593585,12.8567335243553,1.8,20.3,68.3,1010.4,11.394455994455992,10,3,4,8.992467043314502,5.808245445829338
2024-10-12,전남,29.276132404181183,17.783783783783782,1.9,20.5,69.9,1014.8,11.394455994455992,10,3,5,12.8567335243553,7.4101825168107585
2024-10-13,전남,25.43193717277487,15.325987144168963,4.6,20.6,69.3,1014.9,11.394455994455992,10,3,6,17.783783783783782,7.905231984205331
2024-10-14,전남,20.592328278322928,10.153701968134957,5.7,20.4,81.3,1011.1,25.4,10,3,0,15.325987144168963,12.070142180094786
2024-10-15,전남,19.07400555041628,11.256484149855908,2.1,21.8,87.4,1009.7,0.0,10,3,1,10.153701968134957,21.445672191528544
2024-10-16,전남,27.372369624885636,13.652818991097924,2.9,21.8,75.6,1013.6,11.394455994455992,10,3,2,11.256484149855908,13.743354720439964
2024-10-17,전남,33.82256596906279,16.36549707602339,4.7,20.6,75.4,1013.9,11.394455994455992,10,3,3,13.652818991097924,8.992467043314502
2024-10-18,전남,23.1423487544484,10.395572666025025,5.6,22.5,86.4,1007.0,14.0,10,3,4,16.36549707602339,12.8567335243553
2024-10-19,전남,18.241689128481582,8.385842472582253,6.1,21.3,78.1,1008.7,1.3,10,3,5,10.395572666025025,17.783783783783782
2024-10-20,전남,17.26530612244898,6.1410381978452495,8.9,15.4,60.5,1020.0,11.394455994455992,10,3,6,8.385842472582253,15.325987144168963
2024-10-21,전남,22.663660955816052,8.015763546798029,6.1,17.8,71.8,1014.8,3.5,10,3,0,6.1410381978452495,10.153701968134957
2024-10-22,전남,10.045411542100284,5.624740124740125,5.4,19.6,92.0,1006.6,113.9,10,3,1,8.015763546798029,11.256484149855908
2024-10-23,전남,19.04406474820144,7.048048048048048,7.6,16.4,62.1,1008.9,11.394455994455992,10,3,2,5.624740124740125,13.652818991097924
2024-10-24,전남,20.75422138836773,9.36328125,3.6,15.3,55.3,1012.8,11.394455994455992,10,3,3,7.048048048048048,16.36549707602339
2024-10-25,전남,21.820717131474105,10.9,6.3,17.9,68.1,1015.7,11.394455994455992,10,3,4,9.36328125,10.395572666025025
2024-10-26,전남,20.489402697495184,10.496571988246817,4.4,19.1,70.9,1012.7,11.394455994455992,10,3,5,10.9,8.385842472582253
2024-10-27,전남,22.023809523809526,12.783333333333333,2.6,17.3,76.3,1006.9,2.6,10,3,6,10.496571988246817,6.1410381978452495
2024-10-28,전남,30.572237960339944,18.924361493123772,4.4,17.0,73.5,1006.6,0.0,10,3,0,12.783333333333333,8.015763546798029
2024-10-29,전남,22.89365671641791,11.612127045235804,5.0,17.4,64.4,1010.2,11.394455994455992,10,3,1,18.924361493123772,5.624740124740125
2024-10-30,전남,25.097169811320754,14.031853281853282,2.5,17.7,67.1,1013.9,11.394455994455992,10,3,2,11.612127045235804,7.048048048048048
2024-10-31,전남,29.708969465648856,16.907109004739336,5.1,18.2,67.9,1014.5,11.394455994455992,10,3,3,14.031853281853282,9.36328125
2024-11-01,전남,16.721747388414055,11.225650916104147,5.3,15.4,91.1,1010.5,61.3,11,3,4,16.907109004739336,10.9
2024-11-02,전남,13.846601941747572,7.84985563041386,5.9,18.4,74.3,1008.3,15.0,11,3,5,11.225650916104147,10.496571988246817
2024-11-03,전남,21.56601941747573,11.804029304029305,2.9,17.5,70.8,1014.7,11.394455994455992,11,3,6,7.84985563041386,12.783333333333333
2024-11-04,전남,26.902321083172147,14.834097158570119,3.6,16.6,68.8,1012.8,11.394455994455992,11,3,0,11.804029304029305,18.924361493123772
2024-11-05,전남,21.855263157894736,8.725345622119816,6.6,13.1,51.6,1012.3,11.394455994455992,11,3,1,14.834097158570119,11.612127045235804
2024-11-06,전남,20.185114503816795,8.379942140790742,5.1,11.9,39.6,1016.9,11.394455994455992,11,3,2,8.725345622119816,14.031853281853282
2024-11-07,전남,22.465093411996065,11.7,3.5,13.6,53.5,1020.8,11.394455994455992,11,3,3,8.379942140790742,16.907109004739336
2024-11-08,전남,25.671905697445972,14.739685658153242,3.5,15.3,69.6,1019.7,11.394455994455992,11,3,4,11.7,11.225650916104147
2024-11-09,전남,22.21700879765396,14.052261306532664,4.0,16.2,68.1,1017.7,11.394455994455992,11,3,5,14.739685658153242,7.84985563041386
2024-11-10,전남,18.06511175898931,10.778550148957299,3.5,16.0,71.5,1013.9,0.0,11,3,6,14.052261306532664,11.804029304029305
2024-11-11,전남,24.45980392156863,14.646516393442623,1.7,15.8,69.0,1011.9,11.394455994455992,11,3,0,10.778550148957299,14.834097158570119
2024-11-12,전남,32.300196850393704,20.56508875739645,3.3,17.1,60.1,1011.0,11.394455994455992,11,3,1,14.646516393442623,8.725345622119816
2024-11-13,전남,30.84520417853751,16.096029547553094,3.9,16.8,59.5,1014.3,11.394455994455992,11,3,2,20.56508875739645,8.379942140790742
2024-11-14,전남,28.342936802973977,14.36205316223648,4.3,16.4,68.1,1012.7,11.394455994455992,11,3,3,16.096029547553094,11.7
2024-11-15,전남,28.841818181818184,18.1,4.5,16.6,75.0,1010.7,0.4,11,3,4,14.36205316223648,14.739685658153242
2024-11-16,전남,25.773416592328278,15.66456834532374,3.7,18.4,73.0,1009.0,11.394455994455992,11,3,5,18.1,14.052261306532664
2024-11-17,전남,22.664864864864864,10.121047877145438,6.8,13.9,49.0,1011.8,11.394455994455992,11,3,6,15.66456834532374,10.778550148957299
2024-11-18,전남,16.752336448598133,6.152737752161383,5.1,7.9,30.3,1020.9,11.394455994455992,11,3,0,10.121047877145438,14.646516393442623
2024-11-19,전남,17.83960396039604,8.903865213082259,4.8,10.3,56.5,1020.6,11.394455994455992,11,3,1,6.152737752161383,20.56508875739645
2024-11-20,전남,26.560491493383743,15.023408239700375,2.5,11.4,56.9,1015.3,11.394455994455992,11,3,2,8.903865213082259,16.096029547553094
2024-11-21,전남,37.776007497656984,22.443825441039927,3.2,12.0,58.0,1013.2,11.394455994455992,11,3,3,15.023408239700375,14.36205316223648
2024-11-22,전남,28.30074487895717,14.978122151321786,5.0,11.1,47.5,1014.0,11.394455994455992,11,3,4,22.443825441039927,18.1
2024-11-23,전남,27.527422303473493,16.10277033065237,3.4,10.4,47.6,1018.2,11.394455994455992,11,3,5,14.978122151321786,15.66456834532374
2024-11-24,전남,25.463081130355516,16.66030881017257,3.6,11.5,60.0,1020.7,11.394455994455992,11,3,6,16.10277033065237,10.121047877145438
2024-11-25,전남,19.720532319391634,10.665727699530516,5.2,13.1,68.4,1016.8,0.8,11,3,0,16.66030881017257,6.152737752161383
2024-11-26,전남,20.6011396011396,7.655038759689923,7.4,10.7,63.4,1006.6,30.9,11,3,1,10.665727699530516,8.903865213082259
2024-11-27,전남,18.700091996320147,7.695319961795606,6.3,5.3,61.0,1007.0,0.8,11,3,2,7.655038759689923,15.023408239700375
2024-11-28,전남,22.238558909444986,9.709,5.7,6.8,61.3,1005.5,0.0,11,3,3,7.695319961795606,22.443825441039927
2024-11-29,전남,15.27059925093633,7.00984251968504,5.2,6.4,66.9,1005.5,0.0,11,3,4,9.709,14.978122151321786
2024-11-30,전남,18.67120799273388,7.673450508788159,4.3,8.9,57.0,1008.8,0.0,11,3,5,7.00984251968504,16.10277033065237
2023-01-08,전북,101.3064369900272,31.712962962962962,1.3,2.9,61.5,1017.7,11.394455994455992,1,4,6,66.430426716141,37.68220742150333
2023-01-09,전북,83.13217866909754,33.25891181988743,1.7,4.6,66.5,1017.1,0.0,1,4,0,31.712962962962962,13.613152804642166
2023-01-10,전북,60.27007299270073,33.87786259541985,1.0,1.8,64.5,1021.0,11.394455994455992,1,4,1,33.25891181988743,15.75191570881226
2023-01-11,전북,63.098991750687446,42.10450623202301,1.1,3.7,62.4,1018.6,11.394455994455992,1,4,2,33.87786259541985,22.482658959537574
2023-01-12,전북,45.456238361266294,27.879802955665024,1.3,9.5,52.0,1014.1,0.4,1,4,3,42.10450623202301,53.3139896373057
2023-01-13,전북,13.43569292123629,9.728632478632479,1.8,12.5,94.8,1004.3,21.5,1,4,4,27.879802955665024,88.38439306358381
2023-01-14,전북,22.66635944700461,16.3115234375,1.4,6.6,95.5,1006.6,0.8,1,4,5,9.728632478632479,66.430426716141
2023-01-15,전북,22.427529626253417,11.80747663551402,2.9,0.7,79.0,1012.2,0.9,1,4,6,16.3115234375,31.712962962962962
2023-01-16,전북,21.3287419651056,10.668861712135465,1.9,-2.5,61.9,1018.0,11.394455994455992,1,4,0,11.80747663551402,33.25891181988743
2023-01-17,전북,27.54912764003673,16.621825023518344,1.3,-1.5,61.5,1019.5,11.394455994455992,1,4,1,10.668861712135465,33.87786259541985
2023-01-18,전북,52.99357798165138,29.462264150943398,1.2,0.1,71.1,1018.9,0.0,1,4,2,16.621825023518344,42.10450623202301
2023-01-19,전북,65.42527675276753,30.254476908576816,1.4,1.9,62.9,1017.0,11.394455994455992,1,4,3,29.462264150943398,27.879802955665024
2023-01-20,전북,76.98701298701299,21.492836676217767,3.1,0.5,51.9,1020.5,0.0,1,4,4,30.254476908576816,9.728632478632479
2023-01-21,전북,23.897459165154267,11.883301707779886,1.3,-2.1,54.6,1022.6,11.394455994455992,1,4,5,21.492836676217767,16.3115234375
2023-01-22,전북,31.249320036264734,18.177419354838708,0.9,1.7,53.4,1018.1,11.394455994455992,1,4,6,11.883301707779886,11.80747663551402
2023-01-23,전북,53.224341507720254,30.78219696969697,2.2,1.8,69.3,1015.7,11.394455994455992,1,4,0,18.177419354838708,10.668861712135465
2023-01-24,전북,24.34835680751174,10.021194605009635,4.5,-9.3,55.0,1021.5,0.2,1,4,1,30.78219696969697,16.621825023518344
2023-01-25,전북,17.29190207156309,9.33201189296333,1.4,-9.3,44.3,1023.2,11.394455994455992,1,4,2,10.021194605009635,29.462264150943398
2023-01-26,전북,20.447830101569714,14.277456647398845,1.6,-2.0,70.0,1016.1,0.1,1,4,3,9.33201189296333,30.254476908576816
2023-01-27,전북,32.72836095764273,18.88468809073724,2.8,-4.2,57.0,1015.7,0.0,1,4,4,14.277456647398845,21.492836676217767
2023-01-28,전북,27.1728624535316,15.18732261116367,1.1,-4.6,68.4,1015.9,0.0,1,4,5,18.88468809073724,11.883301707779886
2023-01-29,전북,48.782938388625595,18.425189393939394,2.4,0.6,66.3,1013.3,0.0,1,4,6,15.18732261116367,18.177419354838708
2023-01-30,전북,46.34423076923077,14.774634146341464,1.6,0.3,51.6,1016.5,11.394455994455992,1,4,0,18.425189393939394,30.78219696969697
2023-01-31,전북,35.67492850333651,16.581532416502945,2.1,3.9,51.6,1011.7,11.394455994455992,1,4,1,14.774634146341464,10.021194605009635
2023-02-01,전북,51.24179943767572,25.350574712643677,2.6,4.0,61.4,1012.4,11.394455994455992,2,4,2,16.581532416502945,9.33201189296333
2023-02-02,전북,43.69597069597069,16.029850746268657,1.6,-0.6,51.9,1019.3,11.394455994455992,2,4,3,25.350574712643677,14.277456647398845
2023-02-03,전북,35.21621621621622,17.70414746543779,1.4,-0.6,47.6,1016.5,11.394455994455992,2,4,4,16.029850746268657,18.88468809073724
2023-02-04,전북,45.569746376811594,30.403985507246375,1.4,0.1,58.6,1018.2,11.394455994455992,2,4,5,17.70414746543779,15.18732261116367
2023-02-05,전북,60.171195652173914,45.1767955801105,1.2,1.5,55.1,1017.9,11.394455994455992,2,4,6,30.403985507246375,18.425189393939394
2023-02-06,전북,65.5609532538955,48.68697282099344,1.1,3.8,46.6,1014.2,11.394455994455992,2,4,0,45.1767955801105,14.774634146341464
2023-02-07,전북,87.15341959334566,65.52502360717658,1.3,4.1,58.9,1013.5,11.394455994455992,2,4,1,48.68697282099344,16.581532416502945
2023-02-08,전북,81.83992640294389,62.58877644894204,1.1,2.5,72.1,1019.6,11.394455994455992,2,4,2,65.52502360717658,25.350574712643677
2023-02-09,전북,55.432683379758586,39.654562383612664,1.2,5.2,55.1,1018.2,1.3,2,4,3,62.58877644894204,16.029850746268657
2023-02-10,전북,25.99169741697417,20.742115027829314,1.1,4.2,86.5,1013.1,3.6,2,4,4,39.654562383612664,17.70414746543779
2023-02-11,전북,48.3143115942029,39.17545454545454,0.9,3.1,80.5,1016.0,11.394455994455992,2,4,5,20.742115027829314,30.403985507246375
2023-02-12,전북,64.68540344514959,54.26118721461187,0.8,3.9,75.9,1013.3,11.394455994455992,2,4,6,39.17545454545454,45.1767955801105
2023-02-13,전북,58.795600366636116,43.52865064695009,1.5,6.6,69.9,1010.1,0.0,2,4,0,54.26118721461187,48.68697282099344
2023-02-14,전북,46.86968576709797,30.92530345471522,1.7,2.5,65.4,1015.3,11.394455994455992,2,4,1,43.52865064695009,65.52502360717658
2023-02-15,전북,44.16728624535316,30.344506517690874,1.0,3.0,65.1,1020.8,0.0,2,4,2,30.92530345471522,62.58877644894204
2023-02-16,전북,41.32228360957643,30.528058877644895,1.2,3.3,69.0,1023.4,0.0,2,4,3,30.344506517690874,39.654562383612664
2023-02-17,전북,45.64636363636364,31.80709736123749,0.8,4.2,60.0,1020.0,11.394455994455992,2,4,4,30.528058877644895,20.742115027829314
2023-02-18,전북,66.33756805807623,48.526075022872824,0.7,7.2,61.1,1012.6,0.9,2,4,5,31.80709736123749,39.17545454545454
2023-02-19,전북,42.826205641492265,29.923076923076923,2.8,3.2,73.8,1013.5,2.9,2,4,6,48.526075022872824,54.26118721461187
2023-02-20,전북,36.26988636363637,12.152751423149905,3.0,0.0,58.4,1019.9,11.394455994455992,2,4,0,29.923076923076923,43.52865064695009
2023-02-21,전북,31.38832252085264,16.86456400742115,1.5,-0.6,50.5,1026.8,11.394455994455992,2,4,1,12.152751423149905,30.92530345471522
2023-02-22,전북,38.60238751147842,25.145756457564577,1.5,2.4,56.5,1022.7,0.1,2,4,2,16.86456400742115,30.344506517690874
2023-02-23,전북,34.333021515434986,21.27221702525725,1.3,3.6,67.4,1017.0,0.8,2,4,3,25.145756457564577,30.528058877644895
2023-02-24,전북,57.54968094804011,37.45761166818596,2.2,3.9,62.3,1017.8,11.394455994455992,2,4,4,21.27221702525725,31.80709736123749
2023-02-25,전북,32.82518115942029,15.702898550724637,1.8,1.0,52.8,1025.1,11.394455994455992,2,4,5,37.45761166818596,48.526075022872824
2023-02-26,전북,33.866606170598914,19.8021778584392,1.4,1.8,49.0,1029.5,11.394455994455992,2,4,6,15.702898550724637,29.923076923076923
2023-02-27,전북,47.73841961852861,33.50090744101633,1.5,4.4,51.9,1026.8,11.394455994455992,2,4,0,19.8021778584392,12.152751423149905
2023-02-28,전북,40.892824704813805,28.748858447488583,1.7,6.8,59.3,1020.2,11.394455994455992,2,4,1,33.50090744101633,16.86456400742115
2023-03-01,전북,44.89221014492754,28.51774340309372,2.3,7.1,64.4,1015.3,11.394455994455992,3,1,2,28.748858447488583,25.145756457564577
2023-03-02,전북,45.842396313364056,11.71152073732719,2.5,2.4,42.4,1021.0,11.394455994455992,3,1,3,28.51774340309372,21.27221702525725
2023-03-03,전북,39.97951582867784,15.801115241635689,1.6,4.1,49.8,1021.3,11.394455994455992,3,1,4,11.71152073732719,37.45761166818596
2023-03-04,전북,58.51361161524501,32.96818181818182,1.3,7.1,57.6,1021.1,11.394455994455992,3,1,5,15.801115241635689,15.702898550724637
2023-03-05,전북,85.25452898550725,56.3768115942029,1.3,8.4,49.9,1019.8,11.394455994455992,3,1,6,32.96818181818182,19.8021778584392
2023-03-06,전북,75.66787658802178,48.98910081743869,1.6,9.2,45.1,1016.6,11.394455994455992,3,1,0,56.3768115942029,33.50090744101633
2023-03-07,전북,63.08791208791209,30.095325389550872,2.4,14.3,39.1,1013.9,11.394455994455992,3,1,1,48.98910081743869,28.748858447488583
2023-03-08,전북,54.39707227813358,24.701738334858188,2.0,15.5,40.1,1012.3,11.394455994455992,3,1,2,30.095325389550872,28.51774340309372
2023-03-09,전북,53.50093808630394,30.883190883190885,1.7,13.8,70.9,1008.8,11.394455994455992,3,1,3,24.701738334858188,11.71152073732719
2023-03-10,전북,80.80451127819549,39.7340930674264,1.2,14.0,54.6,1012.0,11.394455994455992,3,1,4,30.883190883190885,15.801115241635689
2023-03-11,전북,101.47411444141689,39.99454049135578,1.7,17.5,35.9,1014.7,11.394455994455992,3,1,5,39.7340930674264,32.96818181818182
2023-03-12,전북,63.133393829401086,27.139981701738336,3.1,7.1,69.1,1014.5,11.4,3,1,6,39.99454049135578,56.3768115942029
2023-03-13,전북,41.35788479697828,10.645437262357415,1.7,3.6,38.5,1016.4,11.394455994455992,3,1,0,27.139981701738336,48.98910081743869
2023-03-14,전북,47.653446647780925,12.663524976437323,2.2,11.0,34.1,1011.6,11.394455994455992,3,1,1,10.645437262357415,30.095325389550872
2023-03-15,전북,38.665116279069764,11.374291115311909,3.1,12.5,59.9,1013.7,11.394455994455992,3,1,2,12.663524976437323,24.701738334858188
2023-03-16,전북,70.47862453531599,12.62724692526017,2.6,7.2,30.3,1020.8,11.394455994455992,3,1,3,11.374291115311909,30.883190883190885
2023-03-17,전북,59.17231897341888,19.33425160697888,1.1,8.0,38.1,1015.7,11.394455994455992,3,1,4,12.62724692526017,39.7340930674264
2023-03-18,전북,58.56119673617407,28.248864668483197,1.8,8.5,51.8,1012.5,11.394455994455992,3,1,5,19.33425160697888,39.99454049135578
2023-03-19,전북,78.92753623188406,46.19384057971015,1.4,8.1,54.0,1013.2,11.394455994455992,3,1,6,28.248864668483197,27.139981701738336
2023-03-20,전북,84.62616822429906,55.283471837488456,1.5,9.9,47.6,1008.9,11.394455994455992,3,1,0,46.19384057971015,10.645437262357415
2023-03-21,전북,72.40111940298507,38.16281221091582,1.2,14.6,39.8,1004.3,11.394455994455992,3,1,1,55.283471837488456,12.663524976437323
2023-03-22,전북,69.25724976613658,38.989543726235745,1.2,16.4,55.9,1002.1,3.4,3,1,2,38.16281221091582,11.374291115311909
2023-03-23,전북,111.96213592233009,53.3465250965251,1.1,12.4,85.0,999.9,12.2,3,1,3,38.989543726235745,12.62724692526017
2023-03-24,전북,144.06442831215972,30.238656987295826,1.2,9.8,63.5,1008.5,11.394455994455992,3,1,4,53.3465250965251,19.33425160697888
2023-03-25,전북,68.87636363636364,18.91537761601456,1.0,9.8,68.1,1011.4,11.394455994455992,3,1,5,30.238656987295826,28.248864668483197
2023-03-26,전북,65.62056414922657,20.912964641885765,1.9,9.0,56.9,1010.9,0.0,3,1,6,18.91537761601456,46.19384057971015
2023-03-27,전북,45.15448658649399,19.90205223880597,1.4,6.7,52.3,1015.4,11.394455994455992,3,1,0,20.912964641885765,55.283471837488456
2023-03-28,전북,75.96709323583181,34.653703703703705,1.5,9.1,49.3,1017.0,11.394455994455992,3,1,1,19.90205223880597,38.16281221091582
2023-03-29,전북,78.86363636363636,36.89,1.5,11.5,48.3,1015.2,11.394455994455992,3,1,2,34.653703703703705,38.989543726235745
2023-03-30,전북,65.14220183486239,31.365472910927455,1.6,14.1,39.0,1012.2,11.394455994455992,3,1,3,36.89,53.3465250965251
2023-03-31,전북,64.99454545454546,31.89818181818182,1.6,14.2,39.4,1011.0,11.394455994455992,3,1,4,31.365472910927455,30.238656987295826
2023-04-01,전북,78.46920289855072,44.050770625566635,1.6,16.2,38.0,1008.6,11.394455994455992,4,1,5,31.89818181818182,18.91537761601456
2023-04-02,전북,55.346363636363634,34.12715712988192,1.8,17.3,32.1,1011.0,11.394455994455992,4,1,6,44.050770625566635,20.912964641885765
2023-04-03,전북,50.5452865064695,32.02502316960148,2.0,17.6,31.6,1013.9,11.394455994455992,4,1,0,34.12715712988192,19.90205223880597
2023-04-04,전북,38.91605166051661,23.963754646840147,2.1,16.8,55.1,1011.1,9.3,4,1,1,32.02502316960148,34.653703703703705
2023-04-05,전북,20.336410256410257,14.704135737009544,3.5,13.8,86.0,1002.6,13.8,4,1,2,23.963754646840147,36.89
2023-04-06,전북,114.10111317254174,98.1123701605288,1.9,9.2,90.8,1005.2,7.0,4,1,3,14.704135737009544,31.365472910927455
2023-04-07,전북,82.1382783882784,56.75415896487985,2.4,8.3,70.8,1009.2,0.8,4,1,4,98.1123701605288,31.89818181818182
2023-04-08,전북,47.719202898550726,11.236842105263158,2.6,8.1,60.1,1013.8,11.394455994455992,4,1,5,56.75415896487985,44.050770625566635
2023-04-09,전북,69.05978260869566,15.325475974614687,1.9,10.2,48.6,1013.1,11.394455994455992,4,1,6,11.236842105263158,34.12715712988192
2023-04-10,전북,41.11834862385321,11.606617647058824,2.0,14.3,42.0,1008.8,11.394455994455992,4,1,0,15.325475974614687,32.02502316960148
2023-04-11,전북,42.58839779005525,14.982758620689655,2.8,15.0,74.6,1005.8,0.9,4,1,1,11.606617647058824,23.963754646840147
2023-04-12,전북,258.4864864864865,37.46716003700278,1.9,10.9,46.4,1011.6,11.394455994455992,4,1,2,14.982758620689655,14.704135737009544
2023-04-13,전북,158.31290622098422,27.257769652650822,1.4,14.1,30.9,1010.4,11.394455994455992,4,1,3,37.46716003700278,98.1123701605288
2023-04-14,전북,63.06993642143506,20.089579524680072,1.0,15.1,53.9,1005.7,0.4,4,1,4,27.257769652650822,56.75415896487985
2023-04-15,전북,45.563820018365476,21.982342007434944,1.3,13.1,84.0,998.5,3.0,4,1,5,20.089579524680072,11.236842105263158
2023-04-16,전북,105.14609800362976,32.7605504587156,1.4,10.7,76.1,999.2,0.9,4,1,6,21.982342007434944,15.325475974614687
2023-04-17,전북,82.95281306715063,26.64695009242144,1.4,14.4,56.8,1008.0,11.394455994455992,4,1,0,32.7605504587156,11.606617647058824
2023-04-18,전북,54.7550831792976,19.995251661918328,1.8,16.8,81.0,1003.8,0.4,4,1,1,26.64695009242144,14.982758620689655
2023-04-19,전북,38.450980392156865,22.02358490566038,1.2,20.5,74.4,1002.3,11.394455994455992,4,1,2,19.995251661918328,37.46716003700278
2023-04-20,전북,32.15627906976744,18.296296296296298,1.5,19.3,75.0,1003.0,11.394455994455992,4,1,3,22.02358490566038,27.257769652650822
2023-04-21,전북,62.93518518518518,23.923809523809524,1.4,17.5,67.5,1004.1,0.0,4,1,4,18.296296296296298,20.089579524680072
2023-04-22,전북,162.05758683729434,32.11814744801512,1.5,18.1,29.1,1010.8,11.394455994455992,4,1,5,23.923809523809524,21.982342007434944
2023-04-23,전북,109.30797101449275,26.58007448789572,1.1,16.2,36.3,1015.2,11.394455994455992,4,1,6,32.11814744801512,32.7605504587156
2023-04-24,전북,59.19444444444444,20.346788990825686,1.2,15.5,47.3,1015.6,11.394455994455992,4,1,0,26.58007448789572,26.64695009242144
2023-04-25,전북,27.125932835820894,14.41689879294336,1.1,10.5,74.5,1008.5,1.7,4,1,1,20.346788990825686,19.995251661918328
2023-04-26,전북,29.955882352941178,16.58007448789572,2.3,9.2,72.6,1008.4,0.0,4,1,2,14.41689879294336,22.02358490566038
2023-04-27,전북,32.92186046511628,18.82029795158287,1.4,12.6,61.1,1013.0,11.394455994455992,4,1,3,16.58007448789572,18.296296296296298
2023-04-28,전북,34.471296296296295,16.626281453867662,1.7,17.0,60.5,1009.3,0.0,4,1,4,18.82029795158287,23.923809523809524
2023-04-29,전북,31.640979147778786,15.78098788443616,2.1,14.2,84.9,1001.7,6.8,4,1,5,16.626281453867662,32.11814744801512
2023-04-30,전북,45.58152173913044,15.066852367688023,2.3,14.0,56.5,1005.1,11.394455994455992,4,1,6,15.78098788443616,26.58007448789572
2023-05-01,전북,56.023572076155936,24.1549815498155,1.6,15.6,54.6,1010.7,11.394455994455992,5,1,0,15.066852367688023,20.346788990825686
2023-05-02,전북,37.67567567567568,17.634307257304428,1.5,18.7,41.3,1014.9,11.394455994455992,5,1,1,24.1549815498155,14.41689879294336
2023-05-03,전북,39.42843601895735,18.324401913875597,1.8,19.3,51.9,1013.9,11.394455994455992,5,1,2,17.634307257304428,16.58007448789572
2023-05-04,전북,26.33457595526561,11.698428290766207,3.1,20.1,65.8,1006.1,1.8,5,1,3,18.324401913875597,18.82029795158287
2023-05-05,전북,6.337995337995338,3.9129129129129128,2.5,20.1,91.4,995.7,62.8,5,1,4,11.698428290766207,16.626281453867662
2023-05-06,전북,7.817887931034483,4.486352357320099,1.6,16.9,91.5,996.4,15.3,5,1,5,3.9129129129129128,15.78098788443616
2023-05-07,전북,23.314442413162705,15.644249512670566,1.5,12.9,74.5,1003.8,2.6,5,1,6,4.486352357320099,15.066852367688023
2023-05-08,전북,31.888686131386862,20.81111111111111,1.6,14.1,57.0,1009.4,11.394455994455992,5,1,0,15.644249512670566,24.1549815498155
2023-05-09,전북,42.144712430426715,24.307403936269914,1.5,15.3,57.9,1010.5,11.394455994455992,5,1,1,20.81111111111111,17.634307257304428
2023-05-10,전북,49.09700815956482,27.777675276752767,1.4,17.1,54.9,1009.9,11.394455994455992,5,1,2,24.307403936269914,18.324401913875597
2023-05-11,전북,47.45871559633027,27.555659494855004,1.6,19.0,51.0,1011.0,11.394455994455992,5,1,3,27.777675276752767,11.698428290766207
2023-05-12,전북,43.44808743169399,24.422303473491773,1.3,18.2,54.5,1010.1,0.0,5,1,4,27.555659494855004,3.9129129129129128
2023-05-13,전북,35.156079854809434,19.84153005464481,1.6,17.8,64.3,1005.9,11.394455994455992,5,1,5,24.422303473491773,4.486352357320099
2023-05-14,전북,27.029038112522684,15.737419945105215,1.4,18.4,56.6,1002.6,11.394455994455992,5,1,6,19.84153005464481,15.644249512670566
2023-05-15,전북,37.92451071761417,21.384186046511626,1.4,21.2,52.9,1001.7,11.394455994455992,5,1,0,15.737419945105215,20.81111111111111
2023-05-16,전북,48.45274102079395,23.4985835694051,1.7,24.5,45.0,1004.5,11.394455994455992,5,1,1,21.384186046511626,24.307403936269914
2023-05-17,전북,39.53868194842407,16.68313140726934,2.1,24.3,49.1,1006.3,11.394455994455992,5,1,2,23.4985835694051,27.777675276752767
2023-05-18,전북,28.59242144177449,17.33730522456462,1.5,19.2,75.1,1002.9,1.2,5,1,3,16.68313140726934,27.555659494855004
2023-05-19,전북,17.0194624652456,9.631992149165848,1.2,20.4,68.9,1001.6,11.394455994455992,5,1,4,17.33730522456462,24.422303473491773
2023-05-20,전북,23.981834695731152,14.052727272727273,1.7,19.7,72.6,1004.5,11.394455994455992,5,1,5,9.631992149165848,19.84153005464481
2023-05-21,전북,31.095940959409592,11.81630740393627,1.7,17.9,76.9,1003.7,11.394455994455992,5,1,6,14.052727272727273,15.737419945105215
2023-05-22,전북,125.8348880597015,35.83150183150183,1.2,17.0,74.4,1001.8,0.6,5,1,0,11.81630740393627,21.384186046511626
2023-05-23,전북,96.62236480293309,29.775229357798164,1.7,18.2,64.6,1003.8,0.0,5,1,1,35.83150183150183,23.4985835694051
2023-05-24,전북,52.45787545787546,23.142061281337046,1.4,19.8,61.8,1007.8,0.3,5,1,2,29.775229357798164,16.68313140726934
2023-05-25,전북,45.35202205882353,18.1873840445269,1.6,20.7,50.6,1009.3,11.394455994455992,5,1,3,23.142061281337046,17.33730522456462
2023-05-26,전북,34.919854280510016,14.623636363636363,1.5,22.0,55.4,1011.3,0.0,5,1,4,18.1873840445269,9.631992149165848
2023-05-27,전북,33.89945652173913,15.971920289855072,1.7,23.1,66.1,1010.0,0.0,5,1,5,14.623636363636363,14.052727272727273
2023-05-28,전북,15.15182755388941,7.670235546038544,1.0,21.2,91.1,1006.0,24.9,5,1,6,15.971920289855072,11.81630740393627
2023-05-29,전북,7.273009307135471,4.641921397379913,0.9,20.3,95.0,1003.3,131.2,5,1,0,7.670235546038544,35.83150183150183
2023-05-30,전북,20.807729468599035,10.84776119402985,1.2,23.4,77.9,1002.4,0.0,5,1,1,4.641921397379913,29.775229357798164
2023-05-31,전북,25.906427221172024,13.331417624521073,1.3,23.5,64.3,1003.1,11.394455994455992,5,1,2,10.84776119402985,23.142061281337046
2023-06-01,전북,29.872586872586872,17.599004975124377,1.1,21.4,72.1,999.3,0.0,6,2,3,13.331417624521073,18.1873840445269
2023-06-02,전북,31.643622200584225,17.171511627906977,1.8,21.0,79.0,996.3,0.6,6,2,4,17.599004975124377,14.623636363636363
2023-06-03,전북,40.06539509536785,20.13871260199456,1.9,21.7,59.6,1002.2,11.394455994455992,6,2,5,17.171511627906977,15.971920289855072
2023-06-04,전북,30.256340579710145,15.672101449275363,1.5,21.4,59.1,1005.0,11.394455994455992,6,2,6,20.13871260199456,7.670235546038544
2023-06-05,전북,30.076709796672827,16.284658040665434,1.4,20.9,65.3,1005.3,11.394455994455992,6,2,0,15.672101449275363,4.641921397379913
2023-06-06,전북,24.97275204359673,13.151680290644869,1.6,20.7,65.9,1000.9,11.394455994455992,6,2,1,16.284658040665434,10.84776119402985
2023-06-07,전북,26.841284403669725,13.816836262719704,1.2,21.3,72.8,1002.3,11.394455994455992,6,2,2,13.151680290644869,13.331417624521073
2023-06-08,전북,23.46733212341198,11.251167133520076,1.4,22.5,71.9,997.9,0.0,6,2,3,13.816836262719704,17.599004975124377
2023-06-09,전북,34.96478220574606,20.35933147632312,1.3,24.5,58.0,997.4,0.1,6,2,4,11.251167133520076,17.171511627906977
2023-06-10,전북,31.316651501364877,16.627949183303084,1.7,23.6,65.5,998.1,0.7,6,2,5,20.35933147632312,20.13871260199456
2023-06-11,전북,26.208522212148686,15.22463768115942,1.6,23.4,73.1,998.4,0.0,6,2,6,16.627949183303084,15.672101449275363
2023-06-12,전북,30.964022140221402,17.900369003690038,1.4,23.2,68.6,998.7,11.394455994455992,6,2,0,15.22463768115942,16.284658040665434
2023-06-13,전북,26.00561272217025,13.608776844070961,1.8,22.4,69.0,998.0,11.394455994455992,6,2,1,17.900369003690038,13.151680290644869
2023-06-14,전북,29.666352497643732,17.028169014084508,1.6,22.0,66.0,999.3,11.394455994455992,6,2,2,13.608776844070961,13.816836262719704
2023-06-15,전북,30.578703703703702,18.626851851851853,1.6,21.8,67.0,1002.2,11.394455994455992,6,2,3,17.028169014084508,11.251167133520076
2023-06-16,전북,35.96316758747698,22.80296022201665,1.6,23.4,65.0,1006.4,11.394455994455992,6,2,4,18.626851851851853,20.35933147632312
2023-06-17,전북,31.91371480472298,19.542157751586583,1.6,24.2,62.5,1006.2,11.394455994455992,6,2,5,22.80296022201665,16.627949183303084
2023-06-18,전북,28.359020852221214,16.985507246376812,1.3,24.4,59.8,1000.9,11.394455994455992,6,2,6,19.542157751586583,15.22463768115942
2023-06-19,전북,39.49908759124087,22.71624087591241,1.5,25.7,60.9,999.3,11.394455994455992,6,2,0,16.985507246376812,17.900369003690038
2023-06-20,전북,36.67337602927722,21.345554537121906,1.3,25.0,59.8,996.8,0.4,6,2,1,22.71624087591241,13.608776844070961
2023-06-21,전북,17.114814814814814,10.718242597898758,1.8,21.7,85.3,994.7,2.3,6,2,2,21.345554537121906,17.028169014084508
2023-06-22,전북,21.725345622119814,12.785253456221199,2.5,22.2,75.6,998.2,0.0,6,2,3,10.718242597898758,18.626851851851853
2023-06-23,전북,29.588724584103513,18.789719626168225,1.4,25.3,66.0,1002.5,11.394455994455992,6,2,4,12.785253456221199,22.80296022201665
2023-06-24,전북,33.83242753623188,22.25136612021858,1.2,26.2,65.8,1006.9,11.394455994455992,6,2,5,18.789719626168225,19.542157751586583
2023-06-25,전북,24.976277372262775,16.065437788018432,1.5,25.4,67.6,1004.7,2.9,6,2,6,22.25136612021858,16.985507246376812
2023-06-26,전북,10.724268177525968,5.0958762886597935,1.4,24.4,89.3,1000.4,30.1,6,2,0,16.065437788018432,22.71624087591241
2023-06-27,전북,22.143510054844608,13.16294227188082,2.4,26.1,75.3,1002.5,3.2,6,2,1,5.0958762886597935,21.345554537121906
2023-06-28,전북,16.431226765799256,9.312562814070352,1.7,23.9,83.9,1001.8,60.1,6,2,2,13.16294227188082,10.718242597898758
2023-06-29,전북,23.64359214218896,13.383928571428571,1.7,25.1,87.6,995.6,52.6,6,2,3,9.312562814070352,12.785253456221199
2023-06-30,전북,11.106161137440758,5.303703703703704,0.9,24.6,89.9,994.1,16.9,6,2,4,13.383928571428571,18.789719626168225
2023-07-01,전북,21.197718631178706,11.650390625,1.4,26.3,81.8,998.9,11.394455994455992,7,2,5,5.303703703703704,22.25136612021858
2023-07-02,전북,26.064638783269963,16.3368320610687,1.1,27.3,75.8,1001.6,11.394455994455992,7,2,6,11.650390625,16.065437788018432
2023-07-03,전북,27.941176470588236,16.875868917576963,1.1,27.8,75.8,998.6,11.394455994455992,7,2,0,16.3368320610687,5.0958762886597935
2023-07-04,전북,15.975855130784709,9.614973262032086,1.8,24.8,87.1,994.0,52.9,7,2,1,16.875868917576963,13.16294227188082
2023-07-05,전북,26.140684410646386,15.024485798237022,2.8,24.6,79.6,991.0,36.2,7,2,2,9.614973262032086,9.312562814070352
2023-07-06,전북,38.72143531633617,17.05487228003784,1.4,27.4,63.3,995.9,11.394455994455992,7,2,3,15.024485798237022,13.383928571428571
2023-07-07,전북,26.14175506268081,14.965104685942174,1.5,23.1,85.3,995.2,32.3,7,2,4,17.05487228003784,5.303703703703704
2023-07-08,전북,16.139097744360903,8.36146971201589,1.1,25.7,86.9,995.6,11.1,7,2,5,14.965104685942174,11.650390625
2023-07-09,전북,29.545625587958607,17.427083333333332,1.8,28.0,79.6,996.3,0.0,7,2,6,8.36146971201589,16.3368320610687
2023-07-10,전북,27.676663542642924,16.248565965583175,1.8,28.3,71.0,997.7,0.0,7,2,0,17.427083333333332,16.875868917576963
2023-07-11,전북,20.922339405560884,11.797405189620758,1.5,25.5,83.9,999.1,7.2,7,2,1,16.248565965583175,9.614973262032086
2023-07-12,전북,22.32970297029703,11.592252803261978,1.4,27.2,82.6,998.9,0.5,7,2,2,11.797405189620758,15.024485798237022
2023-07-13,전북,20.154589371980677,9.64263959390863,1.4,26.2,86.5,997.8,17.3,7,2,3,11.592252803261978,17.05487228003784
2023-07-14,전북,13.84995340167754,6.412601626016261,2.1,25.2,93.0,993.8,251.5,7,2,4,9.64263959390863,14.965104685942174
2023-07-15,전북,12.20640904806786,5.885279187817259,2.2,24.6,90.6,995.8,44.7,7,2,5,6.412601626016261,8.36146971201589
2023-07-16,전북,14.647954329210275,6.847930702598653,1.1,25.4,85.3,1001.2,4.2,7,2,6,5.885279187817259,17.427083333333332
2023-07-17,전북,8.296296296296296,3.6312649164677806,1.5,25.7,88.6,1005.3,25.4,7,2,0,6.847930702598653,16.248565965583175
2023-07-18,전북,7.531722054380665,3.008433734939759,1.0,23.7,94.0,1003.0,53.4,7,2,1,3.6312649164677806,11.797405189620758
2023-07-19,전북,21.204651162790697,11.79079079079079,1.4,26.3,78.0,1000.6,11.394455994455992,7,2,2,3.008433734939759,11.592252803261978
2023-07-20,전북,41.83,28.42633517495396,1.0,26.8,77.3,1002.6,11.394455994455992,7,2,3,11.79079079079079,9.64263959390863
2023-07-21,전북,39.716773602199815,28.55805243445693,1.0,28.5,70.5,1004.7,11.394455994455992,7,2,4,28.42633517495396,6.412601626016261
2023-07-22,전북,19.535288725939505,11.53888888888889,2.0,25.7,74.4,1005.3,0.7,7,2,5,28.55805243445693,5.885279187817259
2023-07-23,전북,11.919781221513217,5.348747591522158,1.6,26.2,85.0,1001.9,51.5,7,2,6,11.53888888888889,6.847930702598653
2023-07-24,전북,11.563143124415342,5.538232373386296,1.2,26.3,83.0,1002.5,43.4,7,2,0,5.348747591522158,3.6312649164677806
2023-07-25,전북,12.921875,5.635029354207436,1.0,26.1,85.5,1006.4,38.0,7,2,1,5.538232373386296,3.008433734939759
2023-07-26,전북,16.326415094339623,7.318702290076335,1.2,26.3,83.4,1008.1,31.9,7,2,2,5.635029354207436,11.79079079079079
2023-07-27,전북,20.65953488372093,11.047169811320755,1.0,27.5,79.5,1007.5,0.3,7,2,3,7.318702290076335,28.42633517495396
2023-07-28,전북,28.723540145985403,17.94770642201835,1.4,29.1,72.4,1007.3,11.394455994455992,7,2,4,11.047169811320755,28.55805243445693
2023-07-29,전북,25.79616087751371,16.144846796657383,1.4,29.4,70.4,1007.4,1.0,7,2,5,17.94770642201835,11.53888888888889
2023-07-30,전북,27.347826086956523,17.899446494464943,1.2,27.5,80.4,1006.6,31.5,7,2,6,16.144846796657383,5.348747591522158
2023-07-31,전북,26.74954128440367,16.23600746268657,1.4,28.5,75.8,1005.6,11.394455994455992,7,2,0,17.899446494464943,5.538232373386296
2023-08-01,전북,36.46944444444444,24.42418426103647,1.0,29.6,74.0,1003.4,0.0,8,2,1,16.23600746268657,5.635029354207436
2023-08-02,전북,38.21601489757914,26.576335877862597,1.3,29.5,71.3,1001.2,11.394455994455992,8,2,2,24.42418426103647,7.318702290076335
2023-08-03,전북,26.01825168107589,16.182938388625594,1.1,30.3,67.1,999.4,0.0,8,2,3,26.576335877862597,11.047169811320755
2023-08-04,전북,22.21197718631179,12.430871212121213,1.0,30.2,67.8,997.6,0.0,8,2,4,16.182938388625594,17.94770642201835
2023-08-05,전북,27.45041705282669,16.82090909090909,1.4,30.2,71.4,993.8,11.394455994455992,8,2,5,12.430871212121213,16.144846796657383
2023-08-06,전북,24.63543599257885,15.00090909090909,1.1,29.6,75.5,991.3,15.6,8,2,6,16.82090909090909,17.899446494464943
2023-08-07,전북,22.3607476635514,12.333023255813954,1.2,29.4,77.3,992.1,11.394455994455992,8,2,0,15.00090909090909,16.23600746268657
2023-08-08,전북,18.97809523809524,9.352830188679246,1.0,29.9,72.9,994.3,10.1,8,2,1,12.333023255813954,24.42418426103647
2023-08-09,전북,15.796330275229359,7.203228869895536,1.8,26.6,81.6,994.4,16.5,8,2,2,9.352830188679246,26.576335877862597
2023-08-10,전북,9.184701492537313,4.228180862250263,3.7,22.5,93.1,989.1,152.1,8,2,3,7.203228869895536,16.182938388625594
2023-08-11,전북,26.593141797961074,11.632119514472455,1.7,26.1,79.3,994.5,1.2,8,2,4,4.228180862250263,12.430871212121213
2023-08-12,전북,31.341485507246375,17.16589434661724,0.9,25.6,81.5,997.4,2.5,8,2,5,11.632119514472455,16.82090909090909
2023-08-13,전북,35.15956482320943,21.29832713754647,1.1,27.7,73.4,997.8,11.394455994455992,8,2,6,17.16589434661724,15.00090909090909
2023-08-14,전북,36.68858447488584,23.112994350282484,1.2,28.3,76.0,998.6,11.394455994455992,8,2,0,21.29832713754647,12.333023255813954
2023-08-15,전북,35.98094373865699,22.279926335174952,1.3,27.8,77.6,997.7,0.0,8,2,1,23.112994350282484,9.352830188679246
2023-08-16,전북,27.9366391184573,16.86968838526912,1.6,27.2,77.9,997.5,11.394455994455992,8,2,2,22.279926335174952,7.203228869895536
2023-08-17,전북,21.12927054478301,12.298479087452472,1.3,27.4,74.5,998.1,11.394455994455992,8,2,3,16.86968838526912,4.228180862250263
2023-08-18,전북,22.864814814814814,13.219905213270142,1.0,27.2,78.1,1000.0,7.7,8,2,4,12.298479087452472,11.632119514472455
2023-08-19,전북,23.880800727934485,14.071761416589002,1.3,28.2,75.1,1003.0,11.394455994455992,8,2,5,13.219905213270142,17.16589434661724
2023-08-20,전북,28.987295825771326,17.993451824134706,1.2,29.0,70.9,1004.4,11.394455994455992,8,2,6,14.071761416589002,21.29832713754647
2023-08-21,전북,24.00820419325433,14.083962264150943,1.8,29.5,68.3,1001.2,0.0,8,2,0,17.993451824134706,23.112994350282484
2023-08-22,전북,21.363385464581416,12.934640522875817,2.2,29.2,69.6,997.9,11.394455994455992,8,2,1,14.083962264150943,22.279926335174952
2023-08-23,전북,13.191352345906164,6.133709981167608,1.5,27.2,81.9,998.0,18.1,8,2,2,12.934640522875817,16.86968838526912
2023-08-24,전북,13.588507877664505,6.594646271510516,1.0,25.8,89.1,999.3,15.0,8,2,3,6.133709981167608,12.298479087452472
2023-08-25,전북,22.83488805970149,11.259570494864613,1.8,26.2,74.9,1001.8,0.0,8,2,4,6.594646271510516,13.219905213270142
2023-08-26,전북,31.18611111111111,17.43268337975859,1.3,25.5,75.3,1002.6,11.394455994455992,8,2,5,11.259570494864613,14.071761416589002
2023-08-27,전북,36.69094304388422,23.91884328358209,1.0,27.0,73.6,1001.0,11.394455994455992,8,2,6,17.43268337975859,17.993451824134706
2023-08-28,전북,24.802619270346117,15.083022388059701,1.5,27.5,73.4,999.2,0.0,8,2,0,23.91884328358209,14.083962264150943
2023-08-29,전북,13.833178869323447,6.304597701149425,1.7,25.9,82.8,999.5,3.4,8,2,1,15.083022388059701,12.934640522875817
2023-08-30,전북,14.467099165894346,6.9397705544933075,0.8,21.8,92.4,1002.8,32.6,8,2,2,6.304597701149425,6.133709981167608
2023-08-31,전북,21.628988149498632,11.244897959183673,0.9,23.3,79.6,1003.8,11.394455994455992,8,2,3,6.9397705544933075,6.594646271510516
2023-09-01,전북,32.50547445255474,19.285323609845033,1.2,24.2,71.0,1004.7,11.394455994455992,9,3,4,11.244897959183673,11.259570494864613
2023-09-02,전북,30.94181818181818,18.89382940108893,0.9,24.8,74.5,1004.6,0.0,9,3,5,19.285323609845033,17.43268337975859
2023-09-03,전북,19.229582577132486,10.20510483135825,1.3,26.8,77.1,1005.0,56.9,9,3,6,18.89382940108893,23.91884328358209
2023-09-04,전북,24.515981735159816,13.18256880733945,1.2,26.8,80.0,1004.7,0.0,9,3,0,10.20510483135825,15.083022388059701
2023-09-05,전북,23.52621895124195,12.386617100371748,1.2,27.1,70.9,1004.1,11.394455994455992,9,3,1,13.18256880733945,6.304597701149425
2023-09-06,전북,26.138157894736842,14.605018587360595,1.4,26.6,65.3,1004.5,11.394455994455992,9,3,2,12.386617100371748,6.9397705544933075
2023-09-07,전북,22.311132254995243,11.631873252562908,1.3,25.9,56.6,1006.8,11.394455994455992,9,3,3,14.605018587360595,11.244897959183673
2023-09-08,전북,20.803939962476548,10.006505576208179,1.4,24.2,63.4,1006.0,11.394455994455992,9,3,4,11.631873252562908,19.285323609845033
2023-09-09,전북,29.953804347826086,16.994500458295143,1.4,24.8,68.6,1004.3,11.394455994455992,9,3,5,10.006505576208179,18.89382940108893
2023-09-10,전북,35.59746146872167,22.551020408163264,1.2,25.5,69.5,1003.4,11.394455994455992,9,3,6,16.994500458295143,10.20510483135825
2023-09-11,전북,31.482758620689655,18.894934333958723,1.3,25.4,66.8,1002.9,11.394455994455992,9,3,0,22.551020408163264,13.18256880733945
2023-09-12,전북,30.536286522148917,17.71197718631179,1.1,25.1,67.1,1004.1,11.394455994455992,9,3,1,18.894934333958723,12.386617100371748
2023-09-13,전북,25.346798029556652,16.353061224489796,1.1,21.2,88.9,1004.5,18.2,9,3,2,17.71197718631179,14.605018587360595
2023-09-14,전북,14.627272727272727,8.520299145299145,0.8,22.6,89.3,1005.2,18.5,9,3,3,16.353061224489796,11.631873252562908
2023-09-15,전북,12.534883720930232,5.70187561697927,0.6,23.2,96.4,1006.0,29.0,9,3,4,8.520299145299145,10.006505576208179
2023-09-16,전북,14.43494085532302,6.711111111111111,1.0,24.0,93.0,1004.8,30.3,9,3,5,5.70187561697927,16.994500458295143
2023-09-17,전북,13.867959372114496,5.9851190476190474,2.0177358490566037,25.0,85.3,1003.7,0.0,9,3,6,6.711111111111111,22.551020408163264
2023-09-18,전북,14.58755980861244,6.659465020576132,1.3,25.1,81.3,1006.0,11.394455994455992,9,3,0,5.9851190476190474,18.894934333958723
2023-09-19,전북,24.875231053604438,13.8,0.9,24.5,77.8,1007.5,11.394455994455992,9,3,1,6.659465020576132,17.71197718631179
2023-09-20,전북,29.506554307116104,17.869524697110904,1.2,22.4,93.3,1001.3,31.4,9,3,2,13.8,16.353061224489796
2023-09-21,전북,14.524461839530332,6.580321285140562,1.7,20.4,88.0,1003.4,2.2,9,3,3,17.869524697110904,8.520299145299145
2023-09-22,전북,23.375,12.288910505836576,1.1,20.3,78.5,1008.9,11.394455994455992,9,3,4,6.580321285140562,5.70187561697927
2023-09-23,전북,24.13260672116258,12.936626281453867,1.1,20.4,70.0,1012.1,11.394455994455992,9,3,5,12.288910505836576,6.711111111111111
2023-09-24,전북,18.334542157751585,8.21880819366853,1.5,21.7,62.1,1011.4,11.394455994455992,9,3,6,12.936626281453867,5.9851190476190474
2023-09-25,전북,20.432610744580586,8.670192307692307,1.0,22.5,72.6,1008.6,1.6,9,3,0,8.21880819366853,6.659465020576132
2023-09-26,전북,18.27166504381694,8.947628458498023,1.0,22.0,93.3,1005.7,5.8,9,3,1,8.670192307692307,13.8
2023-09-27,전북,15.067860508953817,7.254138266796494,1.7,22.0,91.0,1005.5,3.5,9,3,2,8.947628458498023,17.869524697110904
2023-09-28,전북,37.79710144927536,23.56572982774252,1.3,22.7,81.9,1007.6,11.394455994455992,9,3,3,7.254138266796494,6.580321285140562
2023-09-29,전북,53.022644927536234,32.44514959202176,1.0,20.8,78.3,1007.5,0.0,9,3,4,23.56572982774252,12.288910505836576
2023-09-30,전북,24.270833333333332,13.481380563124432,1.4,19.3,78.9,1005.5,6.0,9,3,5,32.44514959202176,12.936626281453867
2023-10-01,전북,28.031135531135533,10.926497277676951,2.1,18.9,62.3,1008.1,0.0,10,3,6,13.481380563124432,8.21880819366853
2023-10-02,전북,21.013011152416357,10.510073260073261,1.6,18.1,62.4,1011.1,11.394455994455992,10,3,0,10.926497277676951,8.670192307692307
2023-10-03,전북,22.307622504537203,12.429223744292237,1.1,17.2,72.4,1010.4,0.0,10,3,1,10.510073260073261,8.947628458498023
2023-10-04,전북,22.437908496732025,12.538821328344246,1.7,18.5,73.0,1007.7,0.0,10,3,2,12.429223744292237,7.254138266796494
2023-10-05,전북,38.07445805843544,9.616029822926375,2.2,15.7,46.8,1010.0,11.394455994455992,10,3,3,12.538821328344246,23.56572982774252
2023-10-06,전북,24.652985074626866,10.463551401869159,1.1,16.2,55.9,1012.4,11.394455994455992,10,3,4,9.616029822926375,32.44514959202176
2023-10-07,전북,32.98913043478261,17.176470588235293,0.9,17.3,64.5,1014.3,11.394455994455992,10,3,5,10.463551401869159,13.481380563124432
2023-10-08,전북,20.77264492753623,11.290960451977401,1.2,18.3,68.5,1014.5,0.3,10,3,6,17.176470588235293,10.926497277676951
2023-10-09,전북,19.235720761559385,9.72829131652661,1.2,18.2,72.0,1012.7,11.394455994455992,10,3,0,11.290960451977401,10.510073260073261
2023-10-10,전북,25.835185185185185,14.800766283524904,1.3,17.5,77.1,1013.9,0.0,10,3,1,9.72829131652661,12.429223744292237
2023-10-11,전북,28.334582942830366,15.789122137404581,1.2,18.0,62.5,1016.7,11.394455994455992,10,3,2,14.800766283524904,12.538821328344246
2023-10-12,전북,28.118628359592215,14.726843100189036,1.1,17.9,57.9,1016.7,11.394455994455992,10,3,3,15.789122137404581,9.616029822926375
2023-10-13,전북,37.048802946593,20.257169287696577,1.1,17.6,62.5,1010.8,11.394455994455992,10,3,4,14.726843100189036,10.463551401869159
2023-10-14,전북,32.7298277425204,19.506340579710145,1.6,16.3,73.0,1003.8,0.4,10,3,5,20.257169287696577,17.176470588235293
2023-10-15,전북,28.217588395285585,17.157272727272726,1.7,16.1,77.9,1004.9,11.394455994455992,10,3,6,19.506340579710145,11.290960451977401
2023-10-16,전북,38.90892364305428,15.261751152073733,1.8,15.4,64.9,1009.2,11.394455994455992,10,3,0,17.157272727272726,9.72829131652661
2023-10-17,전북,31.238946378174976,12.108286252354048,1.4,14.1,66.8,1012.8,11.394455994455992,10,3,1,15.261751152073733,14.800766283524904
2023-10-18,전북,31.51094196003806,15.23904761904762,1.3,15.8,70.1,1012.9,11.394455994455992,10,3,2,12.108286252354048,15.789122137404581
2023-10-19,전북,30.328557784145175,16.973938223938223,1.6,16.5,84.0,1009.7,11.1,10,3,3,15.23904761904762,14.726843100189036
2023-10-20,전북,19.133850630455868,7.180039138943249,2.4,12.7,64.9,1011.2,4.9,10,3,4,16.973938223938223,20.257169287696577
2023-10-21,전북,21.213039485766757,7.68,1.7,11.3,66.9,1014.9,1.5,10,3,5,7.180039138943249,19.506340579710145
2023-10-22,전북,25.096188747731397,9.602199816681944,1.2,12.8,67.9,1016.9,11.394455994455992,10,3,6,7.68,17.157272727272726
2023-10-23,전북,30.587078651685392,14.489814814814816,1.3,14.7,73.5,1016.0,11.394455994455992,10,3,0,9.602199816681944,15.261751152073733
2023-10-24,전북,33.94123408423115,18.94956353055286,1.2,15.6,70.5,1013.4,11.394455994455992,10,3,1,14.489814814814816,12.108286252354048
2023-10-25,전북,38.77057115198451,21.839613526570048,1.1,16.7,73.8,1011.3,11.394455994455992,10,3,2,18.94956353055286,15.23904761904762
2023-10-26,전북,50.06091846298032,31.845789971617787,1.4,17.2,80.4,1008.7,0.0,10,3,3,21.839613526570048,16.973938223938223
2023-10-27,전북,49.62325581395349,21.22096317280453,1.9,15.4,65.5,1008.2,11.394455994455992,10,3,4,31.845789971617787,7.180039138943249
2023-10-28,전북,40.114921223354955,18.9935125115848,1.4,14.6,74.3,1011.7,11.394455994455992,10,3,5,21.22096317280453,7.68
2023-10-29,전북,40.8498609823911,22.934782608695652,1.1,15.4,71.5,1014.2,11.394455994455992,10,3,6,18.9935125115848,9.602199816681944
2023-10-30,전북,43.816402609506056,24.508587786259543,1.2,15.5,75.6,1015.6,11.394455994455992,10,3,0,22.934782608695652,14.489814814814816
2023-10-31,전북,44.642990654205605,25.708920187793428,1.2,15.0,73.0,1015.4,11.394455994455992,10,3,1,24.508587786259543,18.94956353055286
2023-11-01,전북,41.86300093196645,21.22273998136067,2.0,18.7,70.3,1012.3,11.394455994455992,11,3,2,25.708920187793428,21.839613526570048
2023-11-02,전북,31.772128060263654,15.231132075471699,1.7,20.3,59.5,1010.9,11.394455994455992,11,3,3,21.22273998136067,31.845789971617787
2023-11-03,전북,28.992402659069327,15.256434699714013,1.7,19.7,70.9,1009.6,11.394455994455992,11,3,4,15.231132075471699,21.22096317280453
2023-11-04,전북,36.101851851851855,21.083410565338276,1.2,19.7,84.4,1012.6,8.4,11,3,5,15.256434699714013,18.9935125115848
2023-11-05,전북,26.632311977715876,17.59794776119403,2.2,20.4,77.6,1008.8,8.7,11,3,6,21.083410565338276,22.934782608695652
2023-11-06,전북,29.385553470919323,9.749520153550863,4.4,15.9,71.9,1003.5,20.7,11,3,0,17.59794776119403,24.508587786259543
2023-11-07,전북,24.822283609576427,10.099815157116451,2.5,9.6,61.5,1014.6,0.0,11,3,1,9.749520153550863,25.708920187793428
2023-11-08,전북,24.282629107981222,12.636876763875824,1.2,9.4,61.8,1015.1,11.394455994455992,11,3,2,10.099815157116451,21.22273998136067
2023-11-09,전북,31.24376731301939,18.970506912442396,1.4,14.4,76.9,1012.7,24.4,11,3,3,12.636876763875824,15.231132075471699
2023-11-10,전북,20.762820512820515,10.901369863013699,3.0,7.0,57.6,1017.8,1.3,11,3,4,18.970506912442396,15.256434699714013
2023-11-11,전북,20.814143245693565,12.181488203266788,1.3,3.0,58.3,1021.4,11.394455994455992,11,3,5,10.901369863013699,21.083410565338276
2023-11-12,전북,19.257039055404178,11.533636363636363,1.3,4.0,65.8,1020.3,11.394455994455992,11,3,6,12.181488203266788,17.59794776119403
2023-11-13,전북,20.257914338919925,11.358419567262464,1.3,4.2,63.5,1021.3,11.394455994455992,11,3,0,11.533636363636363,9.749520153550863
2023-11-14,전북,24.076849183477425,13.687378640776698,1.4,7.5,68.3,1019.7,11.394455994455992,11,3,1,11.358419567262464,10.099815157116451
2023-11-15,전북,38.727727727727725,25.09456740442656,1.2,8.9,67.1,1020.5,11.394455994455992,11,3,2,13.687378640776698,12.636876763875824
2023-11-16,전북,36.221247563352826,25.75449101796407,1.3,7.1,86.6,1013.1,16.8,11,3,3,25.09456740442656,18.970506912442396
2023-11-17,전북,15.742774566473988,8.153470185728251,1.7,3.8,83.4,1008.0,8.5,11,3,4,25.75449101796407,10.901369863013699
2023-11-18,전북,19.20108695652174,10.14,1.9,3.3,74.1,1012.4,1.8,11,3,5,8.153470185728251,12.181488203266788
2023-11-19,전북,37.67663043478261,17.332427536231883,2.2,8.6,75.6,1011.9,11.394455994455992,11,3,6,10.14,11.533636363636363
2023-11-20,전북,31.45392156862745,17.31374501992032,1.3,7.4,64.3,1016.6,11.394455994455992,11,3,0,17.332427536231883,11.358419567262464
2023-11-21,전북,33.392607392607395,20.609485368314832,1.3,8.0,64.6,1014.7,11.394455994455992,11,3,1,17.31374501992032,13.687378640776698
2023-11-22,전북,33.05714285714286,20.853868194842406,1.3,11.1,72.4,1010.0,11.394455994455992,11,3,2,20.609485368314832,25.09456740442656
2023-11-23,전북,79.07914338919926,37.900756143667294,2.6,13.0,72.3,1007.9,0.0,11,3,3,20.853868194842406,25.75449101796407
2023-11-24,전북,17.105508870214752,7.066921606118547,3.5,2.4,54.5,1021.4,11.394455994455992,11,3,4,37.900756143667294,8.153470185728251
2023-11-25,전북,17.58983666061706,9.636536631779258,1.5,0.4,45.3,1024.9,11.394455994455992,11,3,5,7.066921606118547,10.14
2023-11-26,전북,29.60093457943925,20.133653846153845,0.8,4.3,54.0,1017.5,0.5,11,3,6,9.636536631779258,17.332427536231883
2023-11-27,전북,30.908212560386474,18.682902584493043,1.9,8.9,74.8,1008.4,1.1,11,3,0,20.133653846153845,17.31374501992032
2023-11-28,전북,32.03543307086614,16.534954407294833,2.2,5.0,63.9,1014.6,11.394455994455992,11,3,1,18.682902584493043,20.609485368314832
2023-11-29,전북,26.965753424657535,15.809045226130653,1.9,4.4,68.9,1017.9,0.0,11,3,2,16.534954407294833,20.853868194842406
2023-11-30,전북,18.091509433962266,8.360153256704981,2.7,-0.1,55.3,1021.6,0.0,11,3,3,15.809045226130653,37.900756143667294
2023-12-01,전북,21.084493964716806,12.182926829268293,1.8,0.4,60.9,1019.3,0.0,12,4,4,8.360153256704981,7.066921606118547
2023-12-02,전북,29.005434782608695,17.03796296296296,1.4,4.9,63.5,1018.7,0.0,12,4,5,12.182926829268293,9.636536631779258
2023-12-03,전북,34.233000906618315,19.19962859795729,1.4,4.2,63.3,1019.4,11.394455994455992,12,4,6,17.03796296296296,20.133653846153845
2023-12-04,전북,29.06532180595581,18.02415458937198,1.1,3.7,61.0,1015.0,11.394455994455992,12,4,0,19.19962859795729,18.682902584493043
2023-12-05,전북,40.5586011342155,25.53639846743295,1.2,6.4,59.4,1010.3,11.394455994455992,12,4,1,18.02415458937198,16.534954407294833
2023-12-06,전북,73.94167450611477,50.06183574879227,2.5,9.1,70.6,1004.8,6.3,12,4,2,25.53639846743295,15.809045226130653
2023-12-07,전북,62.21442125237191,14.801350048216008,2.1,7.7,55.8,1009.6,11.394455994455992,12,4,3,50.06183574879227,8.360153256704981
2023-12-08,전북,80.07819687212512,21.85753931544866,2.4,14.0,60.4,1007.9,11.394455994455992,12,4,4,14.801350048216008,12.182926829268293
2023-12-09,전북,52.98730734360834,21.828544949026877,1.5,14.9,72.3,1011.0,11.394455994455992,12,4,5,21.85753931544866,17.03796296296296
2023-12-10,전북,53.79473206176203,29.722323049001815,0.8,14.4,78.4,1014.5,0.0,12,4,6,21.828544949026877,19.19962859795729
2023-12-11,전북,32.921380632790026,19.3251953125,0.9,12.5,95.6,1006.8,35.9,12,4,0,29.722323049001815,18.02415458937198
2023-12-12,전북,10.37560975609756,5.035460992907802,1.1,8.8,96.5,1011.9,5.5,12,4,1,19.3251953125,25.53639846743295
2023-12-13,전북,18.866223908918407,10.23686723973257,1.0,11.0,76.5,1019.7,11.394455994455992,12,4,2,5.035460992907802,50.06183574879227
2023-12-14,전북,15.041346153846154,8.303883495145632,1.5,11.8,81.5,1013.7,21.5,12,4,3,10.23686723973257,14.801350048216008
2023-12-15,전북,8.651296829971182,4.478483606557377,2.4,10.3,94.6,1005.7,63.8,12,4,4,8.303883495145632,21.85753931544866
2023-12-16,전북,13.658627087198516,6.698874296435272,4.0,-0.7,89.6,1016.4,4.0,12,4,5,4.478483606557377,21.828544949026877
2023-12-17,전북,13.989972652689152,8.549718574108818,2.6,-6.3,65.6,1026.2,1.0,12,4,6,6.698874296435272,29.722323049001815
2023-12-18,전북,15.064186046511628,8.957825679475164,1.5,-3.5,62.8,1026.7,11.394455994455992,12,4,0,8.549718574108818,19.3251953125
2023-12-19,전북,28.24268177525968,19.200188857412652,0.8,-0.7,69.1,1020.7,0.0,12,4,1,8.957825679475164,5.035460992907802
2023-12-20,전북,26.172804532577903,18.495283018867923,2.7,-3.5,77.5,1019.9,0.9,12,4,2,19.200188857412652,10.23686723973257
2023-12-21,전북,15.306466729147141,9.958762886597938,1.7,-7.4,66.9,1022.6,0.0,12,4,3,18.495283018867923,8.303883495145632
2023-12-22,전북,18.943466172381836,12.132530120481928,1.8,-7.1,63.3,1028.7,0.0,12,4,4,9.958762886597938,4.478483606557377
2023-12-23,전북,22.257039055404178,15.603807796917497,1.0,-3.2,64.5,1029.0,11.394455994455992,12,4,5,12.132530120481928,6.698874296435272
2023-12-24,전북,31.617753623188406,23.309782608695652,1.0,0.2,78.4,1023.5,1.9,12,4,6,15.603807796917497,8.549718574108818
2023-12-25,전북,40.51449275362319,29.819746376811594,1.3,0.9,79.6,1022.3,0.2,12,4,0,23.309782608695652,8.957825679475164
2023-12-26,전북,36.23717948717949,24.52157943067034,1.5,3.7,72.1,1022.8,11.394455994455992,12,4,1,29.819746376811594,19.200188857412652
2023-12-27,전북,44.17561419472248,30.38328792007266,1.1,4.1,75.8,1023.0,11.394455994455992,12,4,2,24.52157943067034,18.495283018867923
2023-12-28,전북,52.58791208791209,39.181569343065696,1.2,2.8,79.1,1021.6,11.394455994455992,12,4,3,30.38328792007266,9.958762886597938
2023-12-29,전북,67.82729805013928,50.87,1.3,2.6,75.1,1019.8,11.394455994455992,12,4,4,39.181569343065696,12.132530120481928
2023-12-30,전북,68.05004633920296,52.98366606170599,1.2,4.0,78.8,1010.3,1.1,12,4,5,50.87,15.603807796917497
2023-12-31,전북,41.804566210045664,30.075317604355718,2.9,5.8,81.5,1011.5,1.9,12,4,6,52.98366606170599,23.309782608695652
2024-10-01,전북,19.749131944444443,8.88209219858156,1.6,18.6,78.3,1005.9,3.7,10,3,1,30.075317604355718,29.819746376811594
2024-10-02,전북,19.584358523725836,8.646001796945193,1.9,15.6,61.0,1011.4,11.394455994455992,10,3,2,8.88209219858156,24.52157943067034
2024-10-03,전북,18.303618711385703,10.131433823529411,1.1,13.3,86.9,1014.7,7.4,10,3,3,8.646001796945193,30.38328792007266
2024-10-04,전북,14.248653500897666,7.520037278657968,1.1,16.9,75.5,1016.6,11.394455994455992,10,3,4,10.131433823529411,39.181569343065696
2024-10-05,전북,19.564946619217082,10.017421602787456,0.8,18.3,70.4,1015.4,11.394455994455992,10,3,5,7.520037278657968,50.87
2024-10-06,전북,21.850044365572316,11.95486111111111,0.8,17.5,84.6,1013.3,0.3,10,3,6,10.017421602787456,52.98366606170599
2024-10-07,전북,30.815268614514608,19.40590405904059,0.8,17.5,84.4,1011.0,4.7,10,3,0,11.95486111111111,30.075317604355718
2024-10-08,전북,46.73314606741573,29.912087912087912,1.2,18.0,79.8,1009.8,11.394455994455992,10,3,1,19.40590405904059,8.88209219858156
2024-10-09,전북,33.35144927536232,19.229609929078013,1.0,18.7,73.9,1008.7,11.394455994455992,10,3,2,29.912087912087912,8.646001796945193
2024-10-10,전북,23.31144465290807,12.069788797061525,1.3,19.1,72.8,1008.4,0.1,10,3,3,19.229609929078013,10.131433823529411
2024-10-11,전북,29.50190114068441,16.631132075471697,1.0,18.7,71.3,1011.4,11.394455994455992,10,3,4,12.069788797061525,7.520037278657968
2024-10-12,전북,39.66387337057728,24.477081384471468,1.1,18.7,70.0,1015.9,11.394455994455992,10,3,5,16.631132075471697,10.017421602787456
2024-10-13,전북,35.432683379758586,22.24834123222749,1.0,19.0,69.5,1015.7,11.394455994455992,10,3,6,24.477081384471468,11.95486111111111
2024-10-14,전북,24.909005628517825,13.73076923076923,0.9,18.8,86.6,1011.8,6.4,10,3,0,22.24834123222749,19.40590405904059
2024-10-15,전북,19.160458452722064,11.457739791073124,0.8,20.1,95.3,1010.7,2.0,10,3,1,13.73076923076923,29.912087912087912
2024-10-16,전북,38.70206766917293,22.58058435438266,0.8,19.9,86.5,1015.1,11.394455994455992,10,3,2,11.457739791073124,19.229609929078013
2024-10-17,전북,37.668190127970746,19.978995433789954,0.7,20.3,74.4,1014.4,11.394455994455992,10,3,3,22.58058435438266,12.069788797061525
2024-10-18,전북,25.342034203420344,11.618789521228546,1.1,21.9,86.5,1006.2,6.6,10,3,4,19.978995433789954,16.631132075471697
2024-10-19,전북,18.32622222222222,9.512888888888888,2.2,18.8,86.8,1010.5,11.8,10,3,5,11.618789521228546,24.477081384471468
2024-10-20,전북,15.805183199285075,5.17741935483871,2.1,14.4,63.0,1021.1,11.394455994455992,10,3,6,9.512888888888888,22.24834123222749
2024-10-21,전북,22.037683823529413,8.366820276497696,0.8,15.1,82.6,1016.2,3.7,10,3,0,5.17741935483871,13.73076923076923
2024-10-22,전북,11.229007633587786,6.032384690873405,1.0,17.7,98.0,1008.0,28.8,10,3,1,8.366820276497696,11.457739791073124
2024-10-23,전북,21.11527647610122,7.5919324577861165,2.9,14.6,73.3,1011.2,2.9,10,3,2,6.032384690873405,22.58058435438266
2024-10-24,전북,24.958061509785647,12.412313432835822,1.9,12.8,70.9,1015.1,11.394455994455992,10,3,3,7.5919324577861165,19.978995433789954
2024-10-25,전북,29.143115942028984,15.229791099000908,0.9,14.9,75.0,1016.8,11.394455994455992,10,3,4,12.412313432835822,11.618789521228546
2024-10-26,전북,24.30496453900709,12.40336879432624,1.1,17.9,72.4,1013.2,11.394455994455992,10,3,5,15.229791099000908,9.512888888888888
2024-10-27,전북,29.259094942324754,17.10017730496454,1.0,16.6,84.3,1007.8,1.8,10,3,6,12.40336879432624,5.17741935483871
2024-10-28,전북,35.86027397260274,22.777677767776776,0.7,16.3,82.9,1007.8,11.394455994455992,10,3,0,17.10017730496454,8.366820276497696
2024-10-29,전북,22.09189189189189,10.303330333033303,1.0,16.8,70.9,1011.2,11.394455994455992,10,3,1,22.777677767776776,6.032384690873405
2024-10-30,전북,33.5110294117647,18.8283378746594,1.3,15.8,73.4,1015.2,11.394455994455992,10,3,2,10.303330333033303,7.5919324577861165
2024-10-31,전북,39.62773029439696,23.80651162790698,1.1,16.3,67.4,1015.6,11.394455994455992,10,3,3,18.8283378746594,12.412313432835822
2024-11-01,전북,27.95004625346901,18.253623188405797,1.2,14.3,91.3,1011.3,4.3,11,3,4,23.80651162790698,15.229791099000908
2024-11-02,전북,20.025777777777776,11.410142348754448,0.8,17.7,80.3,1010.0,0.3,11,3,5,18.253623188405797,12.40336879432624
2024-11-03,전북,23.544968833481747,13.628113879003559,0.9,17.6,73.5,1015.0,11.394455994455992,11,3,6,11.410142348754448,17.10017730496454
2024-11-04,전북,30.020036429872494,15.880073800738007,1.7,15.5,73.9,1014.2,0.4,11,3,0,13.628113879003559,22.777677767776776
2024-11-05,전북,25.079044117647058,9.716190476190476,1.9,11.2,56.9,1015.6,11.394455994455992,11,3,1,15.880073800738007,10.303330333033303
2024-11-06,전북,23.502234137622878,11.012915129151292,1.5,9.0,58.3,1019.5,11.394455994455992,11,3,2,9.716190476190476,18.8283378746594
2024-11-07,전북,33.40875912408759,19.817164179104477,1.2,8.9,63.9,1022.4,11.394455994455992,11,3,3,11.012915129151292,23.80651162790698
2024-11-08,전북,42.199074074074076,27.145676691729324,1.1,11.9,68.4,1020.6,11.394455994455992,11,3,4,19.817164179104477,18.253623188405797
2024-11-09,전북,39.21951219512195,25.851304347826087,1.1,13.9,73.1,1018.7,11.394455994455992,11,3,5,27.145676691729324,11.410142348754448
2024-11-10,전북,27.12076455256299,17.05574912891986,0.9,14.2,75.3,1015.1,0.0,11,3,6,25.851304347826087,13.628113879003559
2024-11-11,전북,41.87088156723063,26.061135371179038,1.1,14.0,76.5,1013.2,11.394455994455992,11,3,0,17.05574912891986,15.880073800738007
2024-11-12,전북,43.33145009416196,27.198879551820728,1.2,14.1,74.3,1013.1,11.394455994455992,11,3,1,26.061135371179038,9.716190476190476
2024-11-13,전북,40.546139359698685,23.734790874524716,1.1,14.2,67.4,1015.0,11.394455994455992,11,3,2,27.198879551820728,11.012915129151292
2024-11-14,전북,37.29362880886426,20.401119402985074,1.1,15.5,70.6,1013.3,0.2,11,3,3,23.734790874524716,19.817164179104477
2024-11-15,전북,27.1662100456621,15.905109489051094,1.0,16.8,67.1,1010.9,0.1,11,3,4,20.401119402985074,27.145676691729324
2024-11-16,전북,26.20138888888889,15.628472222222221,1.4,18.1,68.9,1009.5,0.7,11,3,5,15.905109489051094,25.851304347826087
2024-11-17,전북,22.8671875,10.145217391304348,2.6,10.4,58.4,1016.3,11.394455994455992,11,3,6,15.628472222222221,17.05574912891986
2024-11-18,전북,18.004472271914132,7.0525345622119815,2.4,4.3,35.4,1024.6,11.394455994455992,11,3,0,10.145217391304348,26.061135371179038
2024-11-19,전북,27.11542100283822,14.640610104861773,1.0,5.8,56.9,1022.3,11.394455994455992,11,3,1,7.0525345622119815,27.198879551820728
2024-11-20,전북,39.15392156862745,23.35509396636993,1.2,8.2,66.1,1017.5,11.394455994455992,11,3,2,14.640610104861773,23.734790874524716
2024-11-21,전북,49.87441860465116,31.328287606433303,1.4,10.6,68.5,1014.1,0.0,11,3,3,23.35509396636993,20.401119402985074
2024-11-22,전북,33.99162011173184,18.647940074906366,1.7,8.6,59.9,1016.2,0.0,11,3,4,31.328287606433303,15.905109489051094
2024-11-23,전북,36.556338028169016,22.95785776997366,1.0,5.7,64.6,1020.0,11.394455994455992,11,3,5,18.647940074906366,15.628472222222221
2024-11-24,전북,39.639329805996475,28.04079861111111,1.0,8.2,63.5,1021.9,11.394455994455992,11,3,6,22.95785776997366,10.145217391304348
2024-11-25,전북,27.869911504424778,16.928063943161636,1.9,12.3,61.4,1015.7,0.6,11,3,0,28.04079861111111,7.0525345622119815
2024-11-26,전북,19.529090909090908,6.718065693430657,4.1,9.3,65.5,1007.5,15.7,11,3,1,16.928063943161636,14.640610104861773
2024-11-27,전북,16.67606915377616,6.535095715587967,3.9,4.0,70.9,1006.9,4.8,11,3,2,6.718065693430657,23.35509396636993
2024-11-28,전북,20.94027149321267,8.68884892086331,3.4,5.9,66.9,1005.6,3.3,11,3,3,6.535095715587967,31.328287606433303
2024-11-29,전북,13.481283422459892,8.709677419354838,1.1,3.3,92.4,1006.8,4.0,11,3,4,8.68884892086331,18.647940074906366
2024-11-30,전북,19.48263888888889,9.705574912891986,1.2,6.1,80.4,1009.6,0.0,11,3,5,8.709677419354838,22.95785776997366
2023-01-08,제주,88.13461538461539,26.275641025641026,2.1,8.6,62.1,1022.8,11.394455994455992,1,4,6,36.35897435897436,48.38461538461539
2023-01-09,제주,68.23701298701299,26.824675324675326,3.5,9.9,67.4,1022.3,11.394455994455992,1,4,0,26.275641025641026,9.245161290322581
2023-01-10,제주,33.848387096774196,14.82258064516129,2.7,8.8,71.9,1025.0,11.394455994455992,1,4,1,26.824675324675326,12.429487179487179
2023-01-11,제주,20.638709677419357,8.611842105263158,2.2,10.9,65.0,1023.1,11.394455994455992,1,4,2,14.82258064516129,12.5487012987013
2023-01-12,제주,19.7979797979798,8.68581081081081,2.1,13.1,70.9,1018.2,2.5,1,4,3,8.611842105263158,43.758842443729904
2023-01-13,제주,21.57986111111111,10.782178217821782,4.1,17.3,91.8,1009.5,17.7,1,4,4,8.68581081081081,40.535714285714285
2023-01-14,제주,17.6578073089701,9.92,3.1,10.9,94.4,1011.2,2.2,1,4,5,10.782178217821782,36.35897435897436
2023-01-15,제주,25.278846153846153,11.187702265372168,5.2,5.8,78.3,1017.4,3.6,1,4,6,9.92,26.275641025641026
2023-01-16,제주,19.861290322580643,8.349358974358974,5.4,3.4,67.3,1022.9,11.394455994455992,1,4,0,11.187702265372168,26.824675324675326
2023-01-17,제주,16.58631921824104,7.862179487179487,4.2,4.3,67.8,1024.2,0.0,1,4,1,8.349358974358974,14.82258064516129
2023-01-18,제주,44.57328990228013,21.721153846153847,3.7,6.1,60.4,1024.2,0.0,1,4,2,7.862179487179487,8.611842105263158
2023-01-19,제주,56.96026490066225,16.534426229508195,3.6,7.1,57.6,1022.8,0.0,1,4,3,21.721153846153847,8.68581081081081
2023-01-20,제주,84.14935064935065,25.77777777777778,5.2,6.2,58.3,1025.7,0.0,1,4,4,16.534426229508195,10.782178217821782
2023-01-21,제주,16.849358974358974,6.8173076923076925,2.9,2.8,67.1,1026.9,11.394455994455992,1,4,5,25.77777777777778,9.92
2023-01-22,제주,13.777003484320558,6.351612903225806,2.7,7.0,78.9,1021.1,5.8,1,4,6,6.8173076923076925,11.187702265372168
2023-01-23,제주,35.93055555555556,16.496794871794872,4.7,7.8,70.3,1019.8,0.1,1,4,0,6.351612903225806,8.349358974358974
2023-01-24,제주,20.461805555555557,14.512820512820513,9.4,-1.3,75.8,1025.8,2.3,1,4,1,16.496794871794872,7.862179487179487
2023-01-25,제주,9.643884892086332,5.4809688581314875,3.9,-0.7,68.4,1027.4,0.1,1,4,2,14.512820512820513,21.721153846153847
2023-01-26,제주,10.341059602649006,5.370629370629371,2.6,5.8,69.4,1020.9,0.5,1,4,3,5.4809688581314875,16.534426229508195
2023-01-27,제주,24.628205128205128,12.950166112956811,7.3,2.3,82.6,1020.4,4.8,1,4,4,5.370629370629371,25.77777777777778
2023-01-28,제주,22.064102564102566,8.357388316151203,6.0,2.4,68.8,1021.9,0.8,1,4,5,12.950166112956811,6.8173076923076925
2023-01-29,제주,51.17948717948718,19.65972222222222,5.5,6.7,57.0,1019.6,0.0,1,4,6,8.357388316151203,6.351612903225806
2023-01-30,제주,40.83892617449664,10.972413793103449,4.0,6.2,52.3,1022.2,11.394455994455992,1,4,0,19.65972222222222,16.496794871794872
2023-01-31,제주,29.09,9.806666666666667,2.5,7.2,55.9,1017.5,11.394455994455992,1,4,1,10.972413793103449,14.512820512820513
2023-02-01,제주,45.46153846153846,20.693877551020407,3.5,8.8,68.5,1017.8,11.394455994455992,2,4,2,9.806666666666667,5.4809688581314875
2023-02-02,제주,27.84789644012945,8.656957928802589,3.7,5.0,57.6,1023.4,11.394455994455992,2,4,3,20.693877551020407,5.370629370629371
2023-02-03,제주,21.69871794871795,7.3355263157894735,3.4,4.8,63.3,1021.6,11.394455994455992,2,4,4,8.656957928802589,12.950166112956811
2023-02-04,제주,38.26282051282051,18.487179487179485,3.1,5.8,60.5,1023.5,11.394455994455992,2,4,5,7.3355263157894735,8.357388316151203
2023-02-05,제주,31.971153846153847,18.192307692307693,2.2,5.9,55.4,1022.5,11.394455994455992,2,4,6,18.487179487179485,19.65972222222222
2023-02-06,제주,19.07051282051282,10.589576547231271,2.2,8.2,70.8,1018.1,5.3,2,4,0,18.192307692307693,10.972413793103449
2023-02-07,제주,37.71704180064309,23.720257234726688,2.3,10.1,68.4,1017.7,0.0,2,4,1,10.589576547231271,9.806666666666667
2023-02-08,제주,44.28525641025641,25.912903225806453,2.6,8.6,57.5,1023.7,11.394455994455992,2,4,2,23.720257234726688,20.693877551020407
2023-02-09,제주,30.47557003257329,16.87908496732026,2.8,9.6,72.3,1020.9,11.8,2,4,3,25.912903225806453,8.656957928802589
2023-02-10,제주,16.526666666666667,9.185714285714285,3.7,8.4,83.3,1017.5,16.9,2,4,4,16.87908496732026,7.3355263157894735
2023-02-11,제주,30.771704180064308,19.5,2.3,9.2,82.5,1019.6,0.0,2,4,5,9.185714285714285,18.487179487179485
2023-02-12,제주,20.681672025723472,12.22549019607843,3.6,10.9,84.1,1016.0,28.1,2,4,6,19.5,18.192307692307693
2023-02-13,제주,38.308196721311475,25.94256756756757,3.8,9.0,85.0,1015.1,8.3,2,4,0,12.22549019607843,10.589576547231271
2023-02-14,제주,30.973333333333333,15.571895424836601,3.9,6.4,67.3,1020.6,11.394455994455992,2,4,1,25.94256756756757,23.720257234726688
2023-02-15,제주,23.341818181818184,13.219354838709677,2.2,5.4,84.3,1025.9,6.6,2,4,2,15.571895424836601,25.912903225806453
2023-02-16,제주,21.64423076923077,15.113013698630137,1.9,7.0,87.8,1028.3,0.9,2,4,3,13.219354838709677,16.87908496732026
2023-02-17,제주,24.118589743589745,13.477419354838709,2.0,9.6,87.5,1023.9,0.0,2,4,4,15.113013698630137,9.185714285714285
2023-02-18,제주,21.07051282051282,9.69023569023569,2.2,13.5,88.1,1017.5,2.3,2,4,5,13.477419354838709,19.5
2023-02-19,제주,41.17307692307692,24.275641025641026,5.4,8.0,76.1,1019.8,3.9,2,4,6,9.69023569023569,12.22549019607843
2023-02-20,제주,39.92483660130719,9.62171052631579,5.0,5.9,56.1,1025.8,11.394455994455992,2,4,0,24.275641025641026,25.94256756756757
2023-02-21,제주,21.764900662251655,9.698996655518394,4.5,3.5,54.9,1031.4,11.394455994455992,2,4,1,9.62171052631579,15.571895424836601
2023-02-22,제주,24.917491749174918,12.427118644067797,2.0,7.3,77.6,1027.0,0.5,2,4,2,9.698996655518394,13.219354838709677
2023-02-23,제주,16.91176470588235,9.188811188811188,2.7,7.3,81.0,1021.5,3.0,2,4,3,12.427118644067797,15.113013698630137
2023-02-24,제주,49.21153846153846,29.66777408637874,3.9,8.5,62.8,1022.6,2.0,2,4,4,9.188811188811188,13.477419354838709
2023-02-25,제주,28.46794871794872,10.157534246575343,4.9,4.8,60.0,1030.9,11.394455994455992,2,4,5,29.66777408637874,9.69023569023569
2023-02-26,제주,22.987179487179485,8.55944055944056,2.9,5.9,54.9,1034.5,11.394455994455992,2,4,6,10.157534246575343,24.275641025641026
2023-02-27,제주,24.65273311897106,12.131313131313131,1.7,7.8,63.1,1032.2,11.394455994455992,2,4,0,8.55944055944056,9.62171052631579
2023-02-28,제주,20.284789644012946,9.6006600660066,2.3,11.4,66.4,1025.4,11.394455994455992,2,4,1,12.131313131313131,9.698996655518394
2023-03-01,제주,34.758842443729904,18.630225080385852,3.8,10.9,72.4,1021.1,4.0,3,1,2,9.6006600660066,12.427118644067797
2023-03-02,제주,34.833333333333336,8.741935483870968,5.0,6.7,49.4,1027.1,11.394455994455992,3,1,3,18.630225080385852,9.188811188811188
2023-03-03,제주,24.541666666666668,7.5508771929824565,1.7,7.6,52.9,1026.7,11.394455994455992,3,1,4,8.741935483870968,29.66777408637874
2023-03-04,제주,60.88461538461539,29.30128205128205,2.2,9.7,55.4,1025.9,11.394455994455992,3,1,5,7.5508771929824565,10.157534246575343
2023-03-05,제주,68.15705128205128,36.342948717948715,2.8,11.0,59.0,1025.0,11.394455994455992,3,1,6,29.30128205128205,8.55944055944056
2023-03-06,제주,53.2203947368421,23.717105263157894,2.8,12.3,57.1,1022.3,11.394455994455992,3,1,0,36.342948717948715,12.131313131313131
2023-03-07,제주,56.538205980066444,21.33887043189369,2.6,14.6,49.6,1020.2,11.394455994455992,3,1,1,23.717105263157894,9.6006600660066
2023-03-08,제주,46.67326732673267,17.56711409395973,2.5,14.8,56.8,1018.1,11.394455994455992,3,1,2,21.33887043189369,18.630225080385852
2023-03-09,제주,61.10596026490066,31.735099337748345,2.8,14.5,79.4,1014.5,11.394455994455992,3,1,3,17.56711409395973,8.741935483870968
2023-03-10,제주,100.93247588424437,56.68064516129032,1.1,13.2,84.5,1018.2,11.394455994455992,3,1,4,31.735099337748345,7.5508771929824565
2023-03-11,제주,101.39423076923077,48.65384615384615,1.2,14.1,74.4,1020.4,11.394455994455992,3,1,5,56.68064516129032,29.30128205128205
2023-03-12,제주,47.72668810289389,18.54662379421222,4.5,11.1,69.5,1020.8,9.6,3,1,6,48.65384615384615,36.342948717948715
2023-03-13,제주,38.98717948717949,7.512903225806451,3.8,6.7,47.5,1022.7,11.394455994455992,3,1,0,18.54662379421222,23.717105263157894
2023-03-14,제주,44.6025641025641,8.58,2.4,10.7,57.6,1017.7,11.394455994455992,3,1,1,7.512903225806451,21.33887043189369
2023-03-15,제주,24.27687296416938,8.465277777777779,2.3,15.0,69.9,1018.7,11.394455994455992,3,1,2,8.58,17.56711409395973
2023-03-16,제주,54.98076923076923,11.635483870967741,2.8,11.0,57.1,1024.1,11.394455994455992,3,1,3,8.465277777777779,31.735099337748345
2023-03-17,제주,37.74679487179487,10.808441558441558,2.7,11.5,79.1,1019.0,19.2,3,1,4,11.635483870967741,56.68064516129032
2023-03-18,제주,42.333333333333336,14.787096774193548,3.9,11.3,60.9,1017.9,11.394455994455992,3,1,5,10.808441558441558,48.65384615384615
2023-03-19,제주,78.15384615384616,33.33653846153846,1.5,10.2,66.4,1018.6,11.394455994455992,3,1,6,14.787096774193548,18.54662379421222
2023-03-20,제주,68.21172638436482,27.983660130718953,1.3,12.5,67.4,1013.5,11.394455994455992,3,1,0,33.33653846153846,7.512903225806451
2023-03-21,제주,23.917763157894736,11.282142857142857,2.8,15.1,90.3,1008.4,1.4,3,1,1,27.983660130718953,8.58
2023-03-22,제주,14.19,6.7587548638132295,2.9,17.8,90.4,1005.4,0.0,3,1,2,11.282142857142857,8.465277777777779
2023-03-23,제주,57.31229235880399,21.715827338129497,2.9,13.9,91.0,1004.8,6.3,3,1,3,6.7587548638132295,11.635483870967741
2023-03-24,제주,96.59870550161813,21.80718954248366,2.3,11.5,84.5,1013.1,8.3,3,1,4,21.715827338129497,10.808441558441558
2023-03-25,제주,81.38461538461539,18.805825242718445,2.8,12.9,84.4,1015.7,0.6,3,1,5,21.80718954248366,14.787096774193548
2023-03-26,제주,72.61538461538461,17.682692307692307,3.5,11.9,62.4,1016.3,0.2,3,1,6,18.805825242718445,33.33653846153846
2023-03-27,제주,38.83974358974359,12.384615384615385,3.0,10.7,42.9,1020.7,11.394455994455992,3,1,0,17.682692307692307,27.983660130718953
2023-03-28,제주,68.75641025641026,24.71153846153846,2.2,12.3,50.0,1022.6,11.394455994455992,3,1,1,12.384615384615385,11.282142857142857
2023-03-29,제주,108.58441558441558,43.83441558441559,2.2,13.4,62.1,1020.2,11.394455994455992,3,1,2,24.71153846153846,6.7587548638132295
2023-03-30,제주,66.23076923076923,27.57051282051282,3.1,14.6,60.3,1016.8,11.394455994455992,3,1,3,43.83441558441559,21.715827338129497
2023-03-31,제주,41.467948717948715,16.849358974358974,1.9,16.5,59.4,1015.6,11.394455994455992,3,1,4,27.57051282051282,21.80718954248366
2023-04-01,제주,64.16346153846153,25.384615384615383,3.5,16.4,73.4,1013.1,11.394455994455992,4,1,5,16.849358974358974,18.805825242718445
2023-04-02,제주,51.79807692307692,21.09294871794872,4.2,16.4,56.6,1015.4,11.394455994455992,4,1,6,25.384615384615383,17.682692307692307
2023-04-03,제주,37.98684210526316,12.539473684210526,4.7,16.1,67.0,1018.6,11.394455994455992,4,1,0,21.09294871794872,12.384615384615385
2023-04-04,제주,33.490196078431374,9.879084967320262,4.6,18.3,71.8,1014.3,1.6,4,1,1,12.539473684210526,24.71153846153846
2023-04-05,제주,27.086666666666666,11.366336633663366,5.1,16.2,84.4,1008.8,8.4,4,1,2,9.879084967320262,43.83441558441559
2023-04-06,제주,48.84,30.82608695652174,3.9,11.8,84.8,1011.6,6.8,4,1,3,11.366336633663366,27.57051282051282
2023-04-07,제주,68.8173076923077,40.73870967741936,4.3,11.3,75.8,1015.6,0.6,4,1,4,30.82608695652174,16.849358974358974
2023-04-08,제주,38.74679487179487,9.83495145631068,4.5,11.5,54.1,1021.0,11.394455994455992,4,1,5,40.73870967741936,25.384615384615383
2023-04-09,제주,75.7948717948718,10.373737373737374,2.9,13.2,39.5,1019.2,11.394455994455992,4,1,6,9.83495145631068,21.09294871794872
2023-04-10,제주,38.19078947368421,8.580756013745704,2.7,14.1,62.1,1015.1,11.394455994455992,4,1,0,10.373737373737374,12.539473684210526
2023-04-11,제주,32.10130718954248,8.83774834437086,5.0,18.9,66.5,1011.3,0.0,4,1,1,8.580756013745704,9.879084967320262
2023-04-12,제주,297.63461538461536,40.96153846153846,2.5,14.5,38.3,1016.9,11.394455994455992,4,1,2,8.83774834437086,11.366336633663366
2023-04-13,제주,108.8258064516129,16.251612903225805,2.2,15.3,50.3,1015.9,11.394455994455992,4,1,3,40.96153846153846,30.82608695652174
2023-04-14,제주,36.406666666666666,10.123333333333333,3.0,15.5,87.5,1008.8,19.8,4,1,4,16.251612903225805,40.73870967741936
2023-04-15,제주,29.414473684210527,12.101045296167248,3.4,14.7,89.1,1003.9,5.8,4,1,5,10.123333333333333,9.83495145631068
2023-04-16,제주,97.09003215434083,26.012820512820515,4.8,14.0,72.0,1005.2,11.394455994455992,4,1,6,12.101045296167248,10.373737373737374
2023-04-17,제주,103.54934210526316,23.924590163934425,2.4,15.9,55.1,1013.2,11.394455994455992,4,1,0,26.012820512820515,8.580756013745704
2023-04-18,제주,57.43934426229508,13.866894197952218,6.9,23.3,63.3,1007.9,11.394455994455992,4,1,1,23.924590163934425,8.83774834437086
2023-04-19,제주,30.456953642384107,12.5177304964539,2.1,19.1,89.9,1007.4,11.394455994455992,4,1,2,13.866894197952218,40.96153846153846
2023-04-20,제주,39.7,16.801369863013697,2.1,18.5,81.6,1007.5,11.394455994455992,4,1,3,12.5177304964539,16.251612903225805
2023-04-21,제주,77.80066445182725,18.906752411575564,3.1,16.6,80.6,1009.2,11.394455994455992,4,1,4,16.801369863013697,10.123333333333333
2023-04-22,제주,205.25320512820514,34.10897435897436,4.7,15.9,57.9,1015.8,11.394455994455992,4,1,5,18.906752411575564,12.101045296167248
2023-04-23,제주,69.05448717948718,14.487179487179487,4.9,15.3,64.1,1019.5,11.394455994455992,4,1,6,34.10897435897436,26.012820512820515
2023-04-24,제주,27.108974358974358,8.40453074433657,3.2,14.0,73.8,1020.0,4.1,4,1,0,14.487179487179487,23.924590163934425
2023-04-25,제주,13.580536912751677,5.588039867109635,2.8,12.5,92.0,1012.4,8.9,4,1,1,8.40453074433657,13.866894197952218
2023-04-26,제주,35.642857142857146,14.954397394136809,3.7,12.9,69.5,1014.9,11.394455994455992,4,1,2,5.588039867109635,12.5177304964539
2023-04-27,제주,23.318327974276528,10.109324758842444,2.6,12.9,69.1,1018.5,11.394455994455992,4,1,3,14.954397394136809,16.801369863013697
2023-04-28,제주,26.483660130718953,10.135922330097088,1.9,18.1,65.8,1014.1,0.0,4,1,4,10.109324758842444,18.906752411575564
2023-04-29,제주,34.362989323843415,15.919463087248323,2.8,16.1,87.4,1008.2,6.1,4,1,5,10.135922330097088,34.10897435897436
2023-04-30,제주,38.22829581993569,12.278846153846153,3.5,15.7,51.8,1012.0,11.394455994455992,4,1,6,15.919463087248323,14.487179487179487
2023-05-01,제주,51.81350482315113,16.69871794871795,3.1,17.4,49.5,1016.2,11.394455994455992,5,1,0,12.278846153846153,8.40453074433657
2023-05-02,제주,36.30868167202572,13.729903536977492,2.4,18.4,54.0,1019.9,11.394455994455992,5,1,1,16.69871794871795,5.588039867109635
2023-05-03,제주,27.929054054054053,11.145762711864407,1.7,17.4,72.5,1017.9,50.7,5,1,2,13.729903536977492,14.954397394136809
2023-05-04,제주,13.667857142857143,4.9423076923076925,3.1,18.6,93.0,1009.2,74.0,5,1,3,11.145762711864407,10.109324758842444
2023-05-05,제주,19.73507462686567,4.639575971731449,4.3,23.4,84.1,1001.1,23.6,5,1,4,4.9423076923076925,10.135922330097088
2023-05-06,제주,17.463503649635037,7.745098039215686,4.0,18.3,88.0,1002.4,0.1,5,1,5,4.639575971731449,15.919463087248323
2023-05-07,제주,20.042345276872965,11.147766323024054,3.8,14.0,92.8,1007.5,18.6,5,1,6,7.745098039215686,12.278846153846153
2023-05-08,제주,27.64169381107492,17.200680272108844,2.7,14.8,65.0,1014.6,11.394455994455992,5,1,0,11.147766323024054,16.69871794871795
2023-05-09,제주,29.830564784053156,16.441860465116278,2.6,16.7,56.0,1015.6,11.394455994455992,5,1,1,17.200680272108844,13.729903536977492
2023-05-10,제주,40.93851132686084,19.540268456375838,2.6,19.0,50.5,1015.1,11.394455994455992,5,1,2,16.441860465116278,11.145762711864407
2023-05-11,제주,41.435483870967744,20.10169491525424,3.0,18.2,73.6,1015.9,11.394455994455992,5,1,3,19.540268456375838,4.9423076923076925
2023-05-12,제주,32.53846153846154,14.541935483870967,2.0,17.5,81.4,1015.0,3.4,5,1,4,20.10169491525424,4.639575971731449
2023-05-13,제주,10.412337662337663,5.277027027027027,2.5,15.7,92.4,1011.2,6.6,5,1,5,14.541935483870967,7.745098039215686
2023-05-14,제주,18.790996784565916,10.136212624584717,1.9,17.2,81.5,1008.2,11.394455994455992,5,1,6,5.277027027027027,11.147766323024054
2023-05-15,제주,48.225806451612904,28.916398713826368,1.6,18.7,75.3,1007.5,4.8,5,1,0,10.136212624584717,17.200680272108844
2023-05-16,제주,38.080128205128204,20.26923076923077,2.0,20.7,72.4,1010.7,11.394455994455992,5,1,1,28.916398713826368,16.441860465116278
2023-05-17,제주,37.18064516129032,17.82051282051282,1.8,21.0,74.9,1011.7,0.0,5,1,2,20.26923076923077,19.540268456375838
2023-05-18,제주,12.321917808219178,5.240875912408759,4.5,18.6,91.9,1004.1,27.4,5,1,3,17.82051282051282,20.10169491525424
2023-05-19,제주,16.672131147540984,8.551839464882944,2.4,19.0,86.3,1006.7,10.4,5,1,4,5.240875912408759,14.541935483870967
2023-05-20,제주,30.884615384615383,16.233974358974358,2.8,19.3,82.1,1010.1,11.394455994455992,5,1,5,8.551839464882944,5.277027027027027
2023-05-21,제주,20.897435897435898,12.668874172185431,3.2,17.7,85.4,1009.2,11.394455994455992,5,1,6,16.233974358974358,10.136212624584717
2023-05-22,제주,113.90136054421768,26.883959044368602,2.3,17.1,80.1,1007.0,0.3,5,1,0,12.668874172185431,28.916398713826368
2023-05-23,제주,111.84488448844884,29.74342105263158,2.4,18.7,64.6,1009.5,11.394455994455992,5,1,1,26.883959044368602,20.26923076923077
2023-05-24,제주,61.28158844765343,19.8086642599278,2.0,18.2,77.0,1013.1,0.0,5,1,2,29.74342105263158,17.82051282051282
2023-05-25,제주,32.43798449612403,11.86328125,2.4,21.4,57.6,1014.0,11.394455994455992,5,1,3,19.8086642599278,5.240875912408759
2023-05-26,제주,38.943661971830984,11.652631578947368,1.9,22.1,75.0,1015.8,11.394455994455992,5,1,4,11.86328125,8.551839464882944
2023-05-27,제주,30.628205128205128,8.630872483221477,2.3,23.4,71.3,1014.2,11.394455994455992,5,1,5,11.652631578947368,16.233974358974358
2023-05-28,제주,17.00657894736842,4.5,2.2,24.2,79.1,1011.2,11.394455994455992,5,1,6,8.630872483221477,12.668874172185431
2023-05-29,제주,9.541044776119403,2.9743589743589745,2.5,24.3,86.1,1008.5,6.4,5,1,0,4.5,26.883959044368602
2023-05-30,제주,8.494117647058824,2.8341968911917097,2.7,21.0,96.9,1007.3,32.8,5,1,1,2.9743589743589745,29.74342105263158
2023-05-31,제주,22.274021352313166,10.46875,4.2,20.5,86.1,1007.5,10.2,5,1,2,2.8341968911917097,19.8086642599278
2023-06-01,제주,22.311827956989248,10.329710144927537,2.4,20.7,94.3,1003.6,16.4,6,2,3,10.46875,11.86328125
2023-06-02,제주,24.136690647482013,11.587813620071685,2.5,21.4,87.4,1001.2,4.5,6,2,4,10.329710144927537,11.652631578947368
2023-06-03,제주,45.26829268292683,21.25347222222222,2.9,21.3,71.0,1008.0,11.394455994455992,6,2,5,11.587813620071685,8.630872483221477
2023-06-04,제주,27.578397212543553,15.03169014084507,2.3,23.1,49.4,1011.2,0.0,6,2,6,21.25347222222222,4.5
2023-06-05,제주,21.67883211678832,13.1635687732342,2.1,20.1,66.0,1010.9,1.3,6,2,0,15.03169014084507,2.9743589743589745
2023-06-06,제주,14.214814814814815,9.043795620437956,2.8,18.5,91.5,1005.9,22.8,6,2,1,13.1635687732342,2.8341968911917097
2023-06-07,제주,18.507042253521128,10.72695035460993,2.5,19.8,82.6,1008.5,11.394455994455992,6,2,2,9.043795620437956,10.46875
2023-06-08,제주,16.314176245210728,7.642585551330798,2.1,21.2,84.6,1003.8,0.2,6,2,3,10.72695035460993,10.329710144927537
2023-06-09,제주,22.823529411764707,12.357664233576642,2.4,22.3,80.5,1003.3,11.394455994455992,6,2,4,7.642585551330798,11.587813620071685
2023-06-10,제주,21.209059233449477,9.828070175438597,2.8,23.8,80.5,1003.0,11.394455994455992,6,2,5,12.357664233576642,21.25347222222222
2023-06-11,제주,13.67361111111111,6.276978417266187,2.4,21.9,89.9,1003.4,11.394455994455992,6,2,6,9.828070175438597,15.03169014084507
2023-06-12,제주,17.985559566787003,8.14963503649635,2.2,22.2,90.4,1003.9,11.394455994455992,6,2,0,6.276978417266187,13.1635687732342
2023-06-13,제주,17.97328244274809,8.784552845528456,2.0,21.5,85.5,1003.0,0.0,6,2,1,8.14963503649635,9.043795620437956
2023-06-14,제주,22.296703296703296,11.733082706766917,2.2,22.7,70.5,1004.1,11.394455994455992,6,2,2,8.784552845528456,10.72695035460993
2023-06-15,제주,26.130742049469966,14.5663082437276,2.4,22.3,68.8,1007.0,11.394455994455992,6,2,3,11.733082706766917,7.642585551330798
2023-06-16,제주,22.780645161290323,13.301282051282051,2.1,22.3,60.1,1011.3,11.394455994455992,6,2,4,14.5663082437276,12.357664233576642
2023-06-17,제주,25.315112540192928,13.79611650485437,2.5,23.0,69.8,1010.7,11.394455994455992,6,2,5,13.301282051282051,9.828070175438597
2023-06-18,제주,24.556270096463024,14.631410256410257,2.0,23.4,65.4,1005.7,0.0,6,2,6,13.79611650485437,6.276978417266187
2023-06-19,제주,33.63636363636363,17.591503267973856,3.4,24.4,65.8,1003.5,11.394455994455992,6,2,0,14.631410256410257,8.14963503649635
2023-06-20,제주,30.495049504950494,14.73615635179153,3.4,24.8,77.3,1000.5,3.9,6,2,1,17.591503267973856,8.784552845528456
2023-06-21,제주,16.77,8.152823920265782,4.2,22.3,86.6,1000.7,0.2,6,2,2,14.73615635179153,11.733082706766917
2023-06-22,제주,20.41967213114754,11.083892617449665,3.9,23.3,71.0,1003.9,11.394455994455992,6,2,3,8.152823920265782,14.5663082437276
2023-06-23,제주,26.49514563106796,16.724358974358974,2.4,23.5,72.1,1007.3,11.394455994455992,6,2,4,11.083892617449665,13.301282051282051
2023-06-24,제주,25.868167202572348,12.221864951768488,3.2,25.3,65.9,1010.6,0.0,6,2,5,16.724358974358974,13.79611650485437
2023-06-25,제주,17.131487889273355,7.65359477124183,2.7,23.0,87.1,1008.2,80.9,6,2,6,12.221864951768488,14.631410256410257
2023-06-26,제주,14.87725631768953,4.539792387543253,5.2,28.5,68.6,1006.4,0.0,6,2,0,7.65359477124183,17.591503267973856
2023-06-27,제주,13.405303030303031,5.055172413793104,4.9,27.3,79.0,1008.0,13.1,6,2,1,4.539792387543253,14.73615635179153
2023-06-28,제주,15.217228464419476,6.63103448275862,6.0,28.6,72.6,1006.7,0.0,6,2,2,5.055172413793104,8.152823920265782
2023-06-29,제주,21.494773519163765,8.024390243902438,5.5,28.1,74.6,1001.6,0.9,6,2,3,6.63103448275862,11.083892617449665
2023-06-30,제주,20.489655172413794,8.51048951048951,4.2,25.8,86.5,999.6,68.8,6,2,4,8.024390243902438,16.724358974358974
2023-07-01,제주,18.32051282051282,9.395498392282958,2.4,25.4,82.5,1003.8,0.8,7,2,5,8.51048951048951,12.221864951768488
2023-07-02,제주,21.96794871794872,10.754901960784315,2.0,26.0,83.3,1005.6,5.6,7,2,6,9.395498392282958,7.65359477124183
2023-07-03,제주,15.987179487179487,7.501661129568106,1.8,25.1,89.9,1003.8,40.5,7,2,0,10.754901960784315,4.539792387543253
2023-07-04,제주,18.389067524115756,11.006734006734007,1.5,27.1,81.9,998.8,11.394455994455992,7,2,1,7.501661129568106,5.055172413793104
2023-07-05,제주,29.77854671280277,16.142857142857142,4.2,26.6,75.1,997.1,34.5,7,2,2,11.006734006734007,6.63103448275862
2023-07-06,제주,41.67479674796748,23.795366795366796,2.3,24.9,75.3,1001.2,11.394455994455992,7,2,3,16.142857142857142,8.024390243902438
2023-07-07,제주,32.609756097560975,16.3886925795053,2.4,27.1,78.0,999.3,0.7,7,2,4,23.795366795366796,8.51048951048951
2023-07-08,제주,18.638686131386862,9.006430868167202,2.5,26.2,87.0,1000.6,43.5,7,2,5,16.3886925795053,9.395498392282958
2023-07-09,제주,34.33797909407666,17.983922829581992,3.3,29.5,72.0,1001.8,15.2,7,2,6,9.006430868167202,10.754901960784315
2023-07-10,제주,34.92028985507246,16.554098360655736,3.8,29.1,73.5,1003.3,11.394455994455992,7,2,0,17.983922829581992,7.501661129568106
2023-07-11,제주,23.426573426573427,10.201320132013201,4.8,30.2,65.6,1004.5,0.0,7,2,1,16.554098360655736,11.006734006734007
2023-07-12,제주,20.804794520547944,7.989726027397261,5.5,30.2,67.4,1003.7,11.394455994455992,7,2,2,10.201320132013201,16.142857142857142
2023-07-13,제주,19.68954248366013,6.953237410071942,4.4,29.7,66.9,1003.0,11.394455994455992,7,2,3,7.989726027397261,23.795366795366796
2023-07-14,제주,20.146103896103895,5.996610169491525,7.9,30.4,61.3,1000.7,11.394455994455992,7,2,4,6.953237410071942,16.3886925795053
2023-07-15,제주,14.368589743589743,4.5978260869565215,6.2,30.8,65.1,1001.5,0.4,7,2,5,5.996610169491525,9.006430868167202
2023-07-16,제주,13.032051282051283,4.151750972762646,2.2,28.2,81.6,1005.7,11.8,7,2,6,4.5978260869565215,17.983922829581992
2023-07-17,제주,12.625,4.316546762589928,1.8,27.8,82.4,1009.2,20.2,7,2,0,4.151750972762646,16.554098360655736
2023-07-18,제주,13.481605351170568,4.473154362416107,3.0,27.5,83.5,1005.8,38.2,7,2,1,4.316546762589928,10.201320132013201
2023-07-19,제주,12.484641638225256,6.877887788778878,3.1,25.4,85.1,1005.8,0.3,7,2,2,4.473154362416107,7.989726027397261
2023-07-20,제주,16.76797385620915,8.554098360655738,1.8,26.0,83.6,1007.0,0.0,7,2,3,6.877887788778878,6.953237410071942
2023-07-21,제주,17.31168831168831,9.675324675324676,1.9,27.6,70.3,1008.5,11.394455994455992,7,2,4,8.554098360655738,5.996610169491525
2023-07-22,제주,13.987138263665594,5.144230769230769,1.7,26.7,79.1,1009.3,52.0,7,2,5,9.675324675324676,4.5978260869565215
2023-07-23,제주,15.384615384615385,5.410256410256411,2.8,29.3,68.6,1007.0,0.0,7,2,6,5.144230769230769,4.151750972762646
2023-07-24,제주,15.32890365448505,4.820945945945946,2.2,27.6,79.4,1007.1,3.1,7,2,0,5.410256410256411,4.316546762589928
2023-07-25,제주,12.428571428571429,4.78021978021978,1.4,27.4,77.1,1010.6,0.1,7,2,1,4.820945945945946,4.473154362416107
2023-07-26,제주,17.842490842490843,9.254545454545454,2.0,29.3,73.3,1011.8,3.0,7,2,2,4.78021978021978,6.877887788778878
2023-07-27,제주,24.4468085106383,15.042553191489361,2.8,30.0,68.6,1010.6,0.0,7,2,3,9.254545454545454,8.554098360655738
2023-07-28,제주,17.738515901060072,9.464788732394366,2.6,28.9,74.6,1010.8,3.3,7,2,4,15.042553191489361,9.675324675324676
2023-07-29,제주,20.03846153846154,10.897435897435898,3.4,30.5,62.0,1010.8,11.394455994455992,7,2,5,9.464788732394366,5.144230769230769
2023-07-30,제주,18.938906752411576,9.996784565916398,2.5,30.0,64.1,1010.0,11.394455994455992,7,2,6,10.897435897435898,5.410256410256411
2023-07-31,제주,21.03525641025641,12.570512820512821,3.1,29.7,67.8,1009.1,0.0,7,2,0,9.996784565916398,4.820945945945946
2023-08-01,제주,23.237942122186496,11.788461538461538,3.7,29.0,79.3,1007.3,11.394455994455992,8,2,1,12.570512820512821,4.78021978021978
2023-08-02,제주,21.794788273615634,10.746753246753247,3.7,30.2,71.8,1005.0,11.394455994455992,8,2,2,11.788461538461538,9.254545454545454
2023-08-03,제주,22.310897435897434,8.945512820512821,3.3,31.0,67.8,1002.8,0.0,8,2,3,10.746753246753247,15.042553191489361
2023-08-04,제주,20.78205128205128,7.906451612903226,3.4,30.7,69.4,1000.7,0.0,8,2,4,8.945512820512821,9.464788732394366
2023-08-05,제주,21.724358974358974,11.291666666666666,3.2,30.2,72.0,997.4,0.4,8,2,5,7.906451612903226,10.897435897435898
2023-08-06,제주,23.06840390879479,12.692307692307692,2.8,30.0,74.4,995.1,0.0,8,2,6,11.291666666666666,9.996784565916398
2023-08-07,제주,22.53356890459364,11.982332155477032,3.2,30.5,72.4,996.1,0.0,8,2,0,12.692307692307692,12.570512820512821
2023-08-08,제주,23.327659574468086,11.704918032786885,3.9,29.7,74.9,997.6,11.394455994455992,8,2,1,11.982332155477032,11.788461538461538
2023-08-09,제주,19.589285714285715,9.922727272727272,7.1,27.3,83.0,995.1,1.3,8,2,2,11.704918032786885,10.746753246753247
2023-08-10,제주,17.05349794238683,6.337662337662338,6.0,27.8,76.5,995.2,0.9,8,2,3,9.922727272727272,8.945512820512821
2023-08-11,제주,28.715302491103202,14.750915750915752,4.0,29.6,64.6,1000.1,0.4,8,2,4,6.337662337662338,7.906451612903226
2023-08-12,제주,28.923076923076923,16.56140350877193,2.7,29.7,66.6,1001.8,11.394455994455992,8,2,5,14.750915750915752,11.291666666666666
2023-08-13,제주,28.1602787456446,17.975524475524477,3.0,29.2,65.3,1001.8,11.394455994455992,8,2,6,16.56140350877193,12.692307692307692
2023-08-14,제주,25.06644518272425,14.970873786407767,3.4,28.9,69.9,1002.5,11.394455994455992,8,2,0,17.975524475524477,11.982332155477032
2023-08-15,제주,24.121794871794872,13.583333333333334,2.8,29.4,69.9,1002.2,11.394455994455992,8,2,1,14.970873786407767,11.704918032786885
2023-08-16,제주,20.927835051546392,12.272435897435898,2.6,29.6,67.9,1002.0,11.394455994455992,8,2,2,13.583333333333334,9.922727272727272
2023-08-17,제주,19.89679715302491,11.974358974358974,2.4,28.3,70.8,1002.3,0.9,8,2,3,12.272435897435898,6.337662337662338
2023-08-18,제주,14.935275080906148,8.46474358974359,3.0,28.3,77.5,1003.9,34.7,8,2,4,11.974358974358974,14.750915750915752
2023-08-19,제주,17.82051282051282,11.637820512820513,2.0,29.0,76.3,1007.5,0.1,8,2,5,8.46474358974359,16.56140350877193
2023-08-20,제주,18.742765273311896,12.613636363636363,2.5,29.6,73.0,1008.7,11.394455994455992,8,2,6,11.637820512820513,17.975524475524477
2023-08-21,제주,15.896666666666667,9.411184210526315,2.3,30.2,68.8,1005.5,11.394455994455992,8,2,0,12.613636363636363,14.970873786407767
2023-08-22,제주,15.519867549668874,7.450331125827814,2.1,29.5,71.4,1002.5,7.5,8,2,1,9.411184210526315,13.583333333333334
2023-08-23,제주,15.439344262295082,6.707236842105263,1.8,26.8,85.5,1002.2,58.2,8,2,2,7.450331125827814,12.272435897435898
2023-08-24,제주,11.911184210526315,5.742671009771987,2.9,27.0,81.4,1004.4,18.5,8,2,3,6.707236842105263,11.974358974358974
2023-08-25,제주,24.514469453376204,10.881410256410257,2.6,28.0,65.0,1006.7,11.394455994455992,8,2,4,5.742671009771987,8.46474358974359
2023-08-26,제주,22.91025641025641,11.804487179487179,2.6,27.2,67.0,1006.5,11.394455994455992,8,2,5,10.881410256410257,11.637820512820513
2023-08-27,제주,21.759615384615383,12.490384615384615,3.1,28.5,71.8,1004.5,11.394455994455992,8,2,6,11.804487179487179,12.613636363636363
2023-08-28,제주,16.86577181208054,8.10738255033557,2.9,29.6,69.5,1002.5,4.1,8,2,0,12.490384615384615,9.411184210526315
2023-08-29,제주,12.788590604026846,5.505084745762712,1.9,28.0,82.3,1003.9,6.3,8,2,1,8.10738255033557,7.450331125827814
2023-08-30,제주,10.405228758169935,4.970684039087948,2.3,23.9,87.0,1006.4,47.7,8,2,2,5.505084745762712,6.707236842105263
2023-08-31,제주,13.329032258064515,6.5256410256410255,2.2,24.6,71.4,1007.6,1.5,8,2,3,4.970684039087948,5.742671009771987
2023-09-01,제주,17.653846153846153,8.923076923076923,2.1,25.0,83.0,1007.4,2.4,9,3,4,6.5256410256410255,10.881410256410257
2023-09-02,제주,14.51602564102564,5.083333333333333,2.2,27.4,72.6,1007.1,0.1,9,3,5,8.923076923076923,11.804487179487179
2023-09-03,제주,20.560897435897434,10.439102564102564,2.5,28.2,68.1,1008.3,11.394455994455992,9,3,6,5.083333333333333,12.490384615384615
2023-09-04,제주,22.711475409836066,11.98032786885246,3.2,26.7,78.9,1008.5,11.394455994455992,9,3,0,10.439102564102564,8.10738255033557
2023-09-05,제주,20.99671052631579,10.713815789473685,2.6,26.9,67.6,1008.2,0.8,9,3,1,11.98032786885246,5.505084745762712
2023-09-06,제주,20.501661129568106,11.684385382059801,2.6,26.9,65.5,1008.6,11.394455994455992,9,3,2,10.713815789473685,4.970684039087948
2023-09-07,제주,24.105610561056107,12.333333333333334,2.9,25.8,63.3,1010.6,0.3,9,3,3,11.684385382059801,6.5256410256410255
2023-09-08,제주,20.664495114006513,9.326860841423947,2.8,25.1,60.0,1010.0,0.0,9,3,4,12.333333333333334,8.923076923076923
2023-09-09,제주,20.253205128205128,10.163461538461538,2.7,24.9,60.4,1008.7,11.394455994455992,9,3,5,9.326860841423947,5.083333333333333
2023-09-10,제주,19.783171521035598,10.619354838709677,2.7,24.9,63.1,1007.6,11.394455994455992,9,3,6,10.163461538461538,10.439102564102564
2023-09-11,제주,19.131832797427652,10.310897435897436,2.6,25.7,63.3,1006.9,11.394455994455992,9,3,0,10.619354838709677,11.98032786885246
2023-09-12,제주,23.378839590443686,15.678082191780822,2.4,25.8,69.6,1007.7,1.6,9,3,1,10.310897435897436,10.713815789473685
2023-09-13,제주,28.742424242424242,21.315384615384616,2.4,27.1,69.0,1006.7,4.6,9,3,2,15.678082191780822,11.684385382059801
2023-09-14,제주,13.775438596491227,7.866666666666666,2.4,24.3,79.0,1008.6,0.4,9,3,3,21.315384615384616,12.333333333333334
2023-09-15,제주,12.878205128205128,6.44551282051282,2.2,27.4,72.3,1009.3,11.394455994455992,9,3,4,7.866666666666666,9.326860841423947
2023-09-16,제주,12.48076923076923,5.205128205128205,1.7,25.6,82.5,1009.1,43.0,9,3,5,6.44551282051282,10.163461538461538
2023-09-17,제주,11.01923076923077,4.173202614379085,1.8,24.3,83.4,1008.3,25.0,9,3,6,5.205128205128205,10.619354838709677
2023-09-18,제주,12.346534653465346,5.006756756756757,2.2,25.7,75.0,1010.7,11.394455994455992,9,3,0,4.173202614379085,10.310897435897436
2023-09-19,제주,13.743333333333334,7.037414965986395,2.5,25.9,71.3,1012.0,11.394455994455992,9,3,1,5.006756756756757,15.678082191780822
2023-09-20,제주,20.49019607843137,10.160535117056856,3.8,27.5,68.0,1006.0,0.0,9,3,2,7.037414965986395,21.315384615384616
2023-09-21,제주,15.737864077669903,5.848387096774194,4.9,24.0,72.9,1009.2,0.5,9,3,3,10.160535117056856,7.866666666666666
2023-09-22,제주,15.996794871794872,7.698717948717949,2.3,23.9,73.8,1012.3,0.2,9,3,4,5.848387096774194,6.44551282051282
2023-09-23,제주,20.60576923076923,8.76923076923077,3.7,24.4,66.0,1014.9,0.7,9,3,5,7.698717948717949,5.205128205128205
2023-09-24,제주,27.506410256410255,8.96474358974359,4.7,24.2,69.9,1014.0,0.0,9,3,6,8.76923076923077,4.173202614379085
2023-09-25,제주,26.630225080385852,9.727564102564102,3.6,25.1,76.0,1011.8,0.0,9,3,0,8.96474358974359,5.006756756756757
2023-09-26,제주,16.621794871794872,9.086538461538462,3.1,26.0,72.1,1011.1,11.394455994455992,9,3,1,9.727564102564102,7.037414965986395
2023-09-27,제주,18.216129032258063,10.709677419354838,3.3,25.8,70.5,1010.9,0.0,9,3,2,9.086538461538462,10.160535117056856
2023-09-28,제주,28.696369636963695,20.225490196078432,2.9,25.3,70.8,1012.2,0.2,9,3,3,10.709677419354838,5.848387096774194
2023-09-29,제주,47.243589743589745,27.753205128205128,2.2,24.0,64.8,1011.8,11.394455994455992,9,3,4,20.225490196078432,7.698717948717949
2023-09-30,제주,22.84294871794872,12.646302250803858,2.6,20.9,70.5,1009.7,4.7,9,3,5,27.753205128205128,8.76923076923077
2023-10-01,제주,30.40705128205128,11.160771704180064,3.7,22.6,55.8,1012.3,11.394455994455992,10,3,6,12.646302250803858,8.96474358974359
2023-10-02,제주,16.057692307692307,7.19935691318328,2.8,21.8,43.3,1014.8,11.394455994455992,10,3,0,11.160771704180064,9.727564102564102
2023-10-03,제주,20.03525641025641,8.333333333333334,2.6,21.7,73.4,1013.2,0.3,10,3,1,7.19935691318328,9.086538461538462
2023-10-04,제주,16.72093023255814,7.922829581993569,2.3,22.2,65.6,1012.2,11.394455994455992,10,3,2,8.333333333333334,10.709677419354838
2023-10-05,제주,34.148648648648646,9.743506493506494,4.7,20.1,49.4,1014.4,11.394455994455992,10,3,3,7.922829581993569,20.225490196078432
2023-10-06,제주,18.83974358974359,7.363344051446945,2.4,19.1,51.4,1016.4,0.0,10,3,4,9.743506493506494,27.753205128205128
2023-10-07,제주,19.08653846153846,10.150641025641026,1.8,18.9,71.3,1018.0,11.4,10,3,5,7.363344051446945,12.646302250803858
2023-10-08,제주,19.80448717948718,8.441935483870967,3.2,20.1,73.5,1016.3,10.8,10,3,6,10.150641025641026,11.160771704180064
2023-10-09,제주,18.122186495176848,8.37620578778135,3.1,20.9,68.5,1016.8,11.394455994455992,10,3,0,8.441935483870967,7.19935691318328
2023-10-10,제주,19.371335504885995,10.63961038961039,3.4,20.5,59.8,1018.4,11.394455994455992,10,3,1,8.37620578778135,8.333333333333334
2023-10-11,제주,24.010135135135137,11.923076923076923,3.1,20.5,62.4,1020.4,11.394455994455992,10,3,2,10.63961038961039,7.922829581993569
2023-10-12,제주,21.22866894197952,10.095394736842104,2.8,20.1,55.6,1020.6,11.394455994455992,10,3,3,11.923076923076923,9.743506493506494
2023-10-13,제주,22.90759075907591,12.519867549668874,2.4,20.3,62.3,1014.7,11.394455994455992,10,3,4,10.095394736842104,7.363344051446945
2023-10-14,제주,23.212218649517684,13.73397435897436,3.2,20.7,58.9,1009.1,5.2,10,3,5,12.519867549668874,10.150641025641026
2023-10-15,제주,24.89423076923077,13.637820512820513,4.5,20.1,57.3,1010.8,0.0,10,3,6,13.73397435897436,8.441935483870967
2023-10-16,제주,32.145161290322584,13.464516129032258,3.8,18.9,57.5,1014.8,11.394455994455992,10,3,0,13.637820512820513,8.37620578778135
2023-10-17,제주,22.86038961038961,8.18705035971223,3.1,18.3,58.8,1017.6,11.394455994455992,10,3,1,13.464516129032258,10.63961038961039
2023-10-18,제주,18.241157556270096,7.903100775193798,2.2,18.3,69.9,1017.9,11.394455994455992,10,3,2,8.18705035971223,11.923076923076923
2023-10-19,제주,15.26206896551724,7.41696113074205,2.7,21.4,62.3,1014.3,11.394455994455992,10,3,3,7.903100775193798,10.095394736842104
2023-10-20,제주,22.17216117216117,8.306397306397306,5.6,16.8,55.0,1016.3,8.3,10,3,4,7.41696113074205,12.519867549668874
2023-10-21,제주,21.993055555555557,6.954983922829582,4.2,17.4,50.0,1020.6,11.394455994455992,10,3,5,8.306397306397306,13.73397435897436
2023-10-22,제주,23.300330033003302,8.64102564102564,2.2,17.4,56.9,1021.7,11.394455994455992,10,3,6,6.954983922829582,13.637820512820513
2023-10-23,제주,19.632786885245903,8.613861386138614,1.6,17.2,59.6,1020.8,11.394455994455992,10,3,0,8.64102564102564,13.464516129032258
2023-10-24,제주,18.778877887788777,9.828947368421053,1.5,17.7,60.0,1017.9,11.394455994455992,10,3,1,8.613861386138614,8.18705035971223
2023-10-25,제주,19.554455445544555,11.05921052631579,2.2,19.8,61.9,1015.9,11.394455994455992,10,3,2,9.828947368421053,7.903100775193798
2023-10-26,제주,26.05483870967742,15.961290322580645,3.5,20.4,66.3,1013.7,11.394455994455992,10,3,3,11.05921052631579,7.41696113074205
2023-10-27,제주,41.55067567567568,19.298076923076923,3.8,18.3,58.3,1013.8,11.394455994455992,10,3,4,15.961290322580645,8.306397306397306
2023-10-28,제주,31.76923076923077,14.01923076923077,2.2,17.2,62.1,1016.4,11.394455994455992,10,3,5,19.298076923076923,6.954983922829582
2023-10-29,제주,27.833333333333332,13.288461538461538,2.5,17.9,62.1,1018.3,11.394455994455992,10,3,6,14.01923076923077,8.64102564102564
2023-10-30,제주,21.259615384615383,11.23076923076923,2.6,18.2,63.1,1019.7,11.394455994455992,10,3,0,13.288461538461538,8.613861386138614
2023-10-31,제주,23.10576923076923,10.832797427652734,1.9,17.7,54.9,1020.4,11.394455994455992,10,3,1,11.23076923076923,9.828947368421053
2023-11-01,제주,21.09090909090909,9.241042345276872,2.4,20.0,44.4,1017.9,11.394455994455992,11,3,2,10.832797427652734,11.05921052631579
2023-11-02,제주,22.32371794871795,10.532051282051283,2.3,19.8,58.1,1016.2,11.394455994455992,11,3,3,9.241042345276872,15.961290322580645
2023-11-03,제주,18.69871794871795,9.546623794212218,2.2,21.2,60.0,1014.0,11.394455994455992,11,3,4,10.532051282051283,19.298076923076923
2023-11-04,제주,15.544871794871796,7.0576923076923075,1.8,22.3,74.0,1016.1,0.0,11,3,5,9.546623794212218,14.01923076923077
2023-11-05,제주,18.403846153846153,8.496794871794872,2.1,23.6,66.3,1012.8,0.6,11,3,6,7.0576923076923075,13.288461538461538
2023-11-06,제주,30.28846153846154,10.83974358974359,6.8,19.0,63.5,1010.9,18.3,11,3,0,8.496794871794872,11.23076923076923
2023-11-07,제주,34.1025641025641,12.751612903225807,4.7,14.9,55.5,1019.3,11.394455994455992,11,3,1,10.83974358974359,10.832797427652734
2023-11-08,제주,21.75728155339806,11.119741100323624,2.5,15.6,65.3,1018.9,11.394455994455992,11,3,2,12.751612903225807,9.241042345276872
2023-11-09,제주,19.238709677419354,9.884244372990354,1.6,18.5,66.3,1016.9,2.8,11,3,3,11.119741100323624,10.532051282051283
2023-11-10,제주,23.13131313131313,8.547854785478547,4.4,12.9,59.6,1020.9,4.0,11,3,4,9.884244372990354,9.546623794212218
2023-11-11,제주,18.307692307692307,8.01923076923077,4.4,11.0,51.9,1024.9,11.394455994455992,11,3,5,8.547854785478547,7.0576923076923075
2023-11-12,제주,18.06148867313916,8.237179487179487,5.5,10.2,59.3,1024.4,0.0,11,3,6,8.01923076923077,8.496794871794872
2023-11-13,제주,16.953795379537954,7.982993197278912,5.5,9.5,59.1,1025.6,1.7,11,3,0,8.237179487179487,10.83974358974359
2023-11-14,제주,17.294871794871796,8.635451505016722,3.0,11.6,55.0,1024.5,11.394455994455992,11,3,1,7.982993197278912,12.751612903225807
2023-11-15,제주,21.434083601286172,12.487179487179487,2.8,12.9,54.0,1025.3,11.394455994455992,11,3,2,8.635451505016722,11.119741100323624
2023-11-16,제주,24.098360655737704,12.540453074433657,3.8,12.0,66.3,1018.6,27.3,11,3,3,12.487179487179487,9.884244372990354
2023-11-17,제주,25.666666666666668,10.210526315789474,7.5,10.0,64.0,1014.2,12.6,11,3,4,12.540453074433657,8.547854785478547
2023-11-18,제주,23.259615384615383,10.08974358974359,7.2,8.8,60.1,1018.6,1.8,11,3,5,10.210526315789474,8.01923076923077
2023-11-19,제주,31.182692307692307,12.711538461538462,4.5,13.6,56.8,1017.8,11.394455994455992,11,3,6,10.08974358974359,8.237179487179487
2023-11-20,제주,37.88782051282051,16.817307692307693,2.9,12.3,56.0,1020.9,11.394455994455992,11,3,0,12.711538461538462,7.982993197278912
2023-11-21,제주,19.94736842105263,10.714754098360656,2.0,12.5,67.4,1019.1,11.394455994455992,11,3,1,16.817307692307693,8.635451505016722
2023-11-22,제주,19.27361563517915,10.13029315960912,2.1,14.7,66.8,1014.8,11.394455994455992,11,3,2,10.714754098360656,12.487179487179487
2023-11-23,제주,58.49190938511327,28.10355987055016,4.7,17.3,69.5,1013.4,11.394455994455992,11,3,3,10.13029315960912,12.540453074433657
2023-11-24,제주,22.743589743589745,9.169871794871796,6.4,8.6,53.4,1025.4,11.394455994455992,11,3,4,28.10355987055016,10.210526315789474
2023-11-25,제주,15.557692307692308,7.490384615384615,3.4,6.3,53.0,1028.3,11.394455994455992,11,3,5,9.169871794871796,10.08974358974359
2023-11-26,제주,14.51602564102564,8.970967741935484,2.0,8.9,60.4,1021.5,11.394455994455992,11,3,6,7.490384615384615,12.711538461538462
2023-11-27,제주,40.72318339100346,22.096885813148788,4.1,13.1,66.1,1014.2,0.0,11,3,0,8.970967741935484,16.817307692307693
2023-11-28,제주,49.09756097560975,21.75609756097561,4.6,10.7,55.5,1019.6,0.0,11,3,1,22.096885813148788,10.714754098360656
2023-11-29,제주,29.65686274509804,12.526143790849673,2.9,11.2,58.9,1021.9,0.0,11,3,2,21.75609756097561,10.13029315960912
2023-11-30,제주,17.61935483870968,9.416129032258064,5.7,6.6,63.6,1025.1,0.0,11,3,3,12.526143790849673,28.10355987055016
2023-12-01,제주,13.736334405144694,7.717948717948718,5.2,7.1,62.3,1023.6,2.9,12,4,4,9.416129032258064,9.169871794871796
2023-12-02,제주,19.78205128205128,10.743589743589743,3.0,9.1,52.9,1024.4,11.394455994455992,12,4,5,7.717948717948718,7.490384615384615
2023-12-03,제주,34.12179487179487,17.612179487179485,3.4,10.1,55.0,1023.7,11.394455994455992,12,4,6,10.743589743589743,8.970967741935484
2023-12-04,제주,21.562700964630224,11.585209003215434,2.0,8.5,68.5,1019.2,11.394455994455992,12,4,0,17.612179487179485,22.096885813148788
2023-12-05,제주,22.44551282051282,12.92604501607717,1.9,11.7,60.0,1014.7,11.394455994455992,12,4,1,11.585209003215434,21.75609756097561
2023-12-06,제주,64.25,37.12337662337662,2.0177358490566037,13.6,61.4,1010.7,0.1,12,4,2,12.92604501607717,12.526143790849673
2023-12-07,제주,72.60967741935484,17.71474358974359,4.1,12.0,45.1,1015.3,11.394455994455992,12,4,3,37.12337662337662,9.416129032258064
2023-12-08,제주,80.4551282051282,22.813504823151124,2.3,13.9,53.6,1013.8,11.394455994455992,12,4,4,17.71474358974359,7.717948717948718
2023-12-09,제주,43.42628205128205,14.67524115755627,2.5,15.8,64.8,1015.7,11.394455994455992,12,4,5,22.813504823151124,10.743589743589743
2023-12-10,제주,24.90705128205128,10.461538461538462,3.0,17.0,71.5,1017.1,13.8,12,4,6,14.67524115755627,17.612179487179485
2023-12-11,제주,12.188118811881187,6.67,4.7,17.0,80.9,1009.9,10.1,12,4,0,10.461538461538462,11.585209003215434
2023-12-12,제주,12.447019867549669,5.791390728476821,3.8,11.3,78.0,1017.4,0.1,12,4,1,6.67,12.92604501607717
2023-12-13,제주,15.841059602649006,7.277591973244147,2.4,14.0,72.5,1022.9,0.8,12,4,2,5.791390728476821,37.12337662337662
2023-12-14,제주,15.88628762541806,7.769230769230769,2.5,16.5,83.3,1017.2,5.4,12,4,3,7.277591973244147,17.71474358974359
2023-12-15,제주,16.401294498381876,8.541935483870967,5.3,15.3,81.5,1011.9,4.1,12,4,4,7.769230769230769,22.813504823151124
2023-12-16,제주,16.29903536977492,9.26923076923077,8.7,5.8,69.0,1022.0,1.8,12,4,5,8.541935483870967,14.67524115755627
2023-12-17,제주,12.287128712871286,7.3076923076923075,7.1,2.7,66.9,1029.3,3.0,12,4,6,9.26923076923077,10.461538461538462
2023-12-18,제주,10.467796610169492,7.332203389830508,2.8,3.7,67.1,1029.7,2.9,12,4,0,7.3076923076923075,6.67
2023-12-19,제주,11.236486486486486,6.655405405405405,2.8,5.9,70.9,1024.8,4.3,12,4,1,7.332203389830508,5.791390728476821
2023-12-20,제주,26.473856209150327,14.966996699669966,7.0,4.7,58.8,1024.4,0.0,12,4,2,6.655405405405405,7.277591973244147
2023-12-21,제주,11.354515050167224,7.407894736842105,7.8,1.3,77.4,1026.6,7.1,12,4,3,14.966996699669966,7.769230769230769
2023-12-22,제주,10.841059602649006,7.444444444444445,6.5,1.6,72.8,1032.2,8.2,12,4,4,7.407894736842105,8.541935483870967
2023-12-23,제주,11.442307692307692,8.621052631578948,3.0,3.6,67.1,1033.2,11.394455994455992,12,4,5,7.444444444444445,9.26923076923077
2023-12-24,제주,28.607142857142858,20.233449477351915,4.1,5.4,69.4,1028.1,9.2,12,4,6,8.621052631578948,7.3076923076923075
2023-12-25,제주,31.96794871794872,20.949324324324323,4.6,6.5,55.1,1027.6,0.0,12,4,0,20.233449477351915,7.332203389830508
2023-12-26,제주,37.346278317152105,24.535714285714285,2.4,8.3,62.1,1027.4,11.394455994455992,12,4,1,20.949324324324323,6.655405405405405
2023-12-27,제주,34.5359477124183,23.03257328990228,1.9,9.6,66.3,1027.2,11.394455994455992,12,4,2,24.535714285714285,14.966996699669966
2023-12-28,제주,34.18006430868167,22.408360128617364,2.9,9.7,63.9,1025.4,11.394455994455992,12,4,3,23.03257328990228,7.407894736842105
2023-12-29,제주,56.16943521594684,39.196666666666665,2.6,8.5,63.4,1024.2,11.394455994455992,12,4,4,22.408360128617364,7.444444444444445
2023-12-30,제주,42.06273062730627,28.679577464788732,2.1,11.2,68.4,1014.8,0.0,12,4,5,39.196666666666665,8.621052631578948
2023-12-31,제주,66.006734006734,45.00337837837838,6.8,10.1,59.5,1017.5,0.1,12,4,6,28.679577464788732,20.233449477351915
2024-10-01,제주,26.538690476190474,13.0625,3.5,23.3,70.4,1009.6,4.9,10,3,1,45.00337837837838,20.949324324324323
2024-10-02,제주,26.179331306990882,10.303951367781155,4.5,20.3,51.0,1014.5,0.0,10,3,2,13.0625,24.535714285714285
2024-10-03,제주,18.969604863221885,9.060790273556231,3.4,19.1,62.5,1017.2,0.0,10,3,3,10.303951367781155,23.03257328990228
2024-10-04,제주,14.933534743202417,6.462235649546828,3.1,21.1,61.9,1019.6,0.0,10,3,4,9.060790273556231,22.408360128617364
2024-10-05,제주,18.764880952380953,6.800595238095238,3.3,22.5,63.1,1018.3,0.0,10,3,5,6.462235649546828,39.196666666666665
2024-10-06,제주,16.37202380952381,6.964179104477612,2.4,21.1,70.5,1016.3,10.7,10,3,6,6.800595238095238,28.679577464788732
2024-10-07,제주,17.924471299093657,10.851515151515152,3.1,19.0,67.9,1015.2,8.4,10,3,0,6.964179104477612,45.00337837837838
2024-10-08,제주,34.2760736196319,19.984662576687118,3.2,21.3,63.8,1013.8,0.0,10,3,1,10.851515151515152,13.0625
2024-10-09,제주,20.333333333333332,11.735119047619047,2.0,19.2,78.0,1012.3,22.5,10,3,2,19.984662576687118,10.303951367781155
2024-10-10,제주,19.5,8.928571428571429,2.4,20.3,70.1,1012.0,4.1,10,3,3,11.735119047619047,9.060790273556231
2024-10-11,제주,19.8419452887538,11.535168195718654,2.2,20.4,71.3,1015.3,0.5,10,3,4,8.928571428571429,6.462235649546828
2024-10-12,제주,22.074626865671643,12.398809523809524,2.3,21.1,65.6,1019.3,11.394455994455992,10,3,5,11.535168195718654,6.800595238095238
2024-10-13,제주,21.12202380952381,10.913690476190476,2.8,22.6,57.5,1018.5,11.394455994455992,10,3,6,12.398809523809524,6.964179104477612
2024-10-14,제주,24.49546827794562,14.477477477477477,2.1,23.7,68.6,1014.5,0.7,10,3,0,10.913690476190476,10.851515151515152
2024-10-15,제주,19.788819875776397,11.458461538461538,2.1,23.3,78.0,1015.0,0.4,10,3,1,14.477477477477477,19.984662576687118
2024-10-16,제주,21.93968253968254,11.344615384615384,2.5,22.9,74.1,1018.2,11.394455994455992,10,3,2,11.458461538461538,11.735119047619047
2024-10-17,제주,33.11854103343465,14.054545454545455,3.3,23.1,77.5,1017.2,11.394455994455992,10,3,3,11.344615384615384,8.928571428571429
2024-10-18,제주,18.795107033639145,8.523076923076923,2.9,26.5,71.8,1010.8,2.0,10,3,4,14.054545454545455,11.535168195718654
2024-10-19,제주,24.38095238095238,10.984276729559749,5.0,21.7,77.4,1014.8,8.8,10,3,5,8.523076923076923,12.398809523809524
2024-10-20,제주,30.582089552238806,9.836538461538462,6.1,19.0,65.0,1023.0,3.2,10,3,6,10.984276729559749,10.913690476190476
2024-10-21,제주,25.494011976047904,9.932307692307692,2.9,21.1,79.5,1018.0,16.0,10,3,0,9.836538461538462,14.477477477477477
2024-10-22,제주,17.566265060240966,6.447129909365559,4.0,21.7,84.3,1012.1,32.6,10,3,1,9.932307692307692,11.458461538461538
2024-10-23,제주,28.316265060240966,11.01863354037267,5.1,17.7,58.9,1016.6,0.0,10,3,2,6.447129909365559,11.344615384615384
2024-10-24,제주,21.051204819277107,9.765060240963855,2.6,17.3,55.0,1018.0,11.394455994455992,10,3,3,11.01863354037267,14.054545454545455
2024-10-25,제주,26.199404761904763,10.130952380952381,3.6,21.5,69.9,1018.8,0.0,10,3,4,9.765060240963855,8.523076923076923
2024-10-26,제주,26.43452380952381,10.041666666666666,3.2,21.5,76.5,1016.2,0.0,10,3,5,10.130952380952381,10.984276729559749
2024-10-27,제주,18.410179640718564,9.437125748502995,2.7,19.3,81.1,1011.7,15.9,10,3,6,10.041666666666666,9.836538461538462
2024-10-28,제주,34.94047619047619,19.642857142857142,2.9,17.8,67.8,1011.8,11.394455994455992,10,3,0,9.437125748502995,9.932307692307692
2024-10-29,제주,26.350609756097562,11.224242424242425,2.9,19.3,74.3,1014.3,3.9,10,3,1,19.642857142857142,6.447129909365559
2024-10-30,제주,23.177419354838708,11.667741935483871,2.8,19.7,63.3,1018.5,11.394455994455992,10,3,2,11.224242424242425,11.01863354037267
2024-10-31,제주,25.21019108280255,11.539735099337749,2.8,20.3,67.6,1017.9,0.6,10,3,3,11.667741935483871,9.765060240963855
2024-11-01,제주,13.458860759493671,5.7446153846153845,3.8,18.5,87.3,1013.9,238.4,11,3,4,11.539735099337749,10.130952380952381
2024-11-02,제주,16.790419161676645,7.081081081081081,3.5,19.3,81.8,1013.2,36.5,11,3,5,5.7446153846153845,10.041666666666666
2024-11-03,제주,31.305841924398624,14.5,2.6,18.9,70.8,1019.2,11.394455994455992,11,3,6,7.081081081081081,9.437125748502995
2024-11-04,제주,29.65551839464883,15.05483870967742,2.9,18.3,63.4,1018.8,0.0,11,3,0,14.5,19.642857142857142
2024-11-05,제주,27.8,10.316666666666666,4.4,15.1,54.5,1020.1,11.394455994455992,11,3,1,15.05483870967742,11.224242424242425
2024-11-06,제주,26.239202657807308,10.388704318936878,4.9,14.2,52.8,1023.7,11.394455994455992,11,3,2,10.316666666666666,11.667741935483871
2024-11-07,제주,24.501650165016503,12.742574257425742,2.4,13.8,62.1,1025.7,11.394455994455992,11,3,3,10.388704318936878,11.539735099337749
2024-11-08,제주,22.029032258064515,10.437299035369774,2.4,17.7,62.0,1023.5,0.1,11,3,4,12.742574257425742,5.7446153846153845
2024-11-09,제주,19.946428571428573,9.107142857142858,2.8,18.1,68.3,1021.5,11.394455994455992,11,3,5,10.437299035369774,7.081081081081081
2024-11-10,제주,16.113095238095237,8.802985074626866,2.2,18.2,83.5,1018.0,17.4,11,3,6,9.107142857142858,14.5
2024-11-11,제주,23.99685534591195,13.884375,1.9,17.3,69.1,1017.2,11.394455994455992,11,3,0,8.802985074626866,15.05483870967742
2024-11-12,제주,34.27469135802469,21.19814241486068,2.4,17.5,69.5,1017.3,11.394455994455992,11,3,1,13.884375,10.316666666666666
2024-11-13,제주,34.124242424242425,17.13595166163142,2.8,17.5,67.3,1018.2,11.394455994455992,11,3,2,21.19814241486068,10.388704318936878
2024-11-14,제주,29.623493975903614,13.145015105740182,2.7,18.7,66.4,1016.6,0.0,11,3,3,17.13595166163142,12.742574257425742
2024-11-15,제주,17.254545454545454,9.642424242424243,2.4,18.2,84.9,1014.3,16.1,11,3,4,13.145015105740182,10.437299035369774
2024-11-16,제주,28.520833333333332,14.669642857142858,2.7,20.4,79.6,1013.5,0.0,11,3,5,9.642424242424243,9.107142857142858
2024-11-17,제주,31.779761904761905,14.169642857142858,4.5,15.8,55.5,1019.8,11.394455994455992,11,3,6,14.669642857142858,8.802985074626866
2024-11-18,제주,26.547619047619047,9.943283582089553,4.9,9.9,45.1,1027.4,11.394455994455992,11,3,0,14.169642857142858,13.884375
2024-11-19,제주,20.97230769230769,9.372307692307693,2.4,12.8,68.6,1024.8,2.6,11,3,1,9.943283582089553,21.19814241486068
2024-11-20,제주,25.27076923076923,14.061349693251534,3.0,12.7,64.1,1020.9,0.9,11,3,2,9.372307692307693,17.13595166163142
2024-11-21,제주,36.93769470404985,20.705329153605014,3.4,14.6,53.5,1019.5,11.394455994455992,11,3,3,14.061349693251534,13.145015105740182
2024-11-22,제주,33.86904761904762,16.601190476190474,4.2,13.4,52.6,1020.7,11.394455994455992,11,3,4,20.705329153605014,9.642424242424243
2024-11-23,제주,24.794642857142858,11.943452380952381,3.1,11.3,55.4,1024.1,11.394455994455992,11,3,5,16.601190476190474,14.669642857142858
2024-11-24,제주,22.657738095238095,14.0,1.7,11.8,76.0,1024.9,7.5,11,3,6,11.943452380952381,14.169642857142858
2024-11-25,제주,18.315315315315317,8.063291139240507,3.5,15.7,65.8,1019.1,2.3,11,3,0,14.0,9.943283582089553
2024-11-26,제주,31.519108280254777,13.310897435897436,7.3,12.4,60.9,1014.6,5.5,11,3,1,8.063291139240507,9.372307692307693
2024-11-27,제주,36.67857142857143,14.37987012987013,8.1,9.3,58.1,1013.9,2.8,11,3,2,13.310897435897436,14.061349693251534
2024-11-28,제주,35.04807692307692,14.849358974358974,7.3,9.7,60.5,1012.7,5.6,11,3,3,14.37987012987013,20.705329153605014
2024-11-29,제주,30.313479623824453,13.047021943573668,7.7,10.4,49.1,1013.0,0.0,11,3,4,14.849358974358974,16.601190476190474
2024-11-30,제주,29.580357142857142,11.708333333333334,3.9,12.1,50.8,1015.2,11.394455994455992,11,3,5,13.047021943573668,11.943452380952381
2023-01-08,충남,109.29166666666667,34.376736111111114,1.0,-0.1,81.5,1021.6,11.394455994455992,1,4,6,89.00087950747582,36.15627822944896
2023-01-09,충남,85.76021314387211,34.951438848920866,2.1,2.3,69.4,1022.1,0.0,1,4,0,34.376736111111114,11.49502262443439
2023-01-10,충남,68.01352569882778,38.50550458715596,1.2,0.0,68.9,1025.7,11.394455994455992,1,4,1,34.951438848920866,16.751376146788992
2023-01-11,충남,76.63578564940963,50.34412580943571,0.8,0.4,72.9,1023.1,11.394455994455992,1,4,2,38.50550458715596,24.086486486486486
2023-01-12,충남,64.03153153153153,42.1662100456621,1.2,6.0,64.1,1018.3,0.4,1,4,3,50.34412580943571,48.930316742081445
2023-01-13,충남,20.812611012433393,14.991959798994975,1.8,9.4,96.6,1007.8,20.1,1,4,4,42.1662100456621,87.22404371584699
2023-01-14,충남,23.225609756097562,16.857142857142858,1.6,5.0,95.9,1011.3,0.3,1,4,5,14.991959798994975,89.00087950747582
2023-01-15,충남,18.861618798955615,11.026728110599079,3.6,-1.0,80.3,1016.7,0.4,1,4,6,16.857142857142858,34.376736111111114
2023-01-16,충남,21.85135135135135,11.476497695852535,2.5,-4.2,64.5,1023.0,11.394455994455992,1,4,0,11.026728110599079,34.951438848920866
2023-01-17,충남,32.180987202925046,18.50462962962963,1.1,-2.3,70.4,1023.9,11.394455994455992,1,4,1,11.476497695852535,38.50550458715596
2023-01-18,충남,60.18552036199095,29.2147406733394,1.1,-1.6,68.1,1023.5,11.394455994455992,1,4,2,18.50462962962963,50.34412580943571
2023-01-19,충남,63.58160504959423,24.729486023444544,2.1,0.3,68.8,1020.5,0.4,1,4,3,29.2147406733394,42.1662100456621
2023-01-20,충남,76.82358156028369,20.06382978723404,4.1,-1.8,52.8,1025.6,11.394455994455992,1,4,4,24.729486023444544,14.991959798994975
2023-01-21,충남,28.174934725848566,14.220767888307154,1.6,-3.2,63.8,1027.3,11.394455994455992,1,4,5,20.06382978723404,16.857142857142858
2023-01-22,충남,34.729166666666664,19.120974760661444,1.8,0.7,57.3,1022.7,11.394455994455992,1,4,6,14.220767888307154,11.026728110599079
2023-01-23,충남,58.99131944444444,34.728783902012246,2.6,-0.6,70.8,1021.3,11.394455994455992,1,4,0,19.120974760661444,11.476497695852535
2023-01-24,충남,26.271615720524018,9.932975871313673,5.6,-11.4,62.9,1027.3,0.1,1,4,1,34.728783902012246,18.50462962962963
2023-01-25,충남,23.365542388331814,11.658192090395481,1.6,-10.2,62.3,1027.4,11.394455994455992,1,4,2,9.932975871313673,29.2147406733394
2023-01-26,충남,29.889396709323584,21.529130850047757,1.2,-4.7,86.8,1020.8,3.2,1,4,3,11.658192090395481,24.729486023444544
2023-01-27,충남,33.30357142857143,19.08010801080108,3.6,-6.4,59.0,1020.9,11.394455994455992,1,4,4,21.529130850047757,20.06382978723404
2023-01-28,충남,31.82707423580786,14.3896218117854,1.7,-5.8,70.1,1020.0,0.4,1,4,5,19.08010801080108,14.220767888307154
2023-01-29,충남,52.15538194444444,18.452318460192476,2.6,-2.0,70.9,1016.9,11.394455994455992,1,4,6,14.3896218117854,19.120974760661444
2023-01-30,충남,44.57232142857143,15.51978417266187,1.7,-1.0,57.6,1020.9,11.394455994455992,1,4,0,18.452318460192476,34.728783902012246
2023-01-31,충남,38.57377049180328,16.503161698283648,2.4,1.4,76.0,1015.1,11.394455994455992,1,4,1,15.51978417266187,9.932975871313673
2023-02-01,충남,56.62107208872458,27.67680278019114,2.7,1.5,66.4,1017.7,11.394455994455992,2,4,2,16.503161698283648,11.658192090395481
2023-02-02,충남,46.75868372943327,16.543798785776236,1.8,-2.4,58.0,1024.6,11.394455994455992,2,4,3,27.67680278019114,21.529130850047757
2023-02-03,충남,39.77868112014453,18.83262169086251,1.4,-2.3,62.9,1021.2,11.394455994455992,2,4,4,16.543798785776236,19.08010801080108
2023-02-04,충남,49.57991266375546,33.07001647446458,1.2,-2.1,76.4,1022.5,11.394455994455992,2,4,5,18.83262169086251,14.3896218117854
2023-02-05,충남,69.35658238884045,50.229045643153526,1.1,-0.8,80.4,1022.2,11.394455994455992,2,4,6,33.07001647446458,18.452318460192476
2023-02-06,충남,87.48357664233576,62.85590277777778,1.6,1.4,75.4,1019.3,11.394455994455992,2,4,0,50.229045643153526,15.51978417266187
2023-02-07,충남,107.31916902738432,77.84656556645852,1.6,1.8,80.9,1018.9,11.394455994455992,2,4,1,62.85590277777778,16.503161698283648
2023-02-08,충남,79.2175925925926,54.03163444639719,1.5,0.1,69.0,1024.3,11.394455994455992,2,4,2,77.84656556645852,27.67680278019114
2023-02-09,충남,51.15919487648674,34.61053540587219,1.7,3.6,53.6,1023.0,0.0,2,4,3,54.03163444639719,16.543798785776236
2023-02-10,충남,28.985585585585586,23.398450946643717,1.8,3.0,83.5,1018.2,11.394455994455992,2,4,4,34.61053540587219,18.83262169086251
2023-02-11,충남,52.80886185925282,41.32497839239412,1.4,1.3,79.4,1020.7,11.394455994455992,2,4,5,23.398450946643717,33.07001647446458
2023-02-12,충남,90.60514640638864,73.28093947606143,1.8,2.5,75.3,1018.6,11.394455994455992,2,4,6,41.32497839239412,50.229045643153526
2023-02-13,충남,58.910420475319924,43.26152482269504,2.4,4.4,71.1,1015.8,11.394455994455992,2,4,0,73.28093947606143,62.85590277777778
2023-02-14,충남,44.488284910965326,26.609049773755657,2.7,0.6,54.6,1020.5,11.394455994455992,2,4,1,43.26152482269504,77.84656556645852
2023-02-15,충남,33.39945155393053,20.479547432550042,1.6,1.9,59.6,1025.6,11.394455994455992,2,4,2,26.609049773755657,54.03163444639719
2023-02-16,충남,35.10338680926916,23.65482233502538,1.5,1.1,71.1,1027.8,11.394455994455992,2,4,3,20.479547432550042,34.61053540587219
2023-02-17,충남,54.51067615658363,37.791274593669804,1.2,3.3,68.5,1024.4,11.394455994455992,2,4,4,23.65482233502538,23.398450946643717
2023-02-18,충남,93.78125,70.95230125523013,1.1,5.2,65.6,1017.0,0.1,2,4,5,37.791274593669804,41.32497839239412
2023-02-19,충남,49.011294526498695,32.00679117147708,3.8,2.3,66.6,1018.0,11.394455994455992,2,4,6,70.95230125523013,73.28093947606143
2023-02-20,충남,38.61145926589078,11.539373412362405,3.5,-1.2,53.4,1024.8,11.394455994455992,2,4,0,32.00679117147708,43.26152482269504
2023-02-21,충남,33.370806890299185,17.465531914893617,2.1,-2.4,51.1,1032.0,11.394455994455992,2,4,1,11.539373412362405,26.609049773755657
2023-02-22,충남,39.97016274864376,23.918314703353396,1.2,-1.1,60.8,1027.6,11.394455994455992,2,4,2,17.465531914893617,20.479547432550042
2023-02-23,충남,38.33543733092876,21.903389830508473,0.9,0.9,71.0,1021.8,11.394455994455992,2,4,3,23.918314703353396,23.65482233502538
2023-02-24,충남,62.01697944593387,39.17493692178301,2.4,2.4,59.4,1022.7,11.394455994455992,2,4,4,21.903389830508473,37.791274593669804
2023-02-25,충남,35.604166666666664,16.260016353229762,3.7,0.5,44.9,1030.1,11.394455994455992,2,4,5,39.17493692178301,70.95230125523013
2023-02-26,충남,35.5504347826087,20.25408496732026,1.3,-0.2,53.1,1034.1,11.394455994455992,2,4,6,16.260016353229762,32.00679117147708
2023-02-27,충남,51.88437775816416,33.01247920133112,1.1,1.3,60.8,1031.3,11.394455994455992,2,4,0,20.25408496732026,11.539373412362405
2023-02-28,충남,45.16197183098591,29.710414902624894,1.4,2.8,75.3,1024.5,11.394455994455992,2,4,1,33.01247920133112,17.465531914893617
2023-03-01,충남,43.8879235447437,24.986065573770492,2.4,4.7,64.1,1020.3,11.394455994455992,3,1,2,29.710414902624894,23.918314703353396
2023-03-02,충남,51.292418772563174,11.353741496598639,3.6,1.1,39.9,1025.9,11.394455994455992,3,1,3,24.986065573770492,21.903389830508473
2023-03-03,충남,40.52607913669065,15.18236301369863,1.6,1.5,73.9,1025.1,11.394455994455992,3,1,4,11.353741496598639,39.17493692178301
2023-03-04,충남,56.26572187776794,28.914166666666667,1.0,4.9,71.3,1025.9,11.394455994455992,3,1,5,15.18236301369863,16.260016353229762
2023-03-05,충남,70.08244680851064,42.86294416243655,1.2,5.6,51.4,1024.4,11.394455994455992,3,1,6,28.914166666666667,20.25408496732026
2023-03-06,충남,66.13401109057301,39.19456617002629,2.1,5.9,60.5,1020.5,11.394455994455992,3,1,0,42.86294416243655,33.01247920133112
2023-03-07,충남,65.26013195098963,30.46281714785652,3.8,9.9,73.1,1017.2,11.394455994455992,3,1,1,39.19456617002629,29.710414902624894
2023-03-08,충남,55.25657298277425,22.690537084398976,3.9,12.9,61.3,1015.6,11.394455994455992,3,1,2,30.46281714785652,24.986065573770492
2023-03-09,충남,54.84296028880866,30.953964194373402,2.6,9.3,82.3,1013.1,11.394455994455992,3,1,3,22.690537084398976,11.353741496598639
2023-03-10,충남,83.6010733452594,43.892583120204606,2.0,9.8,68.5,1016.0,11.394455994455992,3,1,4,30.953964194373402,15.18236301369863
2023-03-11,충남,106.10763888888889,45.41339869281046,2.1,13.0,54.5,1018.8,11.394455994455992,3,1,5,43.892583120204606,28.914166666666667
2023-03-12,충남,63.25208681135226,25.18174342105263,4.3,5.1,70.8,1018.9,6.3,3,1,6,45.41339869281046,42.86294416243655
2023-03-13,충남,40.06991150442478,9.17283950617284,2.9,3.2,43.1,1020.1,11.394455994455992,3,1,0,25.18174342105263,39.19456617002629
2023-03-14,충남,47.013077593722755,10.634948096885813,4.0,8.1,60.5,1015.1,11.394455994455992,3,1,1,9.17283950617284,30.46281714785652
2023-03-15,충남,49.985395189003434,12.37382378100941,3.5,8.6,68.0,1018.1,11.394455994455992,3,1,2,10.634948096885813,22.690537084398976
2023-03-16,충남,68.91196581196581,11.536523929471032,2.4,4.5,37.0,1026.5,11.394455994455992,3,1,3,12.37382378100941,30.953964194373402
2023-03-17,충남,58.03728813559322,19.170265780730897,2.0,6.0,40.6,1021.0,11.394455994455992,3,1,4,11.536523929471032,43.892583120204606
2023-03-18,충남,55.68781302170284,24.016339869281047,2.4,6.4,46.8,1017.4,11.394455994455992,3,1,5,19.170265780730897,45.41339869281046
2023-03-19,충남,91.6925,56.32052330335241,1.6,4.8,73.3,1017.8,11.394455994455992,3,1,6,24.016339869281047,25.18174342105263
2023-03-20,충남,80.85578583765113,50.649449618966976,1.2,7.0,52.4,1013.2,11.394455994455992,3,1,0,56.32052330335241,9.17283950617284
2023-03-21,충남,75.49956784788246,41.77777777777778,1.5,10.3,43.8,1009.0,11.394455994455992,3,1,1,50.649449618966976,10.634948096885813
2023-03-22,충남,92.09886264216973,56.061172472387426,1.7,14.4,44.3,1006.7,11.394455994455992,3,1,2,41.77777777777778,12.37382378100941
2023-03-23,충남,140.76942783945347,42.87185929648241,2.8,13.1,54.5,1005.0,0.1,3,1,3,56.061172472387426,11.536523929471032
2023-03-24,충남,134.35690235690237,23.19000819000819,2.2,8.0,44.4,1013.3,11.394455994455992,3,1,4,42.87185929648241,19.170265780730897
2023-03-25,충남,84.10374149659864,21.4635761589404,1.6,8.9,59.6,1015.7,11.394455994455992,3,1,5,23.19000819000819,24.016339869281047
2023-03-26,충남,59.66836734693877,17.6425,2.8,6.7,48.5,1016.0,11.394455994455992,3,1,6,21.4635761589404,56.32052330335241
2023-03-27,충남,46.29639175257732,19.081718618365628,1.6,4.8,59.5,1019.6,11.394455994455992,3,1,0,17.6425,50.649449618966976
2023-03-28,충남,68.125,29.26689189189189,1.5,6.1,63.9,1021.3,11.394455994455992,3,1,1,19.081718618365628,41.77777777777778
2023-03-29,충남,79.55249569707401,36.834592779177164,1.5,9.0,63.4,1019.7,11.394455994455992,3,1,2,29.26689189189189,56.061172472387426
2023-03-30,충남,67.04909560723515,32.64111204717776,1.4,10.7,41.5,1017.0,11.394455994455992,3,1,3,36.834592779177164,42.87185929648241
2023-03-31,충남,87.3265306122449,45.42179700499168,1.4,11.7,44.5,1015.9,11.394455994455992,3,1,4,32.64111204717776,23.19000819000819
2023-04-01,충남,93.29916666666666,51.810457516339866,1.7,13.9,43.9,1013.1,11.394455994455992,4,1,5,45.42179700499168,21.4635761589404
2023-04-02,충남,57.3968253968254,35.45327868852459,2.4,16.8,29.8,1015.7,11.394455994455992,4,1,6,51.810457516339866,17.6425
2023-04-03,충남,56.05335628227194,36.22354948805461,2.3,17.3,29.3,1018.4,11.394455994455992,4,1,0,35.45327868852459,19.081718618365628
2023-04-04,충남,36.22762148337596,22.11690496215307,2.0,15.7,53.8,1014.9,6.5,4,1,1,36.22354948805461,29.26689189189189
2023-04-05,충남,19.95778364116095,13.76522506619594,4.1,11.7,91.8,1005.9,29.0,4,1,2,22.11690496215307,36.834592779177164
2023-04-06,충남,100.57862728062554,84.74258289703316,3.0,8.4,90.3,1008.7,2.8,4,1,3,13.76522506619594,32.64111204717776
2023-04-07,충남,73.1472602739726,42.64983164983165,2.6,7.3,69.0,1013.0,11.394455994455992,4,1,4,84.74258289703316,45.42179700499168
2023-04-08,충남,51.073455759599334,9.619520264681555,2.7,7.4,65.0,1017.2,11.394455994455992,4,1,5,42.64983164983165,51.810457516339866
2023-04-09,충남,66.33192923336142,16.78186274509804,2.3,9.2,71.0,1016.8,11.394455994455992,4,1,6,9.619520264681555,35.45327868852459
2023-04-10,충남,42.49652777777778,13.855574324324325,3.8,10.9,61.6,1012.4,11.394455994455992,4,1,0,16.78186274509804,36.22354948805461
2023-04-11,충남,61.18508997429306,17.53683319220999,4.4,12.7,75.9,1008.6,0.2,4,1,1,13.855574324324325,22.11690496215307
2023-04-12,충남,306.24298245614034,38.679310344827584,2.2,9.0,55.0,1015.8,11.394455994455992,4,1,2,17.53683319220999,13.76522506619594
2023-04-13,충남,195.85420240137222,28.708818635607322,1.7,11.6,47.3,1014.6,11.394455994455992,4,1,3,38.679310344827584,84.74258289703316
2023-04-14,충남,76.96160409556315,18.885328836424957,2.1,15.3,62.4,1010.1,11.394455994455992,4,1,4,28.708818635607322,42.64983164983165
2023-04-15,충남,53.71,19.917362270450752,2.1,11.6,84.5,1002.7,2.3,4,1,5,18.885328836424957,9.619520264681555
2023-04-16,충남,115.14416666666666,30.36916666666667,2.2,10.7,67.4,1003.4,11.394455994455992,4,1,6,19.917362270450752,16.78186274509804
2023-04-17,충남,92.21803852889667,25.326741186586414,1.7,12.0,60.9,1012.0,11.394455994455992,4,1,0,30.36916666666667,13.855574324324325
2023-04-18,충남,50.34433541480821,19.528334786399302,1.5,15.5,84.1,1008.0,2.4,4,1,1,25.326741186586414,17.53683319220999
2023-04-19,충남,41.9229406554473,21.29006968641115,2.8,18.0,74.8,1006.7,11.394455994455992,4,1,2,19.528334786399302,38.679310344827584
2023-04-20,충남,24.60839160839161,12.895815542271563,2.1,16.1,86.6,1007.6,11.394455994455992,4,1,3,21.29006968641115,28.708818635607322
2023-04-21,충남,71.43422184006879,21.27655986509275,2.9,14.7,47.3,1009.8,11.394455994455992,4,1,4,12.895815542271563,18.885328836424957
2023-04-22,충남,182.9336170212766,30.180833333333332,2.8,16.2,33.0,1016.1,11.394455994455992,4,1,5,21.27655986509275,19.917362270450752
2023-04-23,충남,115.09438775510205,24.705833333333334,1.7,15.7,36.9,1019.8,11.394455994455992,4,1,6,30.180833333333332,30.36916666666667
2023-04-24,충남,53.74204946996466,16.89168110918544,2.3,13.2,44.6,1019.8,11.394455994455992,4,1,0,24.705833333333334,25.326741186586414
2023-04-25,충남,30.167701863354036,14.772371850564726,1.2,9.9,70.5,1012.9,0.2,4,1,1,16.89168110918544,19.528334786399302
2023-04-26,충남,30.87421383647799,16.027312775330397,2.9,7.7,75.8,1012.3,11.394455994455992,4,1,2,14.772371850564726,21.29006968641115
2023-04-27,충남,36.115215479331574,20.657735522904062,1.4,10.0,64.6,1017.4,11.394455994455992,4,1,3,16.027312775330397,12.895815542271563
2023-04-28,충남,36.210750853242324,18.08542713567839,2.0,14.0,66.9,1013.3,0.9,4,1,4,20.657735522904062,21.27655986509275
2023-04-29,충남,31.56255319148936,14.14,3.2,12.3,86.4,1005.2,10.3,4,1,5,18.08542713567839,30.180833333333332
2023-04-30,충남,47.89863713798978,15.301335559265443,3.2,11.6,75.4,1008.3,11.394455994455992,4,1,6,14.14,24.705833333333334
2023-05-01,충남,46.791489361702126,19.92237061769616,1.7,12.4,67.9,1015.0,0.0,5,1,0,15.301335559265443,16.89168110918544
2023-05-02,충남,36.161061946902656,16.571552471812662,1.9,15.3,53.3,1019.3,11.394455994455992,5,1,1,19.92237061769616,14.772371850564726
2023-05-03,충남,42.18101933216169,18.74051724137931,2.1,17.6,65.0,1017.7,11.394455994455992,5,1,2,16.571552471812662,16.027312775330397
2023-05-04,충남,35.448662640207075,16.627650551314673,2.5,19.9,68.9,1009.7,1.8,5,1,3,18.74051724137931,20.657735522904062
2023-05-05,충남,7.473684210526316,3.7664442326024785,3.3,18.7,93.3,999.0,14.0,5,1,4,16.627650551314673,18.08542713567839
2023-05-06,충남,7.633303808680248,3.871260199456029,4.1,14.0,89.4,1001.9,24.7,5,1,5,3.7664442326024785,14.14
2023-05-07,충남,33.54466608846487,25.140558848433532,2.6,11.7,75.4,1009.4,2.0,5,1,6,3.871260199456029,15.301335559265443
2023-05-08,충남,35.95709281961471,23.392274678111587,1.6,12.9,67.0,1014.1,11.394455994455992,5,1,0,25.140558848433532,19.92237061769616
2023-05-09,충남,46.58158614402917,25.396444444444445,1.8,13.8,74.0,1014.3,11.394455994455992,5,1,1,23.392274678111587,16.571552471812662
2023-05-10,충남,59.00997280145059,34.45869947275923,1.3,16.2,62.0,1014.3,11.394455994455992,5,1,2,25.396444444444445,18.74051724137931
2023-05-11,충남,49.340070298769774,26.104273504273504,1.4,17.1,55.9,1015.2,11.394455994455992,5,1,3,34.45869947275923,16.627650551314673
2023-05-12,충남,45.60553633217993,25.003418803418803,1.3,16.8,60.3,1014.2,11.394455994455992,5,1,4,26.104273504273504,3.7664442326024785
2023-05-13,충남,36.28170212765957,20.063598326359834,1.7,16.9,70.4,1010.4,11.394455994455992,5,1,5,25.003418803418803,3.871260199456029
2023-05-14,충남,26.653287788215202,15.220724515585509,1.5,16.4,60.6,1007.0,11.394455994455992,5,1,6,20.063598326359834,25.140558848433532
2023-05-15,충남,40.501692047377325,22.524875621890548,2.3,18.6,61.6,1005.6,11.394455994455992,5,1,0,15.220724515585509,23.392274678111587
2023-05-16,충남,52.74828178694158,26.680672268907564,3.4,21.1,62.0,1008.1,11.394455994455992,5,1,1,22.524875621890548,25.396444444444445
2023-05-17,충남,37.12173913043478,15.366581415174766,3.9,21.6,74.4,1010.6,11.394455994455992,5,1,2,26.680672268907564,34.45869947275923
2023-05-18,충남,31.732020547945204,17.63109243697479,1.8,19.8,80.4,1007.4,4.6,5,1,3,15.366581415174766,26.104273504273504
2023-05-19,충남,25.39966273187184,14.644859813084112,2.0,20.5,66.5,1006.2,11.394455994455992,5,1,4,17.63109243697479,25.003418803418803
2023-05-20,충남,25.40283569641368,15.256857855361597,2.8,18.0,80.9,1008.3,11.394455994455992,5,1,5,14.644859813084112,20.063598326359834
2023-05-21,충남,52.719166666666666,15.67378800328677,2.9,16.3,84.5,1007.7,0.1,5,1,6,15.256857855361597,15.220724515585509
2023-05-22,충남,160.02280405405406,35.59419087136929,1.3,17.6,69.3,1005.8,11.394455994455992,5,1,0,15.67378800328677,22.524875621890548
2023-05-23,충남,82.21034775233248,24.713333333333335,1.6,18.2,62.8,1008.0,11.394455994455992,5,1,1,35.59419087136929,26.680672268907564
2023-05-24,충남,46.899311531841654,21.150927487352444,1.6,18.1,65.6,1011.9,11.394455994455992,5,1,2,24.713333333333335,15.366581415174766
2023-05-25,충남,41.0,17.004995836802664,1.8,19.5,56.6,1013.5,11.394455994455992,5,1,3,21.150927487352444,17.63109243697479
2023-05-26,충남,34.83191850594228,15.5975,1.7,20.2,65.8,1015.4,0.0,5,1,4,17.004995836802664,14.644859813084112
2023-05-27,충남,34.06343906510851,18.895901639344263,1.2,20.1,87.8,1013.9,13.1,5,1,5,15.5975,15.256857855361597
2023-05-28,충남,13.519413287316652,6.530207394048692,3.1,19.2,96.1,1009.4,61.5,5,1,6,18.895901639344263,15.67378800328677
2023-05-29,충남,13.427705627705627,7.056401074306177,1.4,20.6,91.9,1007.4,11.1,5,1,0,6.530207394048692,35.59419087136929
2023-05-30,충남,26.36759581881533,12.619170984455959,1.9,22.8,79.0,1006.8,11.394455994455992,5,1,1,7.056401074306177,24.713333333333335
2023-05-31,충남,27.091225021720245,12.973275862068965,1.5,21.5,75.8,1007.6,11.394455994455992,5,1,2,12.619170984455959,21.150927487352444
2023-06-01,충남,41.52,24.926743159752867,1.6,21.3,75.5,1003.4,11.394455994455992,6,2,3,12.973275862068965,17.004995836802664
2023-06-02,충남,34.064236111111114,19.60595744680851,1.8,18.7,83.3,1000.7,11.394455994455992,6,2,4,24.926743159752867,15.5975
2023-06-03,충남,35.95741056218058,15.82526661197703,2.5,20.7,57.5,1006.4,11.394455994455992,6,2,5,19.60595744680851,18.895901639344263
2023-06-04,충남,33.8380221653879,17.526490066225165,2.1,20.4,74.5,1008.4,11.394455994455992,6,2,6,15.82526661197703,6.530207394048692
2023-06-05,충남,28.095866314863677,14.441176470588236,2.5,20.6,74.6,1008.8,11.394455994455992,6,2,0,17.526490066225165,7.056401074306177
2023-06-06,충남,22.961702127659574,12.176720475785896,1.9,20.0,73.1,1005.2,11.394455994455992,6,2,1,14.441176470588236,12.619170984455959
2023-06-07,충남,24.018534863195057,12.515337423312884,3.4,19.8,81.0,1006.1,11.394455994455992,6,2,2,12.176720475785896,12.973275862068965
2023-06-08,충남,18.68421052631579,9.121739130434783,3.4,20.1,81.4,1002.1,0.5,6,2,3,12.515337423312884,24.926743159752867
2023-06-09,충남,32.49531914893617,19.49265341400173,2.3,22.0,75.6,1001.2,0.3,6,2,4,9.121739130434783,19.60595744680851
2023-06-10,충남,31.623430962343097,17.93174342105263,2.4,22.9,66.9,1002.0,11.394455994455992,6,2,5,19.49265341400173,15.82526661197703
2023-06-11,충남,30.227234753550544,18.611803823773897,1.8,22.2,72.9,1002.5,11.394455994455992,6,2,6,17.93174342105263,17.526490066225165
2023-06-12,충남,29.273890784982935,17.945876288659793,1.4,20.6,74.6,1003.1,11.394455994455992,6,2,0,18.611803823773897,14.441176470588236
2023-06-13,충남,25.574010327022375,14.842869342442357,1.9,20.9,73.3,1002.1,11.394455994455992,6,2,1,17.945876288659793,12.176720475785896
2023-06-14,충남,28.617957746478872,18.153232949512844,1.5,20.2,75.1,1003.6,0.0,6,2,2,14.842869342442357,12.515337423312884
2023-06-15,충남,30.638373121131742,20.10258620689655,1.4,20.7,75.8,1006.3,11.394455994455992,6,2,3,18.153232949512844,9.121739130434783
2023-06-16,충남,29.283333333333335,18.27351164797239,1.4,21.8,70.1,1010.7,11.394455994455992,6,2,4,20.10258620689655,19.49265341400173
2023-06-17,충남,27.081058020477816,16.05745212323064,1.4,22.5,65.3,1010.5,11.394455994455992,6,2,5,18.27351164797239,17.93174342105263
2023-06-18,충남,27.370883882149048,16.459277917716204,1.5,23.3,66.5,1005.2,11.394455994455992,6,2,6,16.05745212323064,18.611803823773897
2023-06-19,충남,39.36954585930543,23.514767932489452,1.7,25.0,64.5,1003.3,11.394455994455992,6,2,0,16.459277917716204,17.945876288659793
2023-06-20,충남,34.802608695652175,19.708333333333332,1.6,22.7,74.8,1001.1,5.4,6,2,1,23.514767932489452,14.842869342442357
2023-06-21,충남,17.766014234875446,11.189387008234219,2.1,20.7,90.8,998.7,14.2,6,2,2,19.708333333333332,18.153232949512844
2023-06-22,충남,24.741573033707866,14.799126637554584,2.4,22.1,78.9,1001.9,11.394455994455992,6,2,3,11.189387008234219,20.10258620689655
2023-06-23,충남,33.15042735042735,21.83118001722653,1.6,23.9,76.3,1006.7,11.394455994455992,6,2,4,14.799126637554584,18.27351164797239
2023-06-24,충남,33.42294807370184,21.943123938879456,1.6,24.8,74.5,1011.2,11.394455994455992,6,2,5,21.83118001722653,16.05745212323064
2023-06-25,충남,29.84891485809683,19.77027027027027,1.8,26.2,67.6,1008.7,11.394455994455992,6,2,6,21.943123938879456,16.459277917716204
2023-06-26,충남,13.670222222222222,7.045372050816697,4.2,23.2,92.6,1003.3,24.1,6,2,0,19.77027027027027,23.514767932489452
2023-06-27,충남,19.370170709793353,10.680365296803654,3.2,24.2,82.0,1006.1,0.3,6,2,1,7.045372050816697,19.708333333333332
2023-06-28,충남,20.22661870503597,11.46368715083799,2.8,23.4,91.1,1005.1,0.2,6,2,2,10.680365296803654,11.189387008234219
2023-06-29,충남,28.875,16.05488372093023,3.0,23.7,94.9,998.4,91.9,6,2,3,11.46368715083799,14.799126637554584
2023-06-30,충남,18.348878923766815,10.519852262234533,2.0,24.2,89.5,997.8,1.2,6,2,4,16.05488372093023,21.83118001722653
2023-07-01,충남,29.482987551867218,17.040677966101693,1.4,26.0,82.6,1003.2,11.394455994455992,7,2,5,10.519852262234533,21.943123938879456
2023-07-02,충남,26.87043189368771,17.02190395956192,1.5,25.4,83.4,1005.9,11.394455994455992,7,2,6,17.040677966101693,19.77027027027027
2023-07-03,충남,35.540859309182814,22.60780984719864,1.8,27.1,79.6,1002.7,11.394455994455992,7,2,0,17.02190395956192,7.045372050816697
2023-07-04,충남,18.02606429192007,10.853769300635786,2.5,24.7,94.0,996.8,68.7,7,2,1,22.60780984719864,10.680365296803654
2023-07-05,충남,27.35160202360877,15.527333894028596,4.1,24.2,82.6,993.9,28.0,7,2,2,10.853769300635786,11.46368715083799
2023-07-06,충남,40.58091286307054,20.33739837398374,3.3,24.8,80.5,999.3,11.394455994455992,7,2,3,15.527333894028596,16.05488372093023
2023-07-07,충남,29.1759410801964,15.218724109362055,2.0,24.0,81.6,998.9,0.1,7,2,4,20.33739837398374,10.519852262234533
2023-07-08,충남,13.911003236245955,6.822994210090984,2.2,24.6,88.4,999.4,0.8,7,2,5,15.218724109362055,17.040677966101693
2023-07-09,충남,28.636288998357966,16.3808,2.7,25.1,91.1,999.8,1.1,7,2,6,6.822994210090984,17.02190395956192
2023-07-10,충남,28.06890756302521,15.516263552960801,3.0,26.3,79.9,1001.2,0.0,7,2,0,16.3808,22.60780984719864
2023-07-11,충남,20.72939217318901,10.36182572614108,2.7,24.6,90.8,1002.5,8.6,7,2,1,15.516263552960801,10.853769300635786
2023-07-12,충남,21.60285474391268,12.039264828738514,2.0,25.5,89.9,1002.7,11.394455994455992,7,2,2,10.36182572614108,15.527333894028596
2023-07-13,충남,21.18628281117697,10.403538331929234,3.1,25.3,93.5,1000.4,37.8,7,2,3,12.039264828738514,20.33739837398374
2023-07-14,충남,12.818405916187347,5.259683098591549,4.5,24.2,96.8,995.9,208.1,7,2,4,10.403538331929234,15.218724109362055
2023-07-15,충남,16.331687242798353,7.710655737704918,3.0,23.7,93.8,998.5,15.2,7,2,5,5.259683098591549,6.822994210090984
2023-07-16,충남,21.165841584158414,9.937853107344633,2.5,24.1,92.3,1004.8,0.4,7,2,6,7.710655737704918,16.3808
2023-07-17,충남,15.060913705583756,6.754141238012206,1.7,24.8,91.8,1009.0,12.3,7,2,0,9.937853107344633,15.516263552960801
2023-07-18,충남,9.296943231441048,3.373052245646196,1.4,24.4,92.5,1007.7,10.6,7,2,1,6.754141238012206,10.36182572614108
2023-07-19,충남,29.065104166666668,15.992359932088286,1.5,25.9,81.3,1005.1,11.394455994455992,7,2,2,3.373052245646196,12.039264828738514
2023-07-20,충남,45.42857142857143,29.469958847736624,1.1,25.6,82.9,1006.6,11.394455994455992,7,2,3,15.992359932088286,10.403538331929234
2023-07-21,충남,50.18595041322314,34.93998377939984,1.1,27.7,77.6,1008.9,0.0,7,2,4,29.469958847736624,5.259683098591549
2023-07-22,충남,25.18099918099918,15.68102734051367,2.5,25.4,84.1,1008.2,23.1,7,2,5,34.93998377939984,7.710655737704918
2023-07-23,충남,10.654259718775847,4.370403587443946,3.5,24.8,94.0,1005.0,90.7,7,2,6,15.68102734051367,9.937853107344633
2023-07-24,충남,13.968802698145025,6.313901345291479,1.9,25.5,90.3,1006.2,0.1,7,2,0,4.370403587443946,6.754141238012206
2023-07-25,충남,15.186978297161936,6.321052631578947,2.7,26.4,87.6,1009.9,0.0,7,2,1,6.313901345291479,3.373052245646196
2023-07-26,충남,14.791559000861326,5.579646017699115,2.1,27.5,84.1,1011.8,1.3,7,2,2,6.321052631578947,15.992359932088286
2023-07-27,충남,19.56070826306914,9.633068081343943,1.3,27.9,80.0,1011.5,11.394455994455992,7,2,3,5.579646017699115,29.469958847736624
2023-07-28,충남,26.988372093023255,16.560235888795283,1.5,28.9,74.8,1011.4,11.394455994455992,7,2,4,9.633068081343943,34.93998377939984
2023-07-29,충남,29.181041844577283,19.874246339362617,1.3,28.9,76.4,1011.6,11.394455994455992,7,2,5,16.560235888795283,15.68102734051367
2023-07-30,충남,29.570093457943926,20.324324324324323,1.8,28.7,75.1,1010.5,0.1,7,2,6,19.874246339362617,4.370403587443946
2023-07-31,충남,29.830042918454936,19.535868625756265,1.4,28.2,75.9,1010.1,11.394455994455992,7,2,0,20.324324324324323,6.313901345291479
2023-08-01,충남,36.550210970464136,23.850622406639005,1.4,29.1,77.4,1007.8,11.394455994455992,8,2,1,19.535868625756265,6.321052631578947
2023-08-02,충남,35.825552825552826,23.917752442996743,1.3,28.5,74.5,1005.3,11.394455994455992,8,2,2,23.850622406639005,5.579646017699115
2023-08-03,충남,26.347755102040818,15.382706164931946,1.4,28.7,71.5,1003.5,11.394455994455992,8,2,3,23.917752442996743,9.633068081343943
2023-08-04,충남,26.04351329572925,13.672064777327936,1.2,29.3,71.8,1001.7,11.394455994455992,8,2,4,15.382706164931946,16.560235888795283
2023-08-05,충남,25.295238095238094,14.093650793650793,1.5,29.1,71.0,998.4,11.394455994455992,8,2,5,13.672064777327936,19.874246339362617
2023-08-06,충남,25.084529505582136,14.191153238546603,1.7,28.5,79.4,995.7,11.394455994455992,8,2,6,14.093650793650793,20.324324324324323
2023-08-07,충남,22.824247355573636,11.61266447368421,1.6,29.5,76.4,996.4,0.0,8,2,0,14.191153238546603,19.535868625756265
2023-08-08,충남,18.234477124183005,7.6453243470935135,2.7,30.5,69.8,998.9,0.0,8,2,1,11.61266447368421,23.850622406639005
2023-08-09,충남,15.194256756756756,5.81882145998241,3.3,28.6,71.8,999.9,0.4,8,2,2,7.6453243470935135,23.917752442996743
2023-08-10,충남,8.605331040412725,3.1471734892787526,4.0,22.6,92.6,994.2,41.1,8,2,3,5.81882145998241,15.382706164931946
2023-08-11,충남,25.11511423550088,10.87776793622675,3.1,24.5,91.4,997.2,22.5,8,2,4,3.1471734892787526,13.672064777327936
2023-08-12,충남,25.370795734208368,13.037643207855973,2.1,25.3,88.8,1000.8,8.8,8,2,5,10.87776793622675,14.093650793650793
2023-08-13,충남,33.74267100977199,19.25564516129032,1.5,27.1,80.0,1001.7,11.394455994455992,8,2,6,13.037643207855973,14.191153238546603
2023-08-14,충남,35.57704918032787,20.692307692307693,1.3,27.2,81.3,1003.1,0.0,8,2,0,19.25564516129032,11.61266447368421
2023-08-15,충남,35.169316375198726,20.847948511665326,1.6,27.3,81.6,1002.2,11.394455994455992,8,2,1,20.692307692307693,7.6453243470935135
2023-08-16,충남,25.164429530201343,14.431137724550899,1.3,26.4,79.5,1001.6,11.394455994455992,8,2,2,20.847948511665326,5.81882145998241
2023-08-17,충남,22.803855825649624,12.503372681281618,1.3,26.2,78.6,1002.2,11.394455994455992,8,2,3,14.431137724550899,3.1471734892787526
2023-08-18,충남,28.400332225913623,16.746898263027294,1.2,26.7,75.9,1004.2,11.394455994455992,8,2,4,12.503372681281618,10.87776793622675
2023-08-19,충남,24.90650406504065,14.441558441558442,1.5,27.3,74.8,1007.4,11.394455994455992,8,2,5,16.746898263027294,13.037643207855973
2023-08-20,충남,30.642797668609493,18.417813765182185,1.2,27.6,78.1,1008.5,0.0,8,2,6,14.441558441558442,19.25564516129032
2023-08-21,충남,26.5245769540693,15.008928571428571,2.2,28.2,76.8,1004.9,11.394455994455992,8,2,0,18.417813765182185,20.692307692307693
2023-08-22,충남,19.795548227535036,10.539695945945946,3.7,28.1,78.0,1001.2,2.1,8,2,1,15.008928571428571,20.847948511665326
2023-08-23,충남,12.201694915254237,5.353958143767061,2.2,24.1,93.9,1002.3,73.5,8,2,2,10.539695945945946,14.431137724550899
2023-08-24,충남,14.974979149291077,7.698961937716263,1.4,25.8,87.0,1003.1,16.0,8,2,3,5.353958143767061,12.503372681281618
2023-08-25,충남,24.313272877164056,11.772131147540984,1.9,25.8,80.5,1005.6,0.0,8,2,4,7.698961937716263,16.746898263027294
2023-08-26,충남,34.16886326194399,18.99919224555735,1.0,24.4,82.4,1007.1,11.394455994455992,8,2,5,11.772131147540984,14.441558441558442
2023-08-27,충남,34.9516393442623,21.3278955954323,1.3,25.7,81.1,1005.5,0.0,8,2,6,18.99919224555735,18.417813765182185
2023-08-28,충남,21.63439065108514,11.463131731565866,2.9,24.7,85.9,1003.1,18.9,8,2,0,21.3278955954323,15.008928571428571
2023-08-29,충남,13.819444444444445,6.424503882657463,2.1,24.0,89.3,1002.8,33.3,8,2,1,11.463131731565866,10.539695945945946
2023-08-30,충남,16.89983164983165,7.009830205540661,0.7,22.1,92.8,1006.9,8.4,8,2,2,6.424503882657463,5.353958143767061
2023-08-31,충남,23.813804173354736,11.781429745275267,1.2,22.6,82.6,1008.2,11.394455994455992,8,2,3,7.009830205540661,7.698961937716263
2023-09-01,충남,31.223916532905296,16.326498422712934,1.4,23.3,73.5,1009.5,11.394455994455992,9,3,4,11.781429745275267,11.772131147540984
2023-09-02,충남,35.22626582278481,20.34474708171206,1.7,24.5,74.8,1008.9,11.394455994455992,9,3,5,16.326498422712934,18.99919224555735
2023-09-03,충남,21.65286624203822,11.98057498057498,1.1,26.7,82.9,1009.1,0.2,9,3,6,20.34474708171206,21.3278955954323
2023-09-04,충남,27.161237785016286,14.190016103059582,1.4,26.3,86.9,1009.4,0.3,9,3,0,11.98057498057498,11.463131731565866
2023-09-05,충남,28.265886287625417,14.699503311258278,1.7,27.0,79.0,1008.7,11.394455994455992,9,3,1,14.190016103059582,6.424503882657463
2023-09-06,충남,32.9933110367893,18.01314708299096,1.5,26.6,80.9,1008.8,11.394455994455992,9,3,2,14.699503311258278,7.009830205540661
2023-09-07,충남,25.473509933774835,12.017973856209151,2.1,25.0,63.6,1011.6,11.394455994455992,9,3,3,18.01314708299096,11.781429745275267
2023-09-08,충남,24.222772277227723,11.664233576642335,1.5,23.4,68.6,1010.5,11.394455994455992,9,3,4,12.017973856209151,16.326498422712934
2023-09-09,충남,33.50828729281768,18.44418604651163,1.1,23.8,75.4,1008.5,11.394455994455992,9,3,5,11.664233576642335,20.34474708171206
2023-09-10,충남,31.136543014996054,18.140077821011673,1.2,23.9,75.1,1007.6,11.394455994455992,9,3,6,18.44418604651163,11.98057498057498
2023-09-11,충남,29.799675587996756,17.250600480384307,1.1,24.1,74.1,1007.1,11.394455994455992,9,3,0,18.140077821011673,14.190016103059582
2023-09-12,충남,29.22067268252666,16.187551187551186,1.2,23.9,78.9,1008.3,11.394455994455992,9,3,1,17.250600480384307,14.699503311258278
2023-09-13,충남,23.000824402308325,13.900662251655628,1.1,20.5,91.9,1009.1,25.5,9,3,2,16.187551187551186,18.01314708299096
2023-09-14,충남,15.081598667776852,6.992227979274611,2.2,22.7,84.6,1009.8,0.3,9,3,3,13.900662251655628,12.017973856209151
2023-09-15,충남,13.443609022556391,5.764353041988003,1.8,22.7,91.9,1010.4,10.3,9,3,4,6.992227979274611,11.664233576642335
2023-09-16,충남,13.611419508326724,6.216260162601626,1.1,23.7,92.5,1008.9,12.1,9,3,5,5.764353041988003,18.44418604651163
2023-09-17,충남,14.454688731284476,6.9418121363258525,1.2,24.3,86.9,1007.8,0.0,9,3,6,6.216260162601626,18.140077821011673
2023-09-18,충남,16.508899676375403,7.378018318068277,1.6,24.1,85.9,1010.0,0.0,9,3,0,6.9418121363258525,17.250600480384307
2023-09-19,충남,24.570840197693574,13.326765188834154,1.2,23.3,87.0,1011.4,11.394455994455992,9,3,1,7.378018318068277,16.187551187551186
2023-09-20,충남,28.929380993897123,18.09663120567376,3.0,20.9,93.1,1006.4,70.6,9,3,2,13.326765188834154,13.900662251655628
2023-09-21,충남,15.560855263157896,6.936893203883495,2.1,19.5,77.0,1008.9,0.0,9,3,3,18.09663120567376,6.992227979274611
2023-09-22,충남,25.364583333333332,13.468675654242665,1.3,19.0,74.0,1013.6,11.394455994455992,9,3,4,6.936893203883495,5.764353041988003
2023-09-23,충남,27.627466456195737,15.77513855898654,1.3,20.3,77.8,1016.7,11.394455994455992,9,3,5,13.468675654242665,6.216260162601626
2023-09-24,충남,18.159163987138264,8.466929133858267,2.4,21.0,65.1,1016.4,0.0,9,3,6,15.77513855898654,6.9418121363258525
2023-09-25,충남,18.966887417218544,7.79983660130719,1.6,21.5,75.3,1013.0,4.5,9,3,0,8.466929133858267,7.378018318068277
2023-09-26,충남,12.829066886870356,6.780944625407166,2.2,21.3,94.8,1009.0,39.5,9,3,1,7.79983660130719,13.326765188834154
2023-09-27,충남,15.434070434070435,7.839285714285714,1.8,21.7,89.4,1009.0,0.9,9,3,2,6.780944625407166,18.09663120567376
2023-09-28,충남,46.25178713264496,29.293436293436294,1.5,21.5,84.9,1011.6,11.394455994455992,9,3,3,7.839285714285714,6.936893203883495
2023-09-29,충남,42.742722265932336,24.141421947449768,0.7,19.6,79.9,1011.9,11.394455994455992,9,3,4,29.293436293436294,13.468675654242665
2023-09-30,충남,22.71153846153846,11.010827532869296,2.1,18.9,83.0,1009.3,1.9,9,3,5,24.141421947449768,15.77513855898654
2023-10-01,충남,26.650882825040128,9.733024691358025,1.7,17.3,70.5,1012.5,11.394455994455992,10,3,6,11.010827532869296,8.466929133858267
2023-10-02,충남,21.370578778135048,10.828149300155522,1.1,16.6,69.4,1015.6,11.394455994455992,10,3,0,9.733024691358025,7.79983660130719
2023-10-03,충남,24.76121794871795,14.040498442367602,1.1,16.8,75.1,1014.4,11.394455994455992,10,3,1,10.828149300155522,6.780944625407166
2023-10-04,충남,26.353678929765888,14.339066339066338,2.0,18.4,71.0,1011.9,11.394455994455992,10,3,2,14.040498442367602,7.839285714285714
2023-10-05,충남,39.914572864321606,8.491414554374488,3.3,15.4,45.1,1014.7,11.394455994455992,10,3,3,14.339066339066338,29.293436293436294
2023-10-06,충남,26.724025974025974,11.29402390438247,1.3,14.8,65.9,1016.7,11.394455994455992,10,3,4,8.491414554374488,24.141421947449768
2023-10-07,충남,32.460267505900866,17.113003095975234,1.4,15.7,73.3,1018.8,11.394455994455992,10,3,5,11.29402390438247,11.010827532869296
2023-10-08,충남,17.408339889850513,9.287258687258687,1.5,17.0,76.0,1019.5,0.3,10,3,6,17.113003095975234,9.733024691358025
2023-10-09,충남,18.820717131474105,9.902173913043478,1.5,17.8,71.6,1016.9,0.0,10,3,0,9.287258687258687,10.828149300155522
2023-10-10,충남,29.739454094292803,17.08460918614021,1.4,15.9,79.8,1018.4,0.0,10,3,1,9.902173913043478,14.040498442367602
2023-10-11,충남,35.57802013422819,20.354200988467873,1.0,16.8,73.9,1021.2,11.394455994455992,10,3,2,17.08460918614021,14.339066339066338
2023-10-12,충남,34.68227424749164,19.75881870385562,1.2,17.0,69.5,1021.3,11.394455994455992,10,3,3,20.354200988467873,8.491414554374488
2023-10-13,충남,43.8608,27.357985837922897,0.8,16.4,76.1,1015.0,11.394455994455992,10,3,4,19.75881870385562,11.29402390438247
2023-10-14,충남,35.9001572327044,22.54320987654321,1.5,15.2,84.8,1007.6,0.0,10,3,5,27.357985837922897,17.113003095975234
2023-10-15,충남,27.73228346456693,16.82622187742436,1.7,15.6,80.3,1008.8,11.394455994455992,10,3,6,22.54320987654321,9.287258687258687
2023-10-16,충남,40.14725457570715,14.775061124694377,1.6,13.1,69.1,1013.3,11.394455994455992,10,3,0,16.82622187742436,9.902173913043478
2023-10-17,충남,35.514309764309765,14.635382059800664,1.0,12.6,73.0,1016.8,11.394455994455992,10,3,1,14.775061124694377,17.08460918614021
2023-10-18,충남,34.477446808510635,17.24026512013256,1.8,14.5,82.5,1016.7,11.394455994455992,10,3,2,14.635382059800664,20.354200988467873
2023-10-19,충남,29.35593220338983,16.406026962727992,2.0,16.2,93.5,1012.9,37.3,10,3,3,17.24026512013256,19.75881870385562
2023-10-20,충남,22.049323786793956,7.1929961089494165,4.2,13.2,47.8,1015.5,0.3,10,3,4,16.406026962727992,27.357985837922897
2023-10-21,충남,24.036220472440945,8.242283950617283,2.4,10.5,68.0,1018.4,0.3,10,3,5,7.1929961089494165,22.54320987654321
2023-10-22,충남,26.703149606299213,11.020849420849421,1.2,11.3,79.4,1020.6,11.394455994455992,10,3,6,8.242283950617283,16.82622187742436
2023-10-23,충남,33.80865224625624,17.317772317772317,1.2,13.6,82.9,1019.8,11.394455994455992,10,3,0,11.020849420849421,14.775061124694377
2023-10-24,충남,38.571189279731996,23.02796052631579,0.9,13.3,91.5,1017.4,1.4,10,3,1,17.317772317772317,14.635382059800664
2023-10-25,충남,41.06694560669456,24.786535303776684,1.0,15.1,86.4,1015.3,11.394455994455992,10,3,2,23.02796052631579,17.24026512013256
2023-10-26,충남,53.61426256077796,34.20989624900239,2.4,17.2,86.4,1012.3,11.394455994455992,10,3,3,24.786535303776684,16.406026962727992
2023-10-27,충남,49.436220472440944,21.961389961389962,1.7,13.5,72.5,1012.5,11.394455994455992,10,3,4,34.20989624900239,7.1929961089494165
2023-10-28,충남,43.69103773584906,21.121517027863778,1.1,12.5,81.3,1015.8,11.394455994455992,10,3,5,21.961389961389962,8.242283950617283
2023-10-29,충남,44.74842767295598,26.089285714285715,1.1,14.0,74.1,1018.5,11.394455994455992,10,3,6,21.121517027863778,11.020849420849421
2023-10-30,충남,48.21714743589744,28.455696202531644,1.0,13.3,85.5,1019.7,11.394455994455992,10,3,0,26.089285714285715,17.317772317772317
2023-10-31,충남,43.55990415335463,26.386918833727343,1.9,15.2,88.0,1019.0,11.394455994455992,10,3,1,28.455696202531644,23.02796052631579
2023-11-01,충남,41.47599337748344,20.395648670427075,4.1,18.8,88.3,1015.1,11.394455994455992,11,3,2,26.386918833727343,24.786535303776684
2023-11-02,충남,31.996696944673822,14.42730923694779,3.9,19.4,86.0,1014.0,11.394455994455992,11,3,3,20.395648670427075,34.20989624900239
2023-11-03,충남,32.41166936790924,16.10996015936255,3.2,19.3,86.8,1012.7,0.0,11,3,4,14.42730923694779,21.961389961389962
2023-11-04,충남,70.52751572327044,29.977606177606177,0.9,17.7,81.6,1017.0,0.0,11,3,5,16.10996015936255,21.121517027863778
2023-11-05,충남,24.15672235481305,15.794414274631498,3.2,19.0,83.9,1012.0,31.7,11,3,6,29.977606177606177,26.089285714285715
2023-11-06,충남,29.348184818481847,9.834271922767497,6.0,14.6,73.0,1006.0,56.5,11,3,0,15.794414274631498,28.455696202531644
2023-11-07,충남,23.98829431438127,9.70327868852459,3.2,7.2,68.8,1019.3,2.0,11,3,1,9.834271922767497,26.386918833727343
2023-11-08,충남,29.961441743503773,17.021346469622333,1.3,7.9,64.1,1019.5,11.394455994455992,11,3,2,9.70327868852459,20.395648670427075
2023-11-09,충남,35.39237288135593,21.571309424520432,1.7,11.6,81.5,1017.0,8.8,11,3,3,17.021346469622333,14.42730923694779
2023-11-10,충남,20.075533661740558,9.948571428571428,3.4,5.2,54.6,1023.7,11.394455994455992,11,3,4,21.571309424520432,16.10996015936255
2023-11-11,충남,21.032232704402517,12.40546875,1.8,2.9,63.4,1026.3,11.394455994455992,11,3,5,9.948571428571428,29.977606177606177
2023-11-12,충남,21.21293375394322,13.14020139426801,2.0,3.1,64.8,1025.0,0.0,11,3,6,12.40546875,15.794414274631498
2023-11-13,충남,22.593543046357617,13.038211382113822,1.8,2.5,72.8,1025.8,11.394455994455992,11,3,0,13.14020139426801,9.834271922767497
2023-11-14,충남,28.93321917808219,17.661344537815125,1.0,6.5,76.9,1024.1,0.0,11,3,1,13.038211382113822,9.70327868852459
2023-11-15,충남,49.63459915611814,34.92684954280964,0.9,6.8,79.6,1024.9,11.394455994455992,11,3,2,17.661344537815125,17.021346469622333
2023-11-16,충남,45.777869529314614,35.0432612312812,1.1,6.6,90.3,1016.7,13.3,11,3,3,34.92684954280964,21.571309424520432
2023-11-17,충남,16.175424413904608,8.783805668016194,3.4,2.3,77.9,1011.9,5.7,11,3,4,35.0432612312812,9.948571428571428
2023-11-18,충남,22.355345911949687,12.507474429583006,4.1,3.3,66.3,1016.4,0.5,11,3,5,8.783805668016194,12.40546875
2023-11-19,충남,42.570754716981135,22.57435090479937,2.2,7.6,73.8,1015.4,11.394455994455992,11,3,6,12.507474429583006,13.14020139426801
2023-11-20,충남,29.02520325203252,16.296596434359806,1.0,4.9,72.6,1021.0,11.394455994455992,11,3,0,22.57435090479937,13.038211382113822
2023-11-21,충남,36.582381729200655,23.668012924071082,1.0,5.1,77.1,1019.0,11.394455994455992,11,3,1,16.296596434359806,17.661344537815125
2023-11-22,충남,39.304668304668304,25.978030919446706,1.8,9.6,81.3,1013.6,11.394455994455992,11,3,2,23.668012924071082,34.92684954280964
2023-11-23,충남,88.83265637692932,43.56274980015987,3.5,10.4,73.3,1012.3,0.0,11,3,3,25.978030919446706,35.0432612312812
2023-11-24,충남,18.165203511572226,8.335164835164836,4.2,1.3,53.8,1026.5,11.394455994455992,11,3,4,43.56274980015987,8.783805668016194
2023-11-25,충남,19.62773722627737,11.721698113207546,1.8,-0.9,56.0,1030.0,11.394455994455992,11,3,5,8.335164835164836,12.507474429583006
2023-11-26,충남,30.137254901960784,21.24901497241923,0.7,3.8,58.9,1021.8,0.1,11,3,6,11.721698113207546,22.57435090479937
2023-11-27,충남,37.75371900826446,24.842062852538277,2.6,7.7,77.9,1012.0,3.2,11,3,0,21.24901497241923,16.296596434359806
2023-11-28,충남,29.274478330658106,16.78783026421137,2.2,2.6,72.0,1019.1,0.0,11,3,1,24.842062852538277,23.668012924071082
2023-11-29,충남,22.95505617977528,14.948616600790514,2.6,1.9,71.5,1022.5,1.1,11,3,2,16.78783026421137,25.978030919446706
2023-11-30,충남,20.13429256594724,9.35421686746988,3.2,-0.9,59.5,1026.3,11.394455994455992,11,3,3,14.948616600790514,43.56274980015987
2023-12-01,충남,24.76179056754596,13.730462519936204,2.1,-0.6,66.1,1024.0,0.0,12,4,4,9.35421686746988,8.335164835164836
2023-12-02,충남,36.79622344610543,23.032334384858043,1.9,4.3,66.8,1022.2,0.0,12,4,5,13.730462519936204,11.721698113207546
2023-12-03,충남,35.62391817466562,21.85725677830941,1.3,1.0,67.4,1024.1,11.394455994455992,12,4,6,23.032334384858043,21.24901497241923
2023-12-04,충남,37.10573042776433,24.913722267871815,0.9,1.5,81.0,1019.2,11.394455994455992,12,4,0,21.85725677830941,24.842062852538277
2023-12-05,충남,53.70301057770545,35.419275123558485,0.8,5.1,72.5,1014.3,11.394455994455992,12,4,1,24.913722267871815,16.78783026421137
2023-12-06,충남,80.9219917012448,59.66192468619247,3.0,7.1,78.9,1007.8,0.0,12,4,2,35.419275123558485,14.948616600790514
2023-12-07,충남,69.53349282296651,18.086922474549727,2.8,6.7,65.5,1012.6,11.394455994455992,12,4,3,59.66192468619247,9.35421686746988
2023-12-08,충남,86.44647105471847,24.382101167315174,4.5,11.9,78.3,1010.4,11.394455994455992,12,4,4,18.086922474549727,13.730462519936204
2023-12-09,충남,61.482484076433124,25.982825917252146,2.6,13.1,89.8,1014.8,11.394455994455992,12,4,5,24.382101167315174,23.032334384858043
2023-12-10,충남,78.5224358974359,40.7478329393223,2.1,10.8,66.3,1019.6,0.0,12,4,6,25.982825917252146,21.85725677830941
2023-12-11,충남,28.139723801787166,16.152584085315834,3.1,10.4,88.5,1012.6,24.2,12,4,0,40.7478329393223,24.913722267871815
2023-12-12,충남,12.749594813614262,7.061779242174629,2.7,5.6,82.9,1018.0,0.1,12,4,1,16.152584085315834,35.419275123558485
2023-12-13,충남,24.71708912510221,14.724473257698541,1.4,8.0,78.0,1024.4,11.394455994455992,12,4,2,7.061779242174629,59.66192468619247
2023-12-14,충남,17.47242206235012,10.974763406940063,2.9,9.4,86.1,1018.0,22.5,12,4,3,14.724473257698541,18.086922474549727
2023-12-15,충남,9.901913875598087,6.580568720379147,2.5,8.0,93.5,1009.5,38.8,12,4,4,10.974763406940063,24.382101167315174
2023-12-16,충남,20.848412698412698,9.632881085395052,5.6,-2.1,77.8,1020.8,5.5,12,4,5,6.580568720379147,25.982825917252146
2023-12-17,충남,16.854445318646736,10.341894060995184,2.5,-7.1,80.8,1031.3,0.7,12,4,6,9.632881085395052,40.7478329393223
2023-12-18,충남,18.660162601626016,12.33415435139573,2.1,-6.5,62.6,1032.0,0.0,12,4,0,10.341894060995184,16.152584085315834
2023-12-19,충남,29.44802578565673,22.040963855421687,1.3,-2.1,68.9,1025.3,1.1,12,4,1,12.33415435139573,7.061779242174629
2023-12-20,충남,30.852988691437805,21.66373098478783,3.5,-4.9,73.6,1025.0,3.7,12,4,2,22.040963855421687,14.724473257698541
2023-12-21,충남,18.177705977382875,11.906423473433783,3.2,-7.7,75.4,1027.7,1.3,12,4,3,21.66373098478783,10.974763406940063
2023-12-22,충남,21.41062801932367,13.839285714285714,2.4,-8.3,79.5,1033.6,0.6,12,4,4,11.906423473433783,6.580568720379147
2023-12-23,충남,28.62870890136327,20.928627450980393,1.3,-6.3,66.9,1033.7,0.0,12,4,5,13.839285714285714,9.632881085395052
2023-12-24,충남,37.16025641025641,30.84111384111384,1.1,-1.3,81.8,1027.9,0.2,12,4,6,20.928627450980393,10.341894060995184
2023-12-25,충남,39.75240384615385,30.518429487179485,0.8,-1.4,89.5,1026.2,0.7,12,4,0,30.84111384111384,12.33415435139573
2023-12-26,충남,40.38442822384428,28.430781758957654,0.9,1.1,84.6,1026.8,11.394455994455992,12,4,1,30.518429487179485,22.040963855421687
2023-12-27,충남,61.84428223844282,45.968548387096774,0.7,1.2,85.9,1027.6,11.394455994455992,12,4,2,28.430781758957654,21.66373098478783
2023-12-28,충남,62.5008025682183,49.205858421480876,0.6,0.5,88.6,1026.2,11.394455994455992,12,4,3,45.968548387096774,11.906423473433783
2023-12-29,충남,69.00795544948289,53.516572352465644,0.8,2.3,80.0,1024.1,11.394455994455992,12,4,4,49.205858421480876,13.839285714285714
2023-12-30,충남,77.88128930817611,63.86034912718205,1.4,2.2,87.5,1014.2,4.1,12,4,5,53.516572352465644,20.928627450980393
2023-12-31,충남,38.29967948717949,28.594594594594593,2.7,4.3,86.4,1015.6,3.0,12,4,6,63.86034912718205,30.84111384111384
2024-10-01,충남,19.404344193817877,8.436744560838035,2.3,17.8,73.6,1010.0,13.3,10,3,1,28.594594594594593,30.518429487179485
2024-10-02,충남,20.02854671280277,8.96036333608588,2.0,14.3,58.3,1016.4,11.394455994455992,10,3,2,8.436744560838035,28.430781758957654
2024-10-03,충남,20.07508532423208,10.305578011317705,1.5,13.9,71.3,1019.4,11.394455994455992,10,3,3,8.96036333608588,45.968548387096774
2024-10-04,충남,18.895869191049915,10.149959250203748,1.6,16.0,70.4,1021.4,11.394455994455992,10,3,4,10.305578011317705,49.205858421480876
2024-10-05,충남,26.568561872909697,14.666403162055335,1.6,16.7,71.6,1020.3,11.394455994455992,10,3,5,10.149959250203748,53.516572352465644
2024-10-06,충남,27.891576313594662,16.59148264984227,1.1,16.0,86.1,1017.7,0.4,10,3,6,14.666403162055335,63.86034912718205
2024-10-07,충남,37.53236797274276,22.586012861736336,0.9,17.1,81.3,1015.0,11.394455994455992,10,3,0,16.59148264984227,28.594594594594593
2024-10-08,충남,60.2141638225256,36.52784503631961,1.1,16.4,82.3,1014.3,11.394455994455992,10,3,1,22.586012861736336,8.436744560838035
2024-10-09,충남,34.14262295081967,19.27730441518203,1.5,17.8,76.9,1013.1,11.394455994455992,10,3,2,36.52784503631961,8.96036333608588
2024-10-10,충남,25.032828282828284,13.048543689320388,1.1,17.0,82.0,1012.4,3.6,10,3,3,19.27730441518203,10.305578011317705
2024-10-11,충남,37.50692746536267,22.391653290529696,0.9,17.0,78.5,1015.8,11.394455994455992,10,3,4,13.048543689320388,10.149959250203748
2024-10-12,충남,42.141486810551555,25.6050753370341,1.3,16.5,74.6,1020.4,11.394455994455992,10,3,5,22.391653290529696,14.666403162055335
2024-10-13,충남,36.165335463258785,22.196540880503143,1.1,17.4,72.5,1020.0,11.394455994455992,10,3,6,25.6050753370341,16.59148264984227
2024-10-14,충남,22.487367563162184,12.671497584541063,1.0,17.6,87.6,1016.1,2.0,10,3,0,22.196540880503143,22.586012861736336
2024-10-15,충남,15.284023668639053,9.761506276150628,0.7,18.9,92.5,1015.1,14.3,10,3,1,12.671497584541063,36.52784503631961
2024-10-16,충남,38.57615317667537,22.961206896551722,1.2,17.7,85.3,1019.9,11.394455994455992,10,3,2,9.761506276150628,19.27730441518203
2024-10-17,충남,43.211586901763226,23.777504105090312,1.6,18.9,78.4,1018.7,11.394455994455992,10,3,3,22.961206896551722,13.048543689320388
2024-10-18,충남,23.707375099127677,12.403677058353317,1.5,17.8,93.9,1010.3,109.2,10,3,4,23.777504105090312,22.391653290529696
2024-10-19,충남,16.91304347826087,9.416464891041162,3.0,16.6,80.4,1016.0,1.9,10,3,5,12.403677058353317,25.6050753370341
2024-10-20,충남,14.58503937007874,5.562951082598236,3.7,13.6,58.5,1026.5,11.394455994455992,10,3,6,9.416464891041162,22.196540880503143
2024-10-21,충남,23.82825040128411,9.74855252274607,1.7,14.9,72.4,1020.8,0.0,10,3,0,5.562951082598236,12.671497584541063
2024-10-22,충남,15.945350734094617,9.111754966887418,1.8,16.7,92.0,1011.8,4.9,10,3,1,9.74855252274607,9.761506276150628
2024-10-23,충남,20.630769230769232,8.181596091205211,3.5,12.9,73.3,1015.0,0.3,10,3,2,9.111754966887418,22.961206896551722
2024-10-24,충남,31.009577015163607,16.824281150159745,1.3,11.6,78.6,1020.1,11.394455994455992,10,3,3,8.181596091205211,23.777504105090312
2024-10-25,충남,34.95311236863379,19.393819334389857,2.1,14.9,71.1,1021.6,11.394455994455992,10,3,4,16.824281150159745,12.403677058353317
2024-10-26,충남,27.241152263374484,14.821570182394925,1.0,16.6,76.4,1017.6,11.394455994455992,10,3,5,19.393819334389857,9.416464891041162
2024-10-27,충남,31.826371826371826,18.615076182838813,1.3,14.9,86.6,1011.8,0.4,10,3,6,14.821570182394925,5.562951082598236
2024-10-28,충남,41.540049545829895,26.46337448559671,1.4,14.7,80.8,1012.3,11.394455994455992,10,3,0,18.615076182838813,9.74855252274607
2024-10-29,충남,21.397736459175423,10.709437086092715,1.4,16.1,66.9,1015.6,11.394455994455992,10,3,1,26.46337448559671,9.111754966887418
2024-10-30,충남,36.2140522875817,21.736453201970445,1.3,14.4,77.3,1020.1,11.394455994455992,10,3,2,10.709437086092715,8.181596091205211
2024-10-31,충남,41.689156626506026,26.273752012882447,0.9,14.9,75.8,1020.1,11.394455994455992,10,3,3,21.736453201970445,16.824281150159745
2024-11-01,충남,43.83373493975903,29.638263665594856,1.5,14.8,78.6,1016.4,0.0,11,3,4,26.273752012882447,19.393819334389857
2024-11-02,충남,34.405043341213556,20.48341232227488,1.8,17.0,70.4,1015.4,11.394455994455992,11,3,5,29.638263665594856,14.821570182394925
2024-11-03,충남,30.021428571428572,18.416336241078508,1.5,16.0,81.5,1018.9,11.394455994455992,11,3,6,20.48341232227488,18.615076182838813
2024-11-04,충남,30.718218623481782,16.699107866991078,2.3,14.9,70.9,1018.6,1.0,11,3,0,18.416336241078508,26.46337448559671
2024-11-05,충남,26.91404958677686,11.139900662251655,2.2,9.7,57.6,1020.3,11.394455994455992,11,3,1,16.699107866991078,10.709437086092715
2024-11-06,충남,26.53543979504697,13.3691389599318,1.9,7.3,61.3,1024.2,11.394455994455992,11,3,2,11.139900662251655,21.736453201970445
2024-11-07,충남,43.44518828451883,26.12427506213753,1.3,6.4,65.8,1027.2,11.394455994455992,11,3,3,13.3691389599318,26.273752012882447
2024-11-08,충남,53.30713712910986,36.49211356466877,1.4,8.5,66.0,1025.4,11.394455994455992,11,3,4,26.12427506213753,29.638263665594856
2024-11-09,충남,47.4197628458498,32.50116913484022,1.6,12.1,69.5,1023.6,11.394455994455992,11,3,5,36.49211356466877,20.48341232227488
2024-11-10,충남,33.77602523659306,23.185703185703186,1.1,13.6,74.0,1019.5,11.394455994455992,11,3,6,32.50116913484022,18.416336241078508
2024-11-11,충남,52.58420628525383,32.96592709984152,1.0,12.8,77.8,1017.6,11.394455994455992,11,3,0,23.185703185703186,16.699107866991078
2024-11-12,충남,41.59240924092409,26.41801948051948,1.2,12.6,78.4,1017.5,11.394455994455992,11,3,1,32.96592709984152,11.139900662251655
2024-11-13,충남,43.83720930232558,27.272131147540982,1.2,12.3,75.6,1019.4,11.394455994455992,11,3,2,26.41801948051948,13.3691389599318
2024-11-14,충남,40.810147299509005,23.95096463022508,0.8,14.0,81.4,1017.3,0.8,11,3,3,27.272131147540982,26.12427506213753
2024-11-15,충남,25.121236777868184,15.926517571884984,1.4,15.3,79.9,1015.6,5.7,11,3,4,23.95096463022508,36.49211356466877
2024-11-16,충남,24.07705053852527,15.644246353322528,1.4,15.9,80.0,1013.9,1.6,11,3,5,15.926517571884984,32.50116913484022
2024-11-17,충남,21.640098603122432,9.476151980598221,3.8,8.9,48.3,1021.8,11.394455994455992,11,3,6,15.644246353322528,23.185703185703186
2024-11-18,충남,20.546134663341647,9.304847986852916,3.0,3.1,44.0,1030.0,11.394455994455992,11,3,0,9.476151980598221,32.96592709984152
2024-11-19,충남,28.011754827875734,16.997534921939195,1.2,3.6,56.6,1027.1,11.394455994455992,11,3,1,9.304847986852916,26.41801948051948
2024-11-20,충남,41.131736526946106,26.674166666666668,0.8,5.6,82.0,1021.8,2.1,11,3,2,16.997534921939195,27.272131147540982
2024-11-21,충남,51.42431972789116,34.90931989924433,1.4,9.4,78.0,1017.8,0.0,11,3,3,26.674166666666668,23.95096463022508
2024-11-22,충남,31.151515151515152,16.670702179176754,2.2,6.2,57.5,1021.2,11.394455994455992,11,3,4,34.90931989924433,15.926517571884984
2024-11-23,충남,34.72168284789644,21.954833597464344,1.5,4.7,60.4,1024.9,11.394455994455992,11,3,5,16.670702179176754,15.644246353322528
2024-11-24,충남,32.31470829909614,23.183935742971887,1.0,6.0,71.4,1026.4,11.394455994455992,11,3,6,21.954833597464344,9.476151980598221
2024-11-25,충남,30.58478081058726,19.775792038992687,1.8,10.9,63.3,1019.8,0.3,11,3,0,23.183935742971887,9.304847986852916
2024-11-26,충남,16.497066219614418,7.350041084634347,4.3,7.3,72.3,1010.4,27.6,11,3,1,19.775792038992687,16.997534921939195
2024-11-27,충남,15.240101095197979,7.266998341625207,5.1,3.0,68.4,1009.4,8.7,11,3,2,7.350041084634347,26.674166666666668
2024-11-28,충남,18.24896949711459,10.091056910569106,3.2,3.7,81.6,1008.7,10.5,11,3,3,7.266998341625207,34.90931989924433
2024-11-29,충남,23.85275080906149,13.922098569157393,1.8,2.6,83.6,1010.7,3.8,11,3,4,10.091056910569106,16.670702179176754
2024-11-30,충남,22.93322606596943,11.967486122125297,1.1,4.3,83.6,1012.9,0.0,11,3,5,13.922098569157393,21.954833597464344
2023-01-08,충북,90.46717171717172,49.125158027812894,0.3,1.5,62.5,1017.8,11.394455994455992,1,4,6,87.47408343868521,36.75127551020408
2023-01-09,충북,79.25425950196592,37.20576671035386,0.8,2.7,59.9,1017.4,0.0,1,4,0,49.125158027812894,15.01293661060802
2023-01-10,충북,68.58421052631579,39.83684210526316,0.4,1.7,61.4,1021.4,11.394455994455992,1,4,1,37.20576671035386,19.932
2023-01-11,충북,62.8018018018018,41.159120310478656,0.4,2.6,56.6,1019.0,11.394455994455992,1,4,2,39.83684210526316,24.758485639686683
2023-01-12,충북,58.15364238410596,36.81091877496671,0.5,5.5,48.3,1015.1,0.0,1,4,3,41.159120310478656,51.352020860495436
2023-01-13,충북,30.93774834437086,22.651535380507344,0.4,9.4,90.0,1004.1,15.9,1,4,4,36.81091877496671,79.82225063938618
2023-01-14,충북,13.519645120405576,9.72751677852349,0.7,7.6,91.5,1006.4,5.3,1,4,5,22.651535380507344,87.47408343868521
2023-01-15,충북,13.574144486692015,9.69973544973545,1.6,0.7,80.8,1011.2,3.3,1,4,6,9.72751677852349,49.125158027812894
2023-01-16,충북,24.278137128072444,16.111254851228978,1.7,-3.0,59.8,1018.0,0.0,1,4,0,9.69973544973545,37.20576671035386
2023-01-17,충북,37.1025641025641,23.066848567530695,0.9,-2.0,53.9,1019.6,0.0,1,4,1,16.111254851228978,39.83684210526316
2023-01-18,충북,57.48871181938911,30.57636122177955,1.1,0.0,51.9,1019.0,0.0,1,4,2,23.066848567530695,41.159120310478656
2023-01-19,충북,58.24503311258278,26.77615894039735,1.0,0.9,52.5,1016.7,11.394455994455992,1,4,3,30.57636122177955,36.81091877496671
2023-01-20,충북,71.91540404040404,20.705583756345177,2.3,-1.1,46.5,1020.4,0.6,1,4,4,26.77615894039735,22.651535380507344
2023-01-21,충북,26.05176767676768,13.285350318471338,1.0,-3.1,49.1,1023.3,11.394455994455992,1,4,5,20.705583756345177,9.72751677852349
2023-01-22,충북,33.718434343434346,18.57707006369427,1.2,-0.3,52.3,1019.1,11.394455994455992,1,4,6,13.285350318471338,9.69973544973545
2023-01-23,충북,55.97850821744627,30.767383059418457,1.5,0.8,57.5,1015.8,11.394455994455992,1,4,0,18.57707006369427,16.111254851228978
2023-01-24,충북,28.978508217446272,12.315453384418902,3.3,-11.4,53.5,1021.5,0.0,1,4,1,30.767383059418457,23.066848567530695
2023-01-25,충북,23.786188579017264,11.539491298527443,1.5,-11.3,40.9,1023.6,11.394455994455992,1,4,2,12.315453384418902,30.57636122177955
2023-01-26,충북,31.557880055788004,21.60734463276836,1.0,-6.3,72.5,1017.0,1.4,1,4,3,11.539491298527443,26.77615894039735
2023-01-27,충북,35.51881720430107,22.540027137042063,2.0,-6.1,55.0,1015.7,0.0,1,4,4,21.60734463276836,20.705583756345177
2023-01-28,충북,37.3754889178618,15.742819843342037,1.5,-5.4,55.6,1015.5,0.0,1,4,5,22.540027137042063,13.285350318471338
2023-01-29,충북,47.2421875,17.140625,1.5,-0.9,61.5,1012.7,0.0,1,4,6,15.742819843342037,18.57707006369427
2023-01-30,충북,46.819047619047616,17.27482993197279,1.4,0.2,42.5,1016.3,11.394455994455992,1,4,0,17.140625,30.767383059418457
2023-01-31,충북,38.35254691689008,19.036241610738255,0.9,2.5,55.8,1011.5,11.394455994455992,1,4,1,17.27482993197279,12.315453384418902
2023-02-01,충북,52.11082802547771,26.681528662420384,1.8,2.6,54.8,1012.4,11.394455994455992,2,4,2,19.036241610738255,11.539491298527443
2023-02-02,충북,44.525839793281655,20.161498708010335,1.3,-1.0,44.8,1019.5,11.394455994455992,2,4,3,26.681528662420384,21.60734463276836
2023-02-03,충북,46.67175572519084,24.935114503816795,1.0,-0.5,41.8,1016.3,11.394455994455992,2,4,4,20.161498708010335,22.540027137042063
2023-02-04,충북,46.19318181818182,30.859848484848484,0.8,0.1,52.3,1018.1,11.394455994455992,2,4,5,24.935114503816795,15.742819843342037
2023-02-05,충북,68.75600505689002,51.60609911054638,0.5,1.3,59.3,1018.1,11.394455994455992,2,4,6,30.859848484848484,17.140625
2023-02-06,충북,85.7090909090909,62.57832898172324,0.6,2.7,54.4,1015.1,11.394455994455992,2,4,0,51.60609911054638,17.27482993197279
2023-02-07,충북,85.12727272727273,61.21456436931079,0.8,3.7,54.3,1014.1,11.394455994455992,2,4,1,62.57832898172324,19.036241610738255
2023-02-08,충북,86.27107652399481,64.37272727272727,1.0,2.7,55.1,1019.5,11.394455994455992,2,4,2,61.21456436931079,26.681528662420384
2023-02-09,충북,50.73684210526316,35.45646437994723,1.6,3.8,53.3,1019.5,0.8,2,4,3,64.37272727272727,20.161498708010335
2023-02-10,충북,23.993564993564995,18.66924066924067,1.2,3.9,77.9,1013.5,1.8,2,4,4,35.45646437994723,24.935114503816795
2023-02-11,충북,51.75189873417722,42.37596899224806,0.6,1.4,83.9,1016.6,11.394455994455992,2,4,5,18.66924066924067,30.859848484848484
2023-02-12,충북,62.003787878787875,50.55341055341055,0.8,1.7,77.4,1014.4,11.394455994455992,2,4,6,42.37596899224806,51.60609911054638
2023-02-13,충북,37.28252299605782,25.272727272727273,1.4,6.5,60.1,1010.8,11.394455994455992,2,4,0,50.55341055341055,62.57832898172324
2023-02-14,충북,42.159946236559136,28.6765899864682,1.4,2.5,52.3,1015.3,0.0,2,4,1,25.272727272727273,61.21456436931079
2023-02-15,충북,19.776061776061777,12.807741935483872,1.8,3.4,53.3,1021.4,11.394455994455992,2,4,2,28.6765899864682,64.37272727272727
2023-02-16,충북,23.787837837837838,16.193243243243245,1.3,3.5,61.3,1023.2,0.0,2,4,3,12.807741935483872,35.45646437994723
2023-02-17,충북,54.74059662775616,39.15823605706874,0.7,4.8,51.5,1020.1,11.394455994455992,2,4,4,16.193243243243245,18.66924066924067
2023-02-18,충북,76.04040404040404,53.18836915297092,0.9,6.8,47.6,1012.7,0.0,2,4,5,39.15823605706874,42.37596899224806
2023-02-19,충북,46.25,34.2343949044586,1.9,3.6,58.5,1012.7,0.2,2,4,6,53.18836915297092,50.55341055341055
2023-02-20,충북,36.234234234234236,11.356499356499356,2.3,0.2,44.4,1019.4,11.394455994455992,2,4,0,34.2343949044586,25.272727272727273
2023-02-21,충북,33.288633461047255,17.661558109833972,1.4,-0.4,37.4,1027.0,11.394455994455992,2,4,1,11.356499356499356,28.6765899864682
2023-02-22,충북,40.17259552042161,24.638020833333332,1.1,2.1,50.9,1022.8,11.394455994455992,2,4,2,17.661558109833972,12.807741935483872
2023-02-23,충북,50.310967741935485,31.548387096774192,1.2,3.8,48.9,1017.1,11.394455994455992,2,4,3,24.638020833333332,16.193243243243245
2023-02-24,충북,63.49242424242424,40.25126262626262,1.8,4.2,49.3,1017.4,11.394455994455992,2,4,4,31.548387096774192,39.15823605706874
2023-02-25,충북,39.34848484848485,19.970922882427306,1.7,1.2,41.3,1024.7,11.394455994455992,2,4,5,40.25126262626262,53.18836915297092
2023-02-26,충북,38.08712121212121,22.15530303030303,1.1,2.5,36.9,1029.3,11.394455994455992,2,4,6,19.970922882427306,34.2343949044586
2023-02-27,충북,49.031168831168834,32.49935149156939,0.8,4.9,40.6,1026.7,11.394455994455992,2,4,0,22.15530303030303,11.356499356499356
2023-02-28,충북,47.03341902313625,31.666666666666668,1.3,6.4,50.3,1020.0,11.394455994455992,2,4,1,32.49935149156939,17.661558109833972
2023-03-01,충북,47.72979797979798,29.29582806573957,1.7,6.9,51.3,1015.0,11.394455994455992,3,1,2,31.666666666666668,24.638020833333332
2023-03-02,충북,55.82262210796915,12.191025641025641,2.2,2.8,27.3,1020.6,11.394455994455992,3,1,3,29.29582806573957,31.548387096774192
2023-03-03,충북,50.571611253196934,20.64066496163683,1.0,5.0,44.9,1020.8,11.394455994455992,3,1,4,12.191025641025641,40.25126262626262
2023-03-04,충북,76.64772727272727,44.69570707070707,0.6,7.3,51.9,1021.5,11.394455994455992,3,1,5,20.64066496163683,19.970922882427306
2023-03-05,충북,86.29040404040404,55.88257575757576,0.8,8.6,40.9,1019.9,11.394455994455992,3,1,6,44.69570707070707,22.15530303030303
2023-03-06,충북,66.86282051282052,39.42307692307692,1.1,9.5,32.5,1016.3,11.394455994455992,3,1,0,55.88257575757576,32.49935149156939
2023-03-07,충북,71.875,36.455497382198956,1.6,12.5,39.6,1013.2,11.394455994455992,3,1,1,39.42307692307692,31.666666666666668
2023-03-08,충북,64.84346701164294,30.61111111111111,1.3,14.4,41.3,1011.8,11.394455994455992,3,1,2,36.455497382198956,29.29582806573957
2023-03-09,충북,65.34569536423841,30.481530343007915,1.2,14.6,51.3,1008.0,0.0,3,1,3,30.61111111111111,12.191025641025641
2023-03-10,충북,94.86085825747725,36.640156453715775,0.3,15.2,41.6,1011.9,11.394455994455992,3,1,4,30.481530343007915,20.64066496163683
2023-03-11,충북,93.68686868686869,40.156565656565654,1.0,17.4,32.9,1014.3,11.394455994455992,3,1,5,36.640156453715775,44.69570707070707
2023-03-12,충북,61.76923076923077,22.637179487179488,1.7,7.7,54.8,1013.3,9.0,3,1,6,40.156565656565654,55.88257575757576
2023-03-13,충북,37.576470588235296,9.82961992136304,1.6,4.1,28.9,1015.5,11.394455994455992,3,1,0,22.637179487179488,39.42307692307692
2023-03-14,충북,44.95894039735099,12.617529880478088,1.2,10.3,33.9,1011.2,11.394455994455992,3,1,1,9.82961992136304,36.455497382198956
2023-03-15,충북,40.77183833116037,13.782781456953643,1.9,11.6,51.5,1013.2,11.394455994455992,3,1,2,12.617529880478088,30.61111111111111
2023-03-16,충북,72.27676240208878,12.857516339869282,1.6,6.3,28.3,1021.2,11.394455994455992,3,1,3,13.782781456953643,30.481530343007915
2023-03-17,충북,53.53045685279188,17.185279187817258,1.0,7.9,34.6,1016.1,11.394455994455992,3,1,4,12.857516339869282,36.640156453715775
2023-03-18,충북,57.207070707070706,25.780025284450062,1.3,9.2,36.8,1012.0,11.394455994455992,3,1,5,17.185279187817258,40.156565656565654
2023-03-19,충북,80.16434892541088,45.496212121212125,0.8,9.2,38.9,1012.9,11.394455994455992,3,1,6,25.780025284450062,22.637179487179488
2023-03-20,충북,73.80025773195877,44.452319587628864,0.8,11.1,33.8,1008.6,11.394455994455992,3,1,0,45.496212121212125,9.82961992136304
2023-03-21,충북,63.08997429305913,30.168380462724937,0.6,14.1,30.8,1004.6,11.394455994455992,3,1,1,44.452319587628864,12.617529880478088
2023-03-22,충북,53.01811125485123,25.41578947368421,0.8,17.7,39.9,1002.2,0.0,3,1,2,30.168380462724937,13.782781456953643
2023-03-23,충북,70.41374837872893,35.75102599179207,1.2,15.5,63.6,999.7,9.8,3,1,3,25.41578947368421,12.857516339869282
2023-03-24,충북,141.01647655259822,29.03342245989305,0.8,12.9,47.9,1007.9,11.394455994455992,3,1,4,35.75102599179207,17.185279187817258
2023-03-25,충북,73.20886075949367,16.305449936628644,1.3,11.8,61.6,1011.2,11.394455994455992,3,1,5,29.03342245989305,25.780025284450062
2023-03-26,충북,68.4677623261694,18.852272727272727,1.5,10.3,35.9,1010.5,11.394455994455992,3,1,6,16.305449936628644,45.496212121212125
2023-03-27,충북,43.18427835051546,17.135483870967743,1.0,8.1,34.0,1014.8,11.394455994455992,3,1,0,18.852272727272727,44.452319587628864
2023-03-28,충북,82.49061662198392,35.10977242302543,0.8,9.7,42.6,1016.8,11.394455994455992,3,1,1,17.135483870967743,30.168380462724937
2023-03-29,충북,86.33117723156533,38.831824062095734,0.6,12.7,40.4,1015.2,11.394455994455992,3,1,2,35.10977242302543,25.41578947368421
2023-03-30,충북,63.647887323943664,27.704225352112676,0.8,14.6,28.8,1012.3,11.394455994455992,3,1,3,38.831824062095734,35.75102599179207
2023-03-31,충북,73.4955300127714,36.27330779054917,0.7,15.2,31.5,1011.1,11.394455994455992,3,1,4,27.704225352112676,29.03342245989305
2023-04-01,충북,66.09469696969697,34.763888888888886,0.7,17.7,30.1,1008.8,11.394455994455992,4,1,5,36.27330779054917,16.305449936628644
2023-04-02,충북,41.92550505050505,24.504424778761063,2.0,17.7,24.5,1012.1,11.394455994455992,4,1,6,34.763888888888886,18.852272727272727
2023-04-03,충북,45.95953002610966,27.546997389033944,1.7,17.5,26.3,1015.0,11.394455994455992,4,1,0,24.504424778761063,17.135483870967743
2023-04-04,충북,24.61038961038961,12.567496723460026,1.3,16.6,44.3,1011.7,7.9,4,1,1,27.546997389033944,35.10977242302543
2023-04-05,충북,13.240915208613728,8.812320916905444,1.9,13.6,83.0,1002.2,9.1,4,1,2,12.567496723460026,38.831824062095734
2023-04-06,충북,38.76533333333333,31.316353887399465,1.5,9.8,81.6,1004.3,2.8,4,1,3,8.812320916905444,27.704225352112676
2023-04-07,충북,88.27933673469387,57.75672215108835,1.6,9.6,55.9,1007.7,0.0,4,1,4,31.316353887399465,36.27330779054917
2023-04-08,충북,38.438131313131315,7.3441558441558445,1.9,9.2,39.3,1012.5,11.394455994455992,4,1,5,57.75672215108835,34.763888888888886
2023-04-09,충북,60.438131313131315,13.321518987341772,1.2,11.6,43.8,1012.4,11.394455994455992,4,1,6,7.3441558441558445,24.504424778761063
2023-04-10,충북,41.504635761589405,11.674232309746328,1.1,13.8,39.3,1008.4,11.394455994455992,4,1,0,13.321518987341772,27.546997389033944
2023-04-11,충북,47.02066115702479,15.727642276422765,1.9,15.5,60.9,1004.4,0.2,4,1,1,11.674232309746328,12.567496723460026
2023-04-12,충북,290.85464333781965,36.30890052356021,1.5,12.0,27.6,1010.8,11.394455994455992,4,1,2,15.727642276422765,8.812320916905444
2023-04-13,충북,195.765625,33.10580645161291,0.7,14.4,29.1,1010.3,11.394455994455992,4,1,3,36.30890052356021,31.316353887399465
2023-04-14,충북,90.90494791666667,22.95,0.7,17.1,35.6,1005.8,11.394455994455992,4,1,4,33.10580645161291,57.75672215108835
2023-04-15,충북,48.005228758169935,18.907828282828284,0.9,13.9,71.4,997.7,6.4,4,1,5,22.95,7.3441558441558445
2023-04-16,충북,95.54166666666667,28.421717171717173,1.4,11.4,59.0,998.9,0.0,4,1,6,18.907828282828284,13.321518987341772
2023-04-17,충북,81.62837837837837,24.74342105263158,0.9,14.5,46.3,1007.9,11.394455994455992,4,1,0,28.421717171717173,11.674232309746328
2023-04-18,충북,49.121045392022005,18.867823765020027,1.5,14.4,72.6,1004.2,1.4,4,1,1,24.74342105263158,15.727642276422765
2023-04-19,충북,35.31353591160221,15.76336898395722,1.9,20.7,57.9,1002.3,11.394455994455992,4,1,2,18.867823765020027,36.30890052356021
2023-04-20,충북,32.66386554621849,15.098901098901099,1.4,19.9,71.1,1002.7,0.0,4,1,3,15.76336898395722,33.10580645161291
2023-04-21,충북,74.01392757660167,23.56199460916442,1.6,18.3,57.0,1004.5,0.0,4,1,4,15.098901098901099,22.95
2023-04-22,충북,211.19166666666666,36.255376344086024,2.3,16.9,29.4,1012.1,11.394455994455992,4,1,5,23.56199460916442,18.907828282828284
2023-04-23,충북,111.7611111111111,23.918010752688172,1.1,16.8,32.9,1015.6,11.394455994455992,4,1,6,36.255376344086024,28.421717171717173
2023-04-24,충북,38.53138075313807,11.787837837837838,2.0,15.7,38.1,1015.6,11.394455994455992,4,1,0,23.918010752688172,24.74342105263158
2023-04-25,충북,22.214965986394557,11.10435931307794,1.3,10.6,64.8,1008.8,0.7,4,1,1,11.787837837837838,18.867823765020027
2023-04-26,충북,31.84518828451883,17.458839406207826,1.8,10.0,65.0,1007.4,11.394455994455992,4,1,2,11.10435931307794,15.76336898395722
2023-04-27,충북,31.373925501432666,18.408901251738527,1.1,13.6,50.1,1012.9,11.394455994455992,4,1,3,17.458839406207826,15.098901098901099
2023-04-28,충북,39.086021505376344,17.967362924281986,1.3,17.4,50.4,1008.9,0.0,4,1,4,18.408901251738527,23.56199460916442
2023-04-29,충북,36.10618279569893,15.971279373368146,1.7,15.0,73.4,1000.4,1.6,4,1,5,17.967362924281986,36.255376344086024
2023-04-30,충북,41.52150537634409,12.876478318002627,2.5,14.5,54.0,1003.7,11.394455994455992,4,1,6,15.971279373368146,23.918010752688172
2023-05-01,충북,51.21130551816958,19.347712418300652,1.6,15.7,44.3,1010.3,11.394455994455992,5,1,0,12.876478318002627,11.787837837837838
2023-05-02,충북,28.829403606102634,12.13978494623656,0.8,18.3,35.1,1015.0,11.394455994455992,5,1,1,19.347712418300652,11.10435931307794
2023-05-03,충북,35.96306429548564,15.395778364116095,1.3,20.8,39.9,1013.4,11.394455994455992,5,1,2,12.13978494623656,17.458839406207826
2023-05-04,충북,35.01800554016621,16.482526881720432,1.9,21.1,58.8,1006.3,1.7,5,1,3,15.395778364116095,18.408901251738527
2023-05-05,충북,7.921282798833819,4.316498316498317,0.7,20.0,87.8,995.7,60.9,5,1,4,16.482526881720432,17.967362924281986
2023-05-06,충북,5.715350223546944,4.141577060931899,3.9,14.4,86.9,998.3,41.5,5,1,5,4.316498316498317,15.971279373368146
2023-05-07,충북,30.14516129032258,22.372881355932204,2.4,13.0,65.0,1005.2,0.2,5,1,6,4.141577060931899,12.876478318002627
2023-05-08,충북,28.98991354466859,18.212795549374132,1.2,15.1,51.8,1009.5,11.394455994455992,5,1,0,22.372881355932204,19.347712418300652
2023-05-09,충북,40.77369165487978,23.03429355281207,1.1,17.7,46.9,1009.6,11.394455994455992,5,1,1,18.212795549374132,12.13978494623656
2023-05-10,충북,45.75282485875706,25.550666666666668,1.2,18.9,45.1,1009.6,11.394455994455992,5,1,2,23.03429355281207,15.395778364116095
2023-05-11,충북,40.75993883792049,22.76843657817109,1.0,20.4,40.1,1010.7,11.394455994455992,5,1,3,25.550666666666668,16.482526881720432
2023-05-12,충북,38.65367316341829,20.580459770114942,1.2,19.6,43.5,1009.6,11.394455994455992,5,1,4,22.76843657817109,4.316498316498317
2023-05-13,충북,39.92204301075269,22.973958333333332,1.4,19.3,49.3,1005.5,11.394455994455992,5,1,5,20.580459770114942,4.141577060931899
2023-05-14,충북,28.983695652173914,16.829427083333332,1.1,19.3,47.9,1002.3,11.394455994455992,5,1,6,22.973958333333332,22.372881355932204
2023-05-15,충북,33.05196629213483,17.970548862115127,1.2,21.9,47.5,1001.5,11.394455994455992,5,1,0,16.829427083333332,18.212795549374132
2023-05-16,충북,49.989010989010985,24.374501992031874,1.6,24.9,41.1,1003.9,11.394455994455992,5,1,1,17.970548862115127,23.03429355281207
2023-05-17,충북,41.8133514986376,16.062087186261557,1.8,24.6,44.3,1006.0,11.394455994455992,5,1,2,24.374501992031874,25.550666666666668
2023-05-18,충북,29.59550561797753,15.316146540027137,1.8,20.9,60.8,1003.7,11.394455994455992,5,1,3,16.062087186261557,22.76843657817109
2023-05-19,충북,18.356223175965667,10.232394366197184,2.1,21.9,54.4,1002.0,11.394455994455992,5,1,4,15.316146540027137,20.580459770114942
2023-05-20,충북,24.6393001345895,13.46875,1.7,21.8,60.6,1003.5,11.394455994455992,5,1,5,10.232394366197184,22.973958333333332
2023-05-21,충북,60.89784946236559,18.358072916666668,1.9,19.2,63.0,1002.6,11.394455994455992,5,1,6,13.46875,16.829427083333332
2023-05-22,충북,138.7876712328767,34.790823211875846,1.3,18.9,55.9,1001.3,0.5,5,1,0,18.358072916666668,17.970548862115127
2023-05-23,충북,51.73883626522328,17.906701708278582,1.3,19.5,54.8,1003.4,11.394455994455992,5,1,1,34.790823211875846,24.374501992031874
2023-05-24,충북,33.360372340425535,14.770557029177718,1.1,21.3,45.8,1007.4,11.394455994455992,5,1,2,17.906701708278582,16.062087186261557
2023-05-25,충북,35.409574468085104,15.334207077326344,1.4,22.0,40.1,1009.0,11.394455994455992,5,1,3,14.770557029177718,15.316146540027137
2023-05-26,충북,27.49208443271768,12.961538461538462,1.3,22.2,50.1,1011.1,0.3,5,1,4,15.334207077326344,10.232394366197184
2023-05-27,충북,34.538562091503266,20.313924050632913,1.2,20.5,80.3,1010.2,5.4,5,1,5,12.961538461538462,13.46875
2023-05-28,충북,18.0498687664042,11.21195652173913,0.8,20.5,89.1,1005.6,65.6,5,1,6,20.313924050632913,18.358072916666668
2023-05-29,충북,9.147790055248619,4.483306836248013,0.5,21.4,87.5,1003.1,26.1,5,1,0,11.21195652173913,34.790823211875846
2023-05-30,충북,17.98174157303371,7.257686676427525,1.7,22.6,67.1,1003.2,0.2,5,1,1,4.483306836248013,17.906701708278582
2023-05-31,충북,19.765765765765767,8.898959881129272,1.5,23.4,46.5,1003.5,11.394455994455992,5,1,2,7.257686676427525,14.770557029177718
2023-06-01,충북,30.923631123919307,17.180806675938804,1.2,23.5,61.6,998.8,11.394455994455992,6,2,3,8.898959881129272,15.334207077326344
2023-06-02,충북,45.814473684210526,27.505115089514067,1.7,21.9,68.3,995.7,0.0,6,2,4,17.180806675938804,12.961538461538462
2023-06-03,충북,36.579427083333336,18.634177215189872,1.7,22.6,50.3,1001.5,11.394455994455992,6,2,5,27.505115089514067,20.313924050632913
2023-06-04,충북,28.899739583333332,14.585858585858587,1.7,23.2,46.5,1003.8,11.394455994455992,6,2,6,18.634177215189872,11.21195652173913
2023-06-05,충북,28.09090909090909,14.269779507133594,1.8,22.7,54.4,1004.2,11.394455994455992,6,2,0,14.585858585858587,4.483306836248013
2023-06-06,충북,27.49609375,15.6489898989899,1.4,21.8,59.5,1000.4,11.394455994455992,6,2,1,14.269779507133594,7.257686676427525
2023-06-07,충북,33.48560209424084,19.740787801778907,1.5,22.5,64.3,1001.8,11.394455994455992,6,2,2,15.6489898989899,8.898959881129272
2023-06-08,충북,32.7890520694259,20.011612903225807,1.8,23.1,65.6,997.5,0.0,6,2,3,19.740787801778907,17.180806675938804
2023-06-09,충북,25.253691275167785,14.129242819843341,1.6,24.8,49.1,996.8,0.0,6,2,4,20.011612903225807,27.505115089514067
2023-06-10,충북,28.384615384615383,15.396965865992415,1.4,24.6,56.8,997.8,0.0,6,2,5,14.129242819843341,18.634177215189872
2023-06-11,충북,26.970052083333332,16.326582278481013,1.5,23.9,67.1,998.0,0.0,6,2,6,15.396965865992415,14.585858585858587
2023-06-12,충북,30.06896551724138,17.485237483953785,1.2,23.9,61.3,998.4,11.394455994455992,6,2,0,16.326582278481013,14.269779507133594
2023-06-13,충북,32.05151915455746,20.266325224071704,1.5,23.3,60.5,997.2,11.394455994455992,6,2,1,17.485237483953785,15.6489898989899
2023-06-14,충북,29.557486631016044,19.10608020698577,1.2,23.2,60.0,998.8,0.4,6,2,2,20.266325224071704,19.740787801778907
2023-06-15,충북,29.381147540983605,18.615079365079364,1.2,23.4,59.3,1001.6,11.394455994455992,6,2,3,19.10608020698577,20.011612903225807
2023-06-16,충북,35.38120104438642,22.912213740458014,1.2,25.0,54.6,1006.0,11.394455994455992,6,2,4,18.615079365079364,14.129242819843341
2023-06-17,충북,30.02088772845953,19.30506329113924,1.2,25.7,46.3,1005.7,11.394455994455992,6,2,5,22.912213740458014,15.396965865992415
2023-06-18,충북,31.259114583333332,18.709228824273072,1.2,26.6,49.1,1000.4,11.394455994455992,6,2,6,19.30506329113924,16.326582278481013
2023-06-19,충북,38.815642458100555,22.484522207267833,1.6,28.4,49.6,999.2,11.394455994455992,6,2,0,18.709228824273072,17.485237483953785
2023-06-20,충북,21.465734265734266,9.950953678474114,2.0,24.6,54.1,997.4,5.6,6,2,1,22.484522207267833,20.266325224071704
2023-06-21,충북,14.931468531468532,8.39499304589708,1.0,21.6,84.6,994.2,9.1,6,2,2,9.950953678474114,19.10608020698577
2023-06-22,충북,24.414225941422593,14.274695534506089,1.9,23.7,69.3,997.0,1.5,6,2,3,8.39499304589708,18.615079365079364
2023-06-23,충북,26.478021978021978,15.900937081659974,1.3,26.0,62.3,1002.2,11.394455994455992,6,2,4,14.274695534506089,22.912213740458014
2023-06-24,충북,24.774193548387096,13.790091264667536,1.1,27.4,60.3,1006.5,11.394455994455992,6,2,5,15.900937081659974,19.30506329113924
2023-06-25,충북,22.967741935483872,14.238903394255875,1.8,27.6,54.9,1004.7,0.0,6,2,6,13.790091264667536,18.709228824273072
2023-06-26,충북,11.82122905027933,5.781899109792285,1.4,24.6,84.3,999.8,35.1,6,2,0,14.238903394255875,22.484522207267833
2023-06-27,충북,17.852819807427785,9.785714285714286,2.1,26.9,67.4,1001.8,6.2,6,2,1,5.781899109792285,9.950953678474114
2023-06-28,충북,19.023066485753052,10.23643949930459,1.4,25.1,72.4,1001.2,0.4,6,2,2,9.785714285714286,8.39499304589708
2023-06-29,충북,25.32235939643347,14.901823281907433,1.3,25.4,85.0,994.7,39.0,6,2,3,10.23643949930459,14.274695534506089
2023-06-30,충북,16.121584699453553,8.95924308588064,1.2,25.9,82.0,993.6,3.2,6,2,4,14.901823281907433,15.900937081659974
2023-07-01,충북,28.502152080344334,15.045714285714286,1.2,28.7,68.5,998.6,11.394455994455992,7,2,5,8.95924308588064,13.790091264667536
2023-07-02,충북,33.30359712230216,21.818941504178273,1.2,28.5,68.9,1001.2,11.394455994455992,7,2,6,15.045714285714286,14.238903394255875
2023-07-03,충북,32.036827195467424,18.834699453551913,1.3,29.8,60.5,998.4,11.394455994455992,7,2,0,21.818941504178273,5.781899109792285
2023-07-04,충북,23.242914979757085,14.345060893098783,1.4,25.9,79.9,993.6,31.1,7,2,1,18.834699453551913,9.785714285714286
2023-07-05,충북,21.640883977900554,12.407042253521126,2.3,25.5,73.9,989.5,22.3,7,2,2,14.345060893098783,10.23643949930459
2023-07-06,충북,41.743375174337515,18.238866396761132,1.4,27.9,57.3,995.4,11.394455994455992,7,2,3,12.407042253521126,14.901823281907433
2023-07-07,충북,31.6524064171123,14.363994743758212,1.1,23.1,76.9,995.8,35.2,7,2,4,18.238866396761132,8.95924308588064
2023-07-08,충북,12.933423913043478,6.58998646820027,1.0,25.7,77.1,995.6,0.8,7,2,5,14.363994743758212,15.045714285714286
2023-07-09,충북,21.80510752688172,11.00262467191601,1.4,27.5,75.8,995.8,0.0,7,2,6,6.58998646820027,21.818941504178273
2023-07-10,충북,22.300824175824175,12.23404255319149,1.8,27.5,69.6,997.3,22.5,7,2,0,11.00262467191601,18.834699453551913
2023-07-11,충북,19.454301075268816,9.559681697612731,1.1,25.2,81.0,998.8,16.1,7,2,1,12.23404255319149,14.345060893098783
2023-07-12,충북,21.59549071618037,10.607792207792208,1.4,27.7,75.8,998.4,11.394455994455992,7,2,2,9.559681697612731,12.407042253521126
2023-07-13,충북,23.936085219707056,12.30326797385621,0.9,26.3,85.4,997.3,25.6,7,2,3,10.607792207792208,18.238866396761132
2023-07-14,충북,7.602194787379973,4.543413173652695,1.4,25.1,90.6,992.3,171.0,7,2,4,12.30326797385621,14.363994743758212
2023-07-15,충북,11.650134048257373,7.188705234159779,1.1,23.5,90.9,995.0,256.8,7,2,5,4.543413173652695,6.58998646820027
2023-07-16,충북,21.07421875,10.313878080415046,0.7,25.1,84.1,1000.8,1.8,7,2,6,7.188705234159779,11.00262467191601
2023-07-17,충북,14.96707818930041,6.76628895184136,1.2,26.7,81.3,1004.8,7.4,7,2,0,10.313878080415046,12.23404255319149
2023-07-18,충북,8.874260355029586,3.8812709030100336,1.1,24.3,89.4,1003.6,66.9,7,2,1,6.76628895184136,9.559681697612731
2023-07-19,충북,18.099560761347,9.899550224887557,1.5,27.2,70.1,1000.5,11.394455994455992,7,2,2,3.8812709030100336,10.607792207792208
2023-07-20,충북,45.95079594790159,31.135135135135137,1.0,27.9,69.4,1002.2,11.394455994455992,7,2,3,9.899550224887557,12.30326797385621
2023-07-21,충북,48.66355140186916,34.594202898550726,1.0,29.7,64.0,1004.7,11.394455994455992,7,2,4,31.135135135135137,4.543413173652695
2023-07-22,충북,24.379895561357703,16.04419191919192,1.6,27.3,68.3,1005.2,0.3,7,2,5,34.594202898550726,7.188705234159779
2023-07-23,충북,12.8515625,7.257941550190597,0.6,26.0,83.4,1001.5,15.8,7,2,6,16.04419191919192,10.313878080415046
2023-07-24,충북,11.354362416107383,5.15086782376502,0.9,27.4,78.4,1002.1,6.6,7,2,0,7.257941550190597,6.76628895184136
2023-07-25,충북,16.302826379542395,6.545698924731183,1.1,26.8,80.3,1006.1,3.0,7,2,1,5.15086782376502,3.8812709030100336
2023-07-26,충북,14.513262599469495,5.224350205198358,0.9,27.3,78.3,1008.0,7.3,7,2,2,6.545698924731183,9.899550224887557
2023-07-27,충북,17.536784741144412,7.700272479564033,1.0,28.3,75.5,1007.4,6.7,7,2,3,5.224350205198358,31.135135135135137
2023-07-28,충북,22.750993377483443,12.6875,1.1,29.6,70.6,1007.1,1.3,7,2,4,7.700272479564033,34.594202898550726
2023-07-29,충북,31.540364583333332,20.917929292929294,1.0,30.7,66.1,1007.1,11.394455994455992,7,2,5,12.6875,16.04419191919192
2023-07-30,충북,31.359843546284225,21.28607594936709,1.2,29.2,69.4,1006.1,0.0,7,2,6,20.917929292929294,7.257941550190597
2023-07-31,충북,30.986631016042782,20.67616580310881,1.3,29.4,69.9,1005.6,11.394455994455992,7,2,0,21.28607594936709,5.15086782376502
2023-08-01,충북,29.00271370420624,18.8,1.4,30.4,66.8,1003.4,0.0,8,2,1,20.67616580310881,6.545698924731183
2023-08-02,충북,35.6710875331565,23.80952380952381,1.1,30.5,64.5,1000.8,11.394455994455992,8,2,2,18.8,5.224350205198358
2023-08-03,충북,27.45139813581891,17.336774193548386,1.1,30.4,61.6,999.2,11.394455994455992,8,2,3,23.80952380952381,7.700272479564033
2023-08-04,충북,26.589261744966443,16.074122236671002,1.1,31.1,61.4,997.2,11.394455994455992,8,2,4,17.336774193548386,12.6875
2023-08-05,충북,27.513689700130378,17.66919191919192,1.1,31.1,62.4,993.7,11.394455994455992,8,2,5,16.074122236671002,20.917929292929294
2023-08-06,충북,23.470052083333332,14.756313131313131,1.3,31.2,62.9,991.1,0.7,8,2,6,17.66919191919192,21.28607594936709
2023-08-07,충북,15.590604026845638,7.825229960578187,1.5,30.3,66.9,992.3,0.0,8,2,0,14.756313131313131,20.67616580310881
2023-08-08,충북,11.92256341789052,4.958666666666667,2.1,30.6,63.8,995.0,2.3,8,2,1,7.825229960578187,18.8
2023-08-09,충북,10.930041152263374,4.709851551956815,3.4,27.4,74.4,996.0,29.5,8,2,2,4.958666666666667,23.80952380952381
2023-08-10,충북,5.336391437308868,2.8422664624808576,3.6,22.2,89.3,988.2,109.8,8,2,3,4.709851551956815,17.336774193548386
2023-08-11,충북,17.846582984658298,9.251778093883358,1.7,26.3,76.0,993.6,6.0,8,2,4,2.8422664624808576,16.074122236671002
2023-08-12,충북,22.07421875,11.967320261437909,1.1,25.6,75.9,997.1,1.9,8,2,5,9.251778093883358,17.66919191919192
2023-08-13,충북,29.0,16.394630872483223,1.0,28.2,70.9,997.7,11.394455994455992,8,2,6,11.967320261437909,14.756313131313131
2023-08-14,충북,30.727272727272727,18.367706919945725,1.0,29.2,69.6,998.6,11.394455994455992,8,2,0,16.394630872483223,7.825229960578187
2023-08-15,충북,25.322916666666668,14.411533420707732,1.7,29.4,68.5,997.4,11.394455994455992,8,2,1,18.367706919945725,4.958666666666667
2023-08-16,충북,25.10569105691057,14.013422818791947,1.4,28.1,68.4,997.0,11.394455994455992,8,2,2,14.411533420707732,4.709851551956815
2023-08-17,충북,24.229577464788733,14.41018387553041,1.2,28.2,70.4,997.9,11.394455994455992,8,2,3,14.013422818791947,2.8422664624808576
2023-08-18,충북,21.506008010680908,12.485372340425531,1.0,28.1,74.8,999.8,41.2,8,2,4,14.41018387553041,9.251778093883358
2023-08-19,충북,17.48302872062663,9.767926988265971,1.0,29.3,68.1,1002.7,0.0,8,2,5,12.485372340425531,11.967320261437909
2023-08-20,충북,25.141927083333332,15.653298835705046,1.1,29.3,67.0,1004.1,0.0,8,2,6,9.767926988265971,16.394630872483223
2023-08-21,충북,18.255405405405405,10.111553784860558,1.3,30.0,67.6,1000.8,11.394455994455992,8,2,0,15.653298835705046,18.367706919945725
2023-08-22,충북,26.09065934065934,17.15974025974026,1.3,29.0,69.9,997.7,0.0,8,2,1,10.111553784860558,14.411533420707732
2023-08-23,충북,18.016460905349795,10.433734939759036,1.4,27.5,78.6,998.1,26.7,8,2,2,17.15974025974026,14.013422818791947
2023-08-24,충북,10.89041095890411,5.230113636363637,1.3,26.2,86.3,998.9,47.4,8,2,3,10.433734939759036,14.41018387553041
2023-08-25,충북,22.101626016260163,11.985372340425531,1.7,27.2,70.1,1001.1,11.394455994455992,8,2,4,5.230113636363637,12.485372340425531
2023-08-26,충북,33.712220762155056,19.88101265822785,1.1,26.3,70.6,1002.5,11.394455994455992,8,2,5,11.985372340425531,9.767926988265971
2023-08-27,충북,29.221354166666668,17.853350189633375,1.5,27.1,67.1,1001.3,0.0,8,2,6,19.88101265822785,15.653298835705046
2023-08-28,충북,18.536388140161726,10.163157894736843,2.5,27.2,67.5,999.8,0.0,8,2,0,17.853350189633375,10.111553784860558
2023-08-29,충북,15.397058823529411,9.58068783068783,1.6,25.5,80.1,999.1,3.9,8,2,1,10.163157894736843,17.15974025974026
2023-08-30,충북,15.446052631578947,8.194926568758344,0.9,22.3,86.9,1002.7,28.3,8,2,2,9.58068783068783,10.433734939759036
2023-08-31,충북,24.99867374005305,15.137614678899082,0.9,23.6,75.9,1003.8,11.394455994455992,8,2,3,8.194926568758344,5.230113636363637
2023-09-01,충북,28.37467362924282,16.889453621346888,1.6,24.0,68.6,1005.1,11.394455994455992,9,3,4,15.137614678899082,11.985372340425531
2023-09-02,충북,26.42633637548892,15.583333333333334,1.4,25.9,66.9,1004.7,11.394455994455992,9,3,5,16.889453621346888,19.88101265822785
2023-09-03,충북,14.408854166666666,7.428937259923176,1.0,28.1,70.1,1005.0,0.8,9,3,6,15.583333333333334,17.853350189633375
2023-09-04,충북,17.842758620689654,7.987788331071913,1.7,28.5,70.8,1004.8,11.394455994455992,9,3,0,7.428937259923176,10.163157894736843
2023-09-05,충북,18.706666666666667,8.66358839050132,1.6,28.1,64.4,1004.5,11.394455994455992,9,3,1,7.987788331071913,9.58068783068783
2023-09-06,충북,18.762032085561497,9.328912466843502,1.7,27.7,61.5,1004.8,11.394455994455992,9,3,2,8.66358839050132,8.194926568758344
2023-09-07,충북,20.161643835616438,10.584553928095872,2.1,26.2,53.9,1007.4,11.394455994455992,9,3,3,9.328912466843502,15.137614678899082
2023-09-08,충북,18.585561497326204,9.164721141374837,1.4,24.8,56.9,1006.2,11.394455994455992,9,3,4,10.584553928095872,16.889453621346888
2023-09-09,충북,23.977835723598435,12.858585858585858,0.9,25.8,60.8,1004.1,11.394455994455992,9,3,5,9.164721141374837,15.583333333333334
2023-09-10,충북,23.20703125,13.330808080808081,0.9,25.9,63.8,1003.2,11.394455994455992,9,3,6,12.858585858585858,7.428937259923176
2023-09-11,충북,28.322666666666667,16.981912144702843,1.0,26.4,61.1,1002.6,11.394455994455992,9,3,0,13.330808080808081,7.987788331071913
2023-09-12,충북,34.622368421052634,21.607142857142858,1.1,26.1,62.6,1003.8,11.394455994455992,9,3,1,16.981912144702843,8.66358839050132
2023-09-13,충북,23.901986754966888,15.719794344473007,1.7,22.2,85.4,1004.7,29.4,9,3,2,21.607142857142858,9.328912466843502
2023-09-14,충북,11.960490463215258,5.974289580514208,2.2,22.9,81.6,1005.7,3.8,9,3,3,15.719794344473007,10.584553928095872
2023-09-15,충북,11.698826597131681,5.032938076416337,1.4,22.9,86.5,1006.6,12.1,9,3,4,5.974289580514208,9.164721141374837
2023-09-16,충북,10.943271767810026,5.696236559139785,0.9,23.9,86.8,1004.9,84.4,9,3,5,5.032938076416337,12.858585858585858
2023-09-17,충북,12.53715775749674,5.484251968503937,0.8,25.3,79.9,1003.5,8.0,9,3,6,5.696236559139785,13.330808080808081
2023-09-18,충북,16.31909212283044,7.689564068692206,1.0,25.5,76.0,1005.6,11.394455994455992,9,3,0,5.484251968503937,16.981912144702843
2023-09-19,충북,30.580246913580247,18.02785145888594,0.9,24.4,75.4,1007.4,11.394455994455992,9,3,1,7.689564068692206,21.607142857142858
2023-09-20,충북,33.651324965132495,22.86541049798116,2.5,21.5,87.6,1002.5,76.1,9,3,2,18.02785145888594,15.719794344473007
2023-09-21,충북,11.300791556728232,5.347883597883598,2.5,20.0,74.5,1004.1,0.2,9,3,3,22.86541049798116,5.974289580514208
2023-09-22,충북,18.365661861074706,9.586513994910941,1.4,19.9,69.4,1009.1,11.394455994455992,9,3,4,5.347883597883598,5.032938076416337
2023-09-23,충북,18.41796875,10.487373737373737,1.5,21.2,62.8,1012.7,11.394455994455992,9,3,5,9.586513994910941,5.696236559139785
2023-09-24,충북,14.252933507170795,7.25,2.5,21.5,56.6,1012.8,11.394455994455992,9,3,6,10.487373737373737,5.484251968503937
2023-09-25,충북,14.767955801104973,6.446749654218534,1.5,22.3,65.5,1009.1,3.2,9,3,0,7.25,7.689564068692206
2023-09-26,충북,8.69479606188467,5.29645390070922,1.1,21.2,87.5,1005.8,44.5,9,3,1,6.446749654218534,18.02785145888594
2023-09-27,충북,13.03918918918919,7.3563829787234045,1.0,22.3,84.6,1004.5,5.4,9,3,2,5.29645390070922,22.86541049798116
2023-09-28,충북,37.899739583333336,23.728535353535353,1.2,23.1,73.4,1007.1,11.394455994455992,9,3,3,7.3563829787234045,5.347883597883598
2023-09-29,충북,53.359375,33.61868686868687,0.8,21.6,68.0,1007.3,11.394455994455992,9,3,4,23.728535353535353,9.586513994910941
2023-09-30,충북,24.84375,14.378481012658227,1.3,19.6,72.8,1005.0,2.7,9,3,5,33.61868686868687,10.487373737373737
2023-10-01,충북,25.380208333333332,11.128950695322377,1.3,19.4,55.9,1007.6,11.394455994455992,10,3,6,14.378481012658227,7.25
2023-10-02,충북,18.447916666666668,10.70126582278481,1.2,18.1,59.1,1011.2,11.394455994455992,10,3,0,11.128950695322377,6.446749654218534
2023-10-03,충북,19.861979166666668,11.273417721518987,0.9,16.8,69.5,1010.8,11.394455994455992,10,3,1,10.70126582278481,5.29645390070922
2023-10-04,충북,22.806191117092865,13.611688311688312,1.1,18.5,68.8,1007.3,0.0,10,3,2,11.273417721518987,7.3563829787234045
2023-10-05,충북,36.25626740947075,10.647375504710633,1.8,15.7,38.5,1009.6,11.394455994455992,10,3,3,13.611688311688312,23.728535353535353
2023-10-06,충북,25.24021592442645,12.915254237288135,1.0,15.8,53.3,1012.3,11.394455994455992,10,3,4,10.647375504710633,33.61868686868687
2023-10-07,충북,21.915254237288135,12.48611111111111,1.6,17.1,60.8,1014.9,11.394455994455992,10,3,5,12.915254237288135,14.378481012658227
2023-10-08,충북,14.415906127770535,8.020253164556962,2.1,18.4,58.0,1015.5,0.0,10,3,6,12.48611111111111,11.128950695322377
2023-10-09,충북,17.546284224250325,9.024081115335868,1.1,18.1,65.6,1012.7,11.394455994455992,10,3,0,8.020253164556962,10.70126582278481
2023-10-10,충북,20.956164383561642,13.06,1.3,18.0,63.1,1013.8,11.394455994455992,10,3,1,9.024081115335868,11.273417721518987
2023-10-11,충북,24.618384401114206,13.81965006729475,1.3,17.8,60.0,1017.3,11.394455994455992,10,3,2,13.06,13.611688311688312
2023-10-12,충북,25.09116809116809,13.946206896551724,1.2,17.4,58.3,1017.1,11.394455994455992,10,3,3,13.81965006729475,10.647375504710633
2023-10-13,충북,30.97875166002656,18.149484536082475,0.7,17.6,64.1,1010.8,11.394455994455992,10,3,4,13.946206896551724,12.915254237288135
2023-10-14,충북,32.363754889178615,21.50126582278481,0.9,15.3,80.5,1003.4,11.9,10,3,5,18.149484536082475,12.48611111111111
2023-10-15,충북,26.57046979865772,18.87594936708861,1.1,16.0,73.1,1004.4,11.394455994455992,10,3,6,21.50126582278481,8.020253164556962
2023-10-16,충북,35.76933514246947,17.669689119170986,1.1,15.6,60.4,1008.5,11.394455994455992,10,3,0,18.87594936708861,9.024081115335868
2023-10-17,충북,31.043766578249336,14.759114583333334,0.7,14.3,57.1,1012.5,11.394455994455992,10,3,1,17.669689119170986,13.06
2023-10-18,충북,34.023498694516974,18.47457627118644,0.9,15.6,61.8,1012.7,11.394455994455992,10,3,2,14.759114583333334,13.81965006729475
2023-10-19,충북,31.53696498054475,19.837209302325583,0.8,16.1,80.8,1008.9,5.4,10,3,3,18.47457627118644,13.946206896551724
2023-10-20,충북,20.956354300385108,8.766752577319588,2.1,13.0,50.3,1010.3,0.1,10,3,4,19.837209302325583,18.149484536082475
2023-10-21,충북,19.443181818181817,8.451898734177215,1.4,11.5,56.4,1013.8,0.0,10,3,5,8.766752577319588,21.50126582278481
2023-10-22,충북,23.74621212121212,11.89520202020202,0.7,12.9,63.1,1016.5,11.394455994455992,10,3,6,8.451898734177215,18.87594936708861
2023-10-23,충북,33.65300896286812,17.97820512820513,0.6,15.3,69.3,1015.8,11.394455994455992,10,3,0,11.89520202020202,17.669689119170986
2023-10-24,충북,37.87261146496815,24.104591836734695,0.8,14.9,72.9,1013.4,11.394455994455992,10,3,1,17.97820512820513,14.759114583333334
2023-10-25,충북,39.03875968992248,25.844961240310077,0.6,16.2,71.9,1011.2,11.394455994455992,10,3,2,24.104591836734695,18.47457627118644
2023-10-26,충북,51.59735099337748,33.653141361256544,1.3,17.7,73.1,1008.1,11.394455994455992,10,3,3,25.844961240310077,19.837209302325583
2023-10-27,충북,41.59720457433291,22.37913486005089,1.3,15.6,67.1,1007.7,11.394455994455992,10,3,4,33.653141361256544,8.766752577319588
2023-10-28,충북,35.44444444444444,21.224050632911393,0.9,14.1,64.1,1011.6,11.394455994455992,10,3,5,22.37913486005089,8.451898734177215
2023-10-29,충북,32.050632911392405,19.981036662452592,0.9,14.4,60.5,1014.5,11.394455994455992,10,3,6,21.224050632911393,11.89520202020202
2023-10-30,충북,41.75812743823147,24.3573264781491,0.5,15.0,65.1,1015.5,11.394455994455992,10,3,0,19.981036662452592,17.97820512820513
2023-10-31,충북,54.61340206185567,33.61966364812419,0.9,15.7,63.6,1015.0,11.394455994455992,10,3,1,24.3573264781491,24.104591836734695
2023-11-01,충북,50.91370558375635,27.428208386277003,1.5,18.7,69.1,1011.5,11.394455994455992,11,3,2,33.61966364812419,25.844961240310077
2023-11-02,충북,39.038709677419355,20.804627249357328,1.2,20.3,55.3,1010.2,11.394455994455992,11,3,3,27.428208386277003,33.653141361256544
2023-11-03,충북,35.26504481434059,19.105128205128207,1.4,20.4,66.3,1008.9,11.394455994455992,11,3,4,20.804627249357328,22.37913486005089
2023-11-04,충북,35.720606826801514,22.103535353535353,0.9,19.4,77.9,1013.0,0.2,11,3,5,19.105128205128207,21.224050632911393
2023-11-05,충북,19.776515151515152,13.465822784810127,1.6,20.2,71.6,1009.1,3.7,11,3,6,22.103535353535353,19.981036662452592
2023-11-06,충북,20.889473684210525,9.300919842312746,3.0,15.8,68.0,1001.1,14.4,11,3,0,13.465822784810127,24.3573264781491
2023-11-07,충북,21.387755102040817,9.21811224489796,2.0,8.5,55.8,1014.5,0.0,11,3,1,9.300919842312746,33.61966364812419
2023-11-08,충북,27.21475625823452,14.301441677588466,0.9,9.5,56.3,1015.2,11.394455994455992,11,3,2,9.21811224489796,27.428208386277003
2023-11-09,충북,31.589238845144358,17.853976531942635,0.8,13.1,69.0,1013.0,5.8,11,3,3,14.301441677588466,20.804627249357328
2023-11-10,충북,25.25551232166018,14.831387808041505,2.0,6.4,43.0,1018.0,0.1,11,3,4,17.853976531942635,19.105128205128207
2023-11-11,충북,23.132575757575758,14.318181818181818,1.3,3.0,47.8,1021.5,11.394455994455992,11,3,5,14.831387808041505,22.103535353535353
2023-11-12,충북,22.723484848484848,15.292091836734693,1.2,2.8,52.6,1020.4,11.394455994455992,11,3,6,14.318181818181818,13.465822784810127
2023-11-13,충북,24.708549222797927,15.53715775749674,1.1,3.7,52.8,1021.0,11.394455994455992,11,3,0,15.292091836734693,9.300919842312746
2023-11-14,충북,31.013175230566535,19.104084321475625,0.8,6.4,60.8,1019.9,11.394455994455992,11,3,1,15.53715775749674,9.21811224489796
2023-11-15,충북,52.4148244473342,35.29480519480519,0.8,7.6,63.8,1020.7,11.394455994455992,11,3,2,19.104084321475625,14.301441677588466
2023-11-16,충북,54.6822429906542,40.8,0.7,6.3,81.5,1013.1,7.9,11,3,3,35.29480519480519,17.853976531942635
2023-11-17,충북,19.227212681638044,11.890482398956975,1.7,2.9,69.0,1007.2,3.1,11,3,4,40.8,14.831387808041505
2023-11-18,충북,21.950757575757574,13.152777777777779,1.7,2.3,59.6,1011.5,11.394455994455992,11,3,5,11.890482398956975,14.318181818181818
2023-11-19,충북,40.535353535353536,21.818181818181817,1.4,8.3,63.4,1011.1,11.394455994455992,11,3,6,13.152777777777779,15.292091836734693
2023-11-20,충북,36.32047872340426,21.14401076716016,0.7,7.2,49.9,1016.6,11.394455994455992,11,3,0,21.818181818181817,15.53715775749674
2023-11-21,충북,40.26736566186108,24.16937669376694,0.4,7.2,53.0,1014.9,11.394455994455992,11,3,1,21.14401076716016,19.104084321475625
2023-11-22,충북,43.75558475689882,27.69344042838019,0.6,8.8,65.3,1010.0,11.394455994455992,11,3,2,24.16937669376694,35.29480519480519
2023-11-23,충북,71.27175368139224,34.56358768406961,1.7,12.0,57.1,1007.1,0.0,11,3,3,27.69344042838019,40.8
2023-11-24,충북,19.633112582781457,9.79205298013245,2.0,1.3,47.6,1021.3,11.394455994455992,11,3,4,34.56358768406961,11.890482398956975
2023-11-25,충북,21.620733249051835,12.455696202531646,1.3,-0.4,38.4,1025.4,11.394455994455992,11,3,5,9.79205298013245,13.152777777777779
2023-11-26,충북,32.94949494949495,21.560606060606062,0.5,4.6,43.3,1017.8,0.0,11,3,6,12.455696202531646,21.818181818181817
2023-11-27,충북,31.202412868632706,22.056300268096514,0.9,7.6,79.9,1007.9,5.3,11,3,0,21.560606060606062,21.14401076716016
2023-11-28,충북,34.859269282814616,20.679347826086957,1.5,3.9,57.4,1014.3,0.1,11,3,1,22.056300268096514,24.16937669376694
2023-11-29,충북,25.789613848202396,16.830892143808256,1.5,2.3,63.3,1018.0,0.9,11,3,2,20.679347826086957,27.69344042838019
2023-11-30,충북,21.848284960422163,10.708058124174373,1.7,-2.0,49.8,1021.7,0.0,11,3,3,16.830892143808256,34.56358768406961
2023-12-01,충북,25.537579617834396,14.451898734177215,1.4,-1.2,54.1,1019.4,0.0,12,4,4,10.708058124174373,9.79205298013245
2023-12-02,충북,38.91761723700887,23.45304568527919,1.1,2.8,61.6,1018.3,0.0,12,4,5,14.451898734177215,12.455696202531646
2023-12-03,충북,38.34722222222222,23.63510101010101,0.9,3.0,45.9,1019.5,0.0,12,4,6,23.45304568527919,21.560606060606062
2023-12-04,충북,45.683646112600535,30.363270777479894,0.5,2.6,57.5,1015.2,11.394455994455992,12,4,0,23.63510101010101,22.056300268096514
2023-12-05,충북,50.54120879120879,31.796423658872076,0.7,4.7,58.8,1010.9,11.394455994455992,12,4,1,30.363270777479894,20.679347826086957
2023-12-06,충북,74.09041835357625,51.67071524966262,0.9,6.4,68.6,1004.0,0.8,12,4,2,31.796423658872076,16.830892143808256
2023-12-07,충북,61.95528455284553,18.940079893475367,1.7,7.5,50.3,1008.7,11.394455994455992,12,4,3,51.67071524966262,10.708058124174373
2023-12-08,충북,77.73630573248407,23.994904458598725,1.2,12.4,55.9,1007.3,11.394455994455992,12,4,4,18.940079893475367,14.451898734177215
2023-12-09,충북,63.75126262626262,29.011363636363637,0.9,14.9,68.1,1010.7,11.394455994455992,12,4,5,23.994904458598725,23.45304568527919
2023-12-10,충북,64.24873737373737,38.08459595959596,1.1,13.6,72.5,1015.1,11.394455994455992,12,4,6,29.011363636363637,23.63510101010101
2023-12-11,충북,16.982984293193716,8.817320703653586,2.7,12.5,76.6,1008.5,25.3,12,4,0,38.08459595959596,30.363270777479894
2023-12-12,충북,8.973333333333333,4.576271186440678,2.8,7.4,69.5,1013.2,0.0,12,4,1,8.817320703653586,31.796423658872076
2023-12-13,충북,18.116339869281045,9.790513833992096,1.3,9.2,64.4,1020.5,11.394455994455992,12,4,2,4.576271186440678,51.67071524966262
2023-12-14,충북,15.896739130434783,9.146082337317397,1.3,10.8,73.1,1015.0,22.8,12,4,3,9.790513833992096,18.940079893475367
2023-12-15,충북,8.924657534246576,6.30327868852459,1.6,7.6,90.0,1005.2,39.4,12,4,4,9.146082337317397,23.994904458598725
2023-12-16,충북,12.995890410958904,8.29643765903308,2.7,-1.7,78.4,1015.3,4.3,12,4,5,6.30327868852459,29.011363636363637
2023-12-17,충북,15.87890625,10.621997471554995,1.5,-8.1,52.5,1026.9,11.394455994455992,12,4,6,8.29643765903308,38.08459595959596
2023-12-18,충북,19.412955465587043,13.016971279373369,1.3,-6.3,53.6,1027.6,11.394455994455992,12,4,0,10.621997471554995,8.817320703653586
2023-12-19,충북,32.54109589041096,22.77718120805369,0.8,-2.4,54.9,1021.3,0.0,12,4,1,13.016971279373369,4.576271186440678
2023-12-20,충북,39.398123324396785,27.309895833333332,1.6,-5.4,67.3,1020.0,0.2,12,4,2,22.77718120805369,9.790513833992096
2023-12-21,충북,19.221910112359552,12.862825788751715,1.5,-9.4,57.5,1023.2,0.0,12,4,3,27.309895833333332,9.146082337317397
2023-12-22,충북,20.721902017291065,12.576271186440678,1.5,-9.2,50.9,1029.1,11.394455994455992,12,4,4,12.862825788751715,6.30327868852459
2023-12-23,충북,28.60699865410498,19.798177083333332,0.8,-5.7,55.5,1029.8,0.0,12,4,5,12.576271186440678,8.29643765903308
2023-12-24,충북,34.020161290322584,26.811764705882354,0.9,-1.7,69.6,1023.8,0.2,12,4,6,19.798177083333332,10.621997471554995
2023-12-25,충북,44.86810228802153,35.62887989203779,0.8,0.0,79.5,1022.1,0.1,12,4,0,26.811764705882354,13.016971279373369
2023-12-26,충북,44.21081830790569,33.304589707927676,0.7,2.8,70.3,1022.6,11.394455994455992,12,4,1,35.62887989203779,22.77718120805369
2023-12-27,충북,57.056629834254146,41.272851296043655,0.5,2.9,71.3,1023.3,11.394455994455992,12,4,2,33.304589707927676,27.309895833333332
2023-12-28,충북,64.79014084507043,50.09289617486339,0.7,1.7,76.0,1021.7,11.394455994455992,12,4,3,41.272851296043655,12.862825788751715
2023-12-29,충북,68.0098452883263,53.130790190735695,0.8,2.1,70.8,1020.1,11.394455994455992,12,4,4,50.09289617486339,12.576271186440678
2023-12-30,충북,81.56989247311827,65.8109517601043,0.9,0.7,83.0,1011.2,2.2,12,4,5,53.130790190735695,19.798177083333332
2023-12-31,충북,33.59543010752688,27.665354330708663,1.0,4.1,80.8,1011.0,2.0,12,4,6,65.8109517601043,26.811764705882354
2024-10-01,충북,15.726797385620914,8.005102040816327,1.2,18.4,69.1,1005.4,1.4,10,3,1,27.665354330708663,35.62887989203779
2024-10-02,충북,14.61744966442953,7.662303664921466,1.4,15.7,48.6,1011.7,11.394455994455992,10,3,2,8.005102040816327,33.304589707927676
2024-10-03,충북,14.5078125,8.759493670886076,1.6,13.3,78.8,1015.2,3.6,10,3,3,7.662303664921466,41.272851296043655
2024-10-04,충북,11.728232189973614,7.351421188630491,1.1,15.8,74.0,1017.2,11.394455994455992,10,3,4,8.759493670886076,50.09289617486339
2024-10-05,충북,13.899739583333334,8.056890012642224,1.2,17.5,68.0,1016.0,11.394455994455992,10,3,5,7.351421188630491,53.130790190735695
2024-10-06,충북,17.5859375,10.774683544303798,1.3,16.5,79.3,1013.6,0.1,10,3,6,8.056890012642224,65.8109517601043
2024-10-07,충북,31.16260162601626,20.671916010498688,0.8,17.6,78.1,1010.8,0.9,10,3,0,10.774683544303798,27.665354330708663
2024-10-08,충북,38.775372124492556,27.531496062992126,1.1,17.2,75.5,1010.0,0.0,10,3,1,20.671916010498688,8.005102040816327
2024-10-09,충북,17.661458333333332,10.140328697850821,1.2,19.1,62.5,1009.3,11.394455994455992,10,3,2,27.531496062992126,7.662303664921466
2024-10-10,충북,16.04221635883905,8.423076923076923,0.9,18.0,70.0,1008.4,3.2,10,3,3,10.140328697850821,8.759493670886076
2024-10-11,충북,23.51490514905149,14.916120576671036,0.8,17.9,72.0,1011.6,11.394455994455992,10,3,4,8.423076923076923,7.351421188630491
2024-10-12,충북,33.19332406119611,22.570659488559894,0.7,17.8,67.3,1016.2,11.394455994455992,10,3,5,14.916120576671036,8.056890012642224
2024-10-13,충북,23.806944444444444,16.355795148247978,1.2,18.5,64.1,1016.2,11.394455994455992,10,3,6,22.570659488559894,10.774683544303798
2024-10-14,충북,18.65531914893617,10.355281207133059,1.1,18.4,80.6,1012.5,5.0,10,3,0,16.355795148247978,20.671916010498688
2024-10-15,충북,13.850480109739369,8.67989417989418,0.7,18.9,88.3,1010.9,11.6,10,3,1,10.355281207133059,27.531496062992126
2024-10-16,충북,31.531293463143253,19.279840848806366,1.0,19.4,79.0,1015.3,11.394455994455992,10,3,2,8.67989417989418,10.140328697850821
2024-10-17,충북,27.303070761014688,15.033205619412517,1.4,19.1,73.8,1015.1,11.394455994455992,10,3,3,19.279840848806366,8.423076923076923
2024-10-18,충북,22.10435931307794,11.17586649550706,0.7,19.5,84.5,1006.5,69.5,10,3,4,15.033205619412517,14.916120576671036
2024-10-19,충북,8.519154557463672,4.997350993377483,2.3,17.5,80.1,1011.3,6.3,10,3,5,11.17586649550706,22.570659488559894
2024-10-20,충북,12.69921875,4.739018087855297,3.6,13.9,52.5,1023.1,11.394455994455992,10,3,6,4.997350993377483,16.355795148247978
2024-10-21,충북,19.685333333333332,7.773609314359637,1.2,14.7,70.9,1017.0,0.0,10,3,0,4.739018087855297,10.355281207133059
2024-10-22,충북,12.74,7.9751633986928105,0.9,17.2,89.0,1007.8,9.3,10,3,1,7.773609314359637,8.67989417989418
2024-10-23,충북,15.512228260869565,7.4149933065595715,2.1,14.8,63.6,1010.0,0.8,10,3,2,7.9751633986928105,19.279840848806366
2024-10-24,충북,23.463186077643908,14.15953307392996,1.4,13.3,66.3,1015.6,11.394455994455992,10,3,3,7.4149933065595715,15.033205619412517
2024-10-25,충북,23.459060402684564,13.511749347258485,1.6,15.4,65.5,1017.7,11.394455994455992,10,3,4,14.15953307392996,11.17586649550706
2024-10-26,충북,19.247395833333332,10.415189873417722,1.6,17.9,64.3,1013.8,11.394455994455992,10,3,5,13.511749347258485,4.997350993377483
2024-10-27,충북,23.38985313751669,14.343037974683543,0.9,16.2,75.3,1007.6,1.0,10,3,6,10.415189873417722,4.739018087855297
2024-10-28,충북,29.11036339165545,20.562099871959028,1.4,16.0,72.9,1008.4,11.394455994455992,10,3,0,14.343037974683543,7.773609314359637
2024-10-29,충북,16.060773480662984,7.799185888738127,1.2,16.3,59.8,1011.7,0.0,10,3,1,20.562099871959028,7.9751633986928105
2024-10-30,충북,29.563636363636363,17.589115646258502,1.0,16.2,66.6,1015.5,11.394455994455992,10,3,2,7.799185888738127,7.4149933065595715
2024-10-31,충북,33.22853368560106,21.13938618925831,0.9,16.0,64.5,1015.9,11.394455994455992,10,3,3,17.589115646258502,14.15953307392996
2024-11-01,충북,30.089591567852437,19.626598465473144,1.6,14.3,79.0,1012.4,2.2,11,3,4,21.13938618925831,13.511749347258485
2024-11-02,충북,20.83984375,12.6010101010101,1.7,18.1,66.6,1010.8,0.8,11,3,5,19.626598465473144,10.415189873417722
2024-11-03,충북,22.61328125,14.031685678073512,0.8,17.3,68.1,1015.0,11.394455994455992,11,3,6,12.6010101010101,14.343037974683543
2024-11-04,충북,28.01484480431849,16.89501312335958,1.4,15.7,60.8,1013.8,11.394455994455992,11,3,0,14.031685678073512,20.562099871959028
2024-11-05,충북,28.516304347826086,14.531578947368422,1.4,11.0,46.8,1015.2,11.394455994455992,11,3,1,16.89501312335958,7.799185888738127
2024-11-06,충북,25.384831460674157,13.257452574525745,1.1,8.8,45.5,1019.5,11.394455994455992,11,3,2,14.531578947368422,17.589115646258502
2024-11-07,충북,32.901428571428575,20.28551724137931,0.7,8.6,53.5,1022.8,11.394455994455992,11,3,3,13.257452574525745,21.13938618925831
2024-11-08,충북,31.786593707250343,19.64105960264901,0.9,11.5,61.0,1020.9,11.394455994455992,11,3,4,20.28551724137931,19.626598465473144
2024-11-09,충북,29.065274151436032,18.686075949367087,0.8,13.7,65.4,1019.3,11.394455994455992,11,3,5,19.64105960264901,12.6010101010101
2024-11-10,충북,24.13671875,15.589808917197452,0.8,14.5,64.0,1015.3,11.394455994455992,11,3,6,18.686075949367087,14.031685678073512
2024-11-11,충북,33.535135135135135,21.62992125984252,0.5,14.5,65.6,1013.1,11.394455994455992,11,3,0,15.589808917197452,16.89501312335958
2024-11-12,충북,41.22282608695652,26.78421052631579,1.0,14.7,61.0,1012.9,11.394455994455992,11,3,1,21.62992125984252,14.531578947368422
2024-11-13,충북,37.27490039840637,21.478036175710596,0.7,14.5,62.8,1015.3,11.394455994455992,11,3,2,26.78421052631579,13.257452574525745
2024-11-14,충북,30.40945945945946,15.769028871391075,0.7,15.5,65.3,1013.5,0.0,11,3,3,21.478036175710596,20.28551724137931
2024-11-15,충북,23.563157894736843,15.05359477124183,1.3,16.1,65.5,1011.9,2.8,11,3,4,15.769028871391075,19.64105960264901
2024-11-16,충북,21.75390625,13.190104166666666,1.1,17.5,68.9,1009.4,1.9,11,3,5,15.05359477124183,18.686075949367087
2024-11-17,충북,20.55541069100391,12.241153342070774,1.9,9.4,47.6,1016.2,11.394455994455992,11,3,6,13.190104166666666,15.589808917197452
2024-11-18,충북,17.39252336448598,8.957219251336898,1.7,3.9,30.1,1025.0,11.394455994455992,11,3,0,12.241153342070774,21.62992125984252
2024-11-19,충북,22.049202127659573,12.255006675567424,1.1,6.8,49.4,1022.5,11.394455994455992,11,3,1,8.957219251336898,26.78421052631579
2024-11-20,충북,39.76322751322751,24.697089947089946,0.6,7.1,61.4,1017.6,0.0,11,3,2,12.255006675567424,21.478036175710596
2024-11-21,충북,53.6271637816245,35.89054054054054,1.0,10.1,66.3,1013.5,0.0,11,3,3,24.697089947089946,15.769028871391075
2024-11-22,충북,38.014435695538054,24.051930758988014,1.3,7.8,45.9,1016.2,0.0,11,3,4,35.89054054054054,15.05359477124183
2024-11-23,충북,30.076822916666668,20.21409921671018,1.1,6.3,53.1,1020.4,11.394455994455992,11,3,5,24.051930758988014,13.190104166666666
2024-11-24,충북,23.786458333333332,15.967405475880053,0.8,7.4,58.4,1022.4,11.394455994455992,11,3,6,20.21409921671018,12.241153342070774
2024-11-25,충북,25.046703296703296,15.676308539944904,1.6,10.5,58.0,1016.8,0.0,11,3,0,15.967405475880053,8.957219251336898
2024-11-26,충북,13.507649513212796,6.527624309392265,2.4,8.1,69.5,1005.8,21.2,11,3,1,15.676308539944904,12.255006675567424
2024-11-27,충북,10.52443857331572,6.811053984575835,2.1,1.9,81.6,1005.3,7.4,11,3,2,6.527624309392265,24.697089947089946
2024-11-28,충북,14.048582995951417,10.20026350461133,1.4,2.8,80.9,1004.7,4.8,11,3,3,6.811053984575835,35.89054054054054
2024-11-29,충북,24.652,15.75741935483871,1.3,2.5,70.0,1006.5,0.1,11,3,4,10.20026350461133,24.051930758988014
2024-11-30,충북,20.786458333333332,13.205583756345177,0.6,4.6,73.4,1009.1,0.0,11,3,5,15.75741935483871,20.21409921671018
